724011
742272
757864
824346
860280
884442
892246
892479
935411
937820
960155
961275
1088859
1437227
1441237
1452300
1454291
1454654
1609891
1623007
1630254
1636409
1637379
1637415
1638121
1638215
1638760
1643400
1643601
1644119
1656137
1656157
1665640
1666060
1669740
1669741
1694493
1697079
1702832
1706210
1735817
1740194
1798207
1851346
1898850
1927369
1932867
1933404
1933991
1934012
1934022
1934031
1934810
1934819
1934840
1934843
1935016
1935381
1935383
1935463
1935464
1935682
1936012
1936055
1938217
1948071
2002033
2045022
2049132
2070850
2070922
2088499
2088625
2088746
2089687
2089737
2089781
2089803
2094688
2094739
2094802
2095429
2095438
2108687
2117716
2117768
2119747
2124460
2125352
2126453
2127001
2127131
2127173
2127325
2127994
2128151
2128410
2128415
2135517
2135585
2141544
2141739
2142016
2143194
2144803
2145184
2145267
2150555
2150579
2152985
2153192
2154346
2154701
2155944
2156517
2158972
2163574
2164890
2164900
2169538
2172953
2176284
2190622
2190794
2221895
2248619
2257359
2257886
2297261
2340988
2341311
2341337
2443837
2446071
2515787
2516378
2525863
2526019
2655095
2660866
2743408
2743964
2875857
3009417
3016646
3022288
3022345
3031406
3032711
3075050
3091041
3091096
3097021
3097334
3098027
3098033
3098036
3101222
3101229
3112918
3116685
3118071
3161779
3161947
3161968
3162192
3167570
3173257
3173464
3173508
3173577
3173715
3173782
3173963
3177083
3180542
3223681
3268012
3270535
3284362
3284801
3286297
3286302
3286928
3287434
3287969
3289604
3293931
3295481
3298681
3302342
3302371
3322293
3322648
3322748
3342847
3343003
3343085
3343101
3343270
3347752
3347789
3348040
3348729
3353447
3356418
3425930
3429621
3430620
3455442
3455474
3455479
3455493
3455512
3455562
3455673
3455906
3458410
3471854
3480837
3480845
3485661
3499262
3507930
3508186
3508476
3508542
3508624
3508670
3508996
3514719
3514775
3515141
3515364
3515522
3544256
3547255
3569416
3569479
3569560
3616770
3649016
3659505
3665970
3667810
3669066
3684376
3684438
3762794
3797376
3804130
3809568
3824199
3871524
3897928
3933934
3934080
3934216
3937541
3937554
3937579
3947771
3974012
3978644
3985180
3995455
4000178
4005877
4016672
4016673
4016682
4016943
4018346
4018910
4024302
4025200
4025617
4030600
4032283
4052937
4053248
4053344
4053395
4053462
4054031
4055897
4071863
4075301
4106700
4116180
4116432
4116612
4117805
4130582
4134438
4137088
4138174
4142536
4156009
4156448
4167102
4242378
4249280
4254233
4259002
4261962
4264934
4267694
4267721
4267769
4267825
4268657
4269130
4269318
4280207
4287290
4287304
4287565
4287583
4288159
4431927
4458825
4525980
4532407
4545252
4566934
4568270
4578102
4578167
4633269
4633326
4633338
4633538
4636331
4687330
4763968
4764036
4764118
4764377
4764379
4764397
4764517
4807422
4808252
4808696
4827332
4827738
4863103
4864062
4864087
4864197
4983141
5032871
5110018
5126846
5126897
5126925
5149818
5154963
5190174
5190202
5190419
5190420
5191546
5191590
5191591
5191610
5191706
5191783
5191819
5192025
5220693
5268503
5268526
5277162
5321008
5325378
5357050
5381740
5388074
5389206
5392627
5392643
5392659
5396647
5418123
5428463
5428828
5437024
5440938
5510190
5524245
5524919
5525215
5626995
5627157
5627160
5627164
5627166
5627186
5696726
5747460
5761636
5761809
5780300
5780619
5780795
5781332
5781632
5792132
5829489
5899977
5900104
5943512
5967211
6081371
6090930
6094904
6099496
6099729
6099939
6114636
6114747
6135761
6136074
6220971
6294733
6295212
6295403
6295579
6295637
6295826
6295947
6296186
6297480
6299113
6300888
6317661
6322683
6393494
6522661
6576812
6582216
6611018
6613099
6692968
6721772
6758389
6784676
6817199
6832431
6836084
6836085
6911975
6913186
6918252
6930407
6937160
6957616
6957661
6957676
6979522
6980269
6980918
6982304
7016610
7033625
7137603
7158177
7167210
7167513
7167822
7189725
7190810
7221686
7221809
7222124
7273971
7303759
7392787
7496868
7557363
7557630
7557705
7557728
7557954
7582084
7586095
7714929
7756400
7787345
7790344
7796492
7797858
7831369
7832159
7846331
7879694
7898622
7921404
7921906
7924972
7924974
7925000
7971784
7973982
7974203
8003703
8007777
8016842
8016845
8017033
8049249
8049288
8050916
8050920
8051418
8055077
8082339
8174030
8174093
8202557
8202967
8202989
8203016
8203098
8203357
8241330
8321567
8364876
8372084
8372246
8373737
8389074
8420438
8436085
8477309
8482368
8483060
8485259
8493443
8611705
8612445
8633982
8636559
8656643
8656943
8755499
8767230
8770558
8770664
8770954
8772786
8934679
8980919
8981245
8981844
8991864
8991887
8992057
8992639
9015807
9018280
9023274
9023433
9023615
9023685
9023715
9023726
9023739
9023781
9023943
9024312
9024434
9024494
9024522
9092974
9093343
9098264
9142626
9142676
9166520
9167523
9167974
9168438
9183509
9193736
9294108
9305231
9334458
9396259
9412161
9412246
9412362
9434936
9438332
9438390
9438568
9439393
9439815
9439816
9439857
9440149
9440846
9441380
9441449
9441522
9442067
9442077
9447250
9447972
9450376
9451007
9452200
9452954
9453228
9453238
9454914
9455048
9455791
9464183
9464458
9464567
9549132
9561499
9563419
9564302
9564316
9565194
9572789
9581349
9588749
9591593
9593355
9734681
9795867
9795960
9937745
9976571
9978043
10060786
10113551
10159810
10160886
10176085
10200694
10247049
10281983
10382090
10541257
10544042
10575305
10619847
10624383
10756633
10769555
10770582
10770609
10782750
10785508
10785873
10790046
10790102
10824318
10830742
10865134
10952222
11235295
11295079
11544295
11545453
11548370
11561913
11566775
11958821
11966054
11966079
11966940
11967433
11968416
11968515
11968827
11968908
11969031
11969095
11969102
11969145
12177125
12177364
12177398
12177434
12177512
12177865
12177883
12193674
12194438
12225969
12276409
12309411
12400510
12515729
12550636
12551104
12552091
12552101
12578686
12582558
12587585
12587619
12647605
12662595
12662596
12662705
12758680
12801003
12882012
12958886
12974839
12978237
12978565
12979715
13093775
13114726
13114858
13154914
13154917
13154959
13155279
13167235
13261795
13635756
13635827
13806338
13831185
13831189
13831194
13831199
13831367
13915351
13981680
13981704
13981710
13981802
13982450
14029535
14096297
14154349
14178366
14178550
14178898
14178983
14178992
14186284
14188341
14220185
14220609
14446604
14561181
14563909
14564072
14567330
14819356
14898922
14953343
14953349
14953848
14953862
14953937
15007192
15098988
15099261
15099713
15099952
15100102
15100105
15100124
15100218
15100225
15100301
15100368
15101881
15101883
15102614
15104327
15104535
15105850
15110205
15110484
15122720
15205088
15319952
15366473
15366487
15430349
15475008
15515430
15515730
15516781
15568448
15572251
15576542
15579652
15752735
15833079
15835968
15838372
15838661
15864175
15864197
15992426
15995186
15995211
15995330
15995471
16022150
16109309
16125523
16331376
16380015
16380018
16381891
16469660
16543346
16655826
16655876
16655914
16655919
16655921
16656019
16741393
16741816
16746495
16753222
16754599
16754742
16755751
16756228
16758131
16758556
16764627
16769601
16801956
16833512
16837148
16856021
16883577
16984940
16991723
16991833
16992124
17023764
17031823
17033508
17034160
17127441
17127968
17128228
17128797
17136316
17136497
17136687
17152828
17152862
17162766
17163129
17171159
17188389
17188529
17189016
17189101
17189107
17189129
17189144
17189253
17202558
17313853
17319192
17326736
17341950
17375915
17440993
17440996
17460901
17636787
17638539
17638893
17638897
17638965
17639087
17639251
17639255
17639266
17639312
17639344
17639435
17639439
17639503
17639543
17674703
17701961
17744916
17769612
17770599
17770605
17770669
17770703
17770776
17770784
17771086
17771095
17771243
17771247
17771257
17794120
17801251
17803825
17828990
17844419
17846951
17864689
17869713
17874146
17876770
17877361
17882414
17919228
17919488
17932233
17932539
17932722
17932734
17932771
17932842
17932902
17932910
17933507
17933584
17934751
17934822
17934827
17934867
17943707
17983412
18030144
18030846
18033844
18046734
18241188
18262174
18266712
18267119
18293545
18293628
18333851
18348474
18348475
18398257
18398814
18398824
18398825
18509800
18539197
18567760
18595688
18601194
18601549
18643052
18693419
18693589
18694529
18694974
18695692
18705252
18709204
18714775
18721530
18733111
18736678
18741352
18742121
18742802
18743459
18744301
18746758
18748015
18749197
18852841
18861399
18890941
18903603
18904040
18904140
18904221
18904656
18909482
18909711
18909852
18977245
18977302
18977564
18979303
19006838
19008211
19008582
19009128
19010117
19010300
19011265
19042380
19048522
19048608
19048616
19075647
19125029
19125768
19156584
19156617
19156736
19190835
19191051
19191052
19219253
19219545
19219546
19254757
19261703
19293094
19296060
19297138
19297188
19297988
19298013
19298867
19299588
19300967
19301218
19301391
19302300
19302575
19302821
19303330
19304348
19441467
19460898
19468571
19555871
19667460
19690993
19691068
19739803
19766701
19792769
19811889
19882566
19882679
19882752
19882869
19886200
19892021
19901725
19904968
19910787
19926539
19945349
19963586
19981540
19981906
20015995
20050685
20051039
20051185
20051277
20051413
20051522
20051741
20052232
20052234
20052426
20052434
20052471
20052552
20052616
20052716
20052853
20052890
20053003
20053125
20053193
20053218
20053226
20053287
20053481
20053517
20053616
20053658
20053692
20053762
20057363
20081287
20087011
20176368
20184104
20184105
20185805
20194621
20207375
20210182
20232588
20232806
20233264
20233378
20233380
20233521
20233653
20233844
20234143
20234650
20234848
20234947
20235040
20235093
20235180
20235340
20235411
20235926
20236811
20237675
20238616
20244877
20246063
20282556
20282782
20282931
20283110
20370132
20370269
20378946
20379188
20381022
20381850
20406781
20576716
20581661
20607904
20616120
20616772
20706499
20942556
21126538
21246560
21296246
21302123
21375760
21447319
21516966
21518701
21592526
21725176
22114297
22130546
22141310
22144729
22162200
22165051
22170420
22217494
22233240
22233454
22234374
22236536
22236799
22282419
22323756
22544047
22561574
22569111
22575700
22575725
22577623
22577720
22577813
22578053
22578481
22578712
22579467
22579473
22580022
22580028
22580053
22580152
22580155
22580639
22581124
22581149
22581154
22581312
22582197
22582389
22582405
22582419
22582761
22582897
22583159
22583354
22583592
22583801
22583811
22584049
22584209
22586783
22596994
22604453
22605507
22716427
22721386
22737574
22750090
22750312
22754853
22756234
22757116
22757528
22757575
22757649
22785610
22786209
22796841
22856932
22857352
22881661
22912444
22922489
22922732
22925969
22926012
22926125
22926190
22926208
22926298
22946814
23021471
23035525
23220074
23246676
23251657
23314601
23357572
23357824
23384984
23638283
23668669
23672727
23691408
23980327
24083595
24127184
24175653
24441523
24740965
24741305
24744049
24744097
24754045
24754862
24755256
24755265
24763172
24774755
24779887
24784340
24784581
24791592
24795729
24795790
24796046
24796065
24796754
24798610
24798976
24816211
24821439
24824378
24824382
24824391
24832940
24833587
24833660
24834722
24834867
24834934
24834951
24838133
24873933
24874048
24874094
24874132
24874769
24874789
24874801
24875088
24875429
24876750
24877828
24877830
24877945
24878003
24878074
24878827
24878842
24889125
24889694
25357397
25357512
25372117
25435675
25451076
25456546
26232225
26235387
26238230
26340719
26346336
2051145
2110483
2379788
2836194
2836930
2837040
2837905
2838133
2839977
2840320
2841298
3785978
84707
84728
84805
84828
84846
84858
84948
88509
89104
90353
90955
93621
94884
95078
96440
96948
96957
96970
97494
97743
97849
97863
97868
97904
97925
98063
98123
380398
397453
459315
459410
474151
564930
586652
647121
647122
701965
709798
838913
935299
1034644
1136072
1144827
1173004
1222213
1222214
1222216
1244246
1244400
1244572
1245781
1249969
1250111
1250508
1303739
1343951
1370455
1397273
1398075
1425394
1467541
1481018
1801232
1834865
1835122
1861871
1881567
2028070
2198055
2369046
2424577
2424612
2424620
2424703
2425107
2442855
2443513
2497893
2499060
2512622
2529628
2587541
2587656
2587750
2587907
2587948
2587959
2588059
2588588
2588676
2589784
2591459
2592166
2592492
2592848
2593249
2593335
2593903
2593913
2593926
2594046
2594181
2594357
2594664
2594709
2594866
2595965
2603866
2604229
2649943
2736489
2736501
2743103
2781168
2781309
2781519
2784120
2784846
2870538
2968838
2968839
2984785
2988092
2995124
2995125
3011534
3027179
3084587
3095774
3102384
3102536
3107299
3113721
3114509
3114737
3114763
3121666
3134569
3187796
3187813
3187857
3199926
3200849
3262381
3372881
3401385
3401392
3424326
3448361
3448434
3452215
3452216
3454706
3487556
3487557
3547028
3633831
3649921
3850214
3860525
3867889
3867926
3867976
3880276
3880827
3880920
3882686
3883993
3886360
3886640
3886841
3887872
3889379
3889584
3906923
3914979
3920558
3920575
3922748
3954296
3955926
3956280
3956620
3970712
3972228
3978588
3998157
4035861
4042810
4047543
4051686
4112013
4137838
4192348
4232387
4247884
4359494
4360151
4362001
4365191
4373848
4379549
4380046
4380709
4394263
4421529
4428517
4430448
4439376
4451032
4451632
4452177
4452442
4456175
4456187
4456226
4456286
4456356
4456777
4457885
4667898
4667904
4670759
4672085
4672274
4672375
4681273
4687962
4712083
4718587
4729664
4733198
4733702
4733747
4733773
4735883
4741009
4804982
4809240
4809275
4809605
4811706
4830810
4830839
4869530
4871937
4872053
4879840
4916552
4916811
4916939
4928775
4928809
4928821
5073011
5074531
5102855
5105579
5106005
5121822
5144827
5166986
5167686
5245675
5255938
5256118
5256807
5381412
5526279
5528581
5529024
5537917
5541575
5544710
5679826
5741383
5804722
5823313
5823479
5905629
5986250
6031630
6229196
6266052
6266123
6311122
6318903
6346691
6361702
6361711
6369764
6553847
6553864
6595076
6595131
6595169
6595170
6595205
6595286
6596287
6597844
6598079
6598586
6615655
6642605
6652825
6835282
6835496
6841190
6851423
6881509
6881510
6906577
6910286
6911458
6916707
6936972
6957521
6977169
6977641
6977678
7019201
7082976
7083041
7083184
7086980
7087019
7116526
7144705
7211759
7229339
7229815
7243779
7244324
7260905
7265085
7265310
7265631
7293871
7377240
7377332
7385412
7386290
7393923
7394064
7398525
7399251
7399494
7400412
7400445
7400566
7401343
7401360
7401501
7401561
7401715
7401965
7402115
7402831
7402920
7402949
7403760
7403880
7404209
7404701
7523422
7523561
7624397
7634955
7643352
7643978
7646765
7728326
7728557
7743020
7743034
7743445
7743663
7744602
7752688
7752690
7765805
7765877
7765933
7829888
7832474
7834676
7905200
7918608
7919271
7954355
7988582
7992121
8019902
8031018
8036337
8091011
8118160
8119001
8119828
8122275
8145654
8152239
8152421
8152764
8152855
8157316
8165901
8168528
8170127
8292440
8313455
8313456
8314313
8355437
8355565
8355645
8355853
8356235
8356547
8388978
8388987
8389533
8398736
8470948
8471690
8486537
8510146
8525068
8651900
8768564
8768925
8769085
8776929
8832621
8855108
8953706
8953774
8954164
8954415
8954534
8954819
8955354
8994973
9042495
9059358
9060501
9085317
9086055
9121507
9150357
9150391
9152714
9153860
9180570
9205082
9250833
9432450
9438164
9466420
9466421
9471689
9504623
9505068
9505107
9505184
9506622
9513435
9531660
9532738
9533972
9535651
9659142
9716236
9725596
9726240
9726307
9753619
9754740
9754824
9755967
9756265
9756281
9756699
9757132
9757954
9931090
9941122
9941642
9941671
9942589
9942966
9943107
9943173
9943298
9945472
9945597
9948282
10008546
10008956
10009153
10009367
10010387
10164219
10164239
10164642
10165071
10171344
10171571
10272461
10273162
10314874
10360082
10360147
10360225
10428034
10497171
10582850
10596246
10601663
10682463
10715506
10717971
10864948
10864995
10866280
10893869
10940556
10967101
10967132
11325455
11326652
11332902
11332950
11334196
11334832
11335604
11342876
11344732
11344898
11344920
11345017
11345148
11345163
11345272
11345319
11345327
11345385
11345622
11345635
11345683
11345714
11345748
11345811
11346178
11346213
11346286
11346295
11346452
11346459
11346497
11346528
11346544
11346598
11346711
11346893
11346927
11346957
11346968
11348250
11348331
11348335
11348393
11348478
11348486
11348599
11348641
11348785
11348969
11349000
11349066
11349067
11349073
11349083
11349228
11349232
11350742
11351428
11351866
11352313
11352483
11355089
11355847
11370147
11389231
11398759
11411399
11426607
11426713
11435259
11435657
11450879
11473281
11485225
11512968
11512971
11513283
11513601
11514702
11514740
11514888
11514942
11514985
11514986
11527588
11546581
11553042
11566403
11566971
11566974
11665405
11666865
11722211
11725291
11742293
11748109
11748918
11748933
11749022
11749521
11749528
11784081
11784223
11814463
11835189
11840997
11949293
11949702
12022814
12096109
12100438
12105193
12105574
12395274
12396444
12425569
12425661
12439688
12440240
12440930
12520117
12522150
12526852
12533369
12533380
12533418
12533420
12533623
12533750
12543359
12543738
12555897
12561318
12562091
12562125
12562185
12562230
12562347
12564715
12564814
12564846
12564852
12564917
12564955
12565012
12565063
12565224
12565252
12565266
12565501
12565984
12567603
12567757
12567862
12567906
12567988
12567995
12570663
12578277
12584127
12594184
12594777
12595780
12595787
12596197
12599721
12605744
12618786
12733892
12802566
12822336
12934395
13027545
13028093
13028758
13029785
13043706
13227388
13351996
13366237
13366384
13368948
13391757
13391861
13560135
13796327
13811803
13832363
13885645
14021803
14151159
14193784
14216819
14217526
14332431
14332884
14383217
14458726
14538936
14539563
14539609
14625560
14692679
14693650
14693755
14694255
14929754
15103130
15184976
15185314
15226513
15527270
15707502
15947866
16009419
16039958
16400149
16400737
16400799
16444357
16455717
16479361
16546081
16548183
16548196
16573972
16627490
16731708
16760314
16760684
16778138
16778163
16778216
16778483
16778559
16778611
16778634
16778752
16779181
16780696
16780829
16892976
16914966
17136915
17137350
17144978
17173091
17347758
17468331
17479383
17511231
17512265
17580487
17582651
17586264
17586382
17586618
17586974
17587301
17587885
17588194
17588587
17589033
17599849
17602371
17602500
17603444
17603587
17607868
17609365
17778815
17779083
17784764
17813396
17817152
17945989
18039392
18062946
18084466
18167216
18182134
18208979
18394518
18394520
18422846
18423498
18526415
18568046
18576416
18577096
18577121
18577815
18577860
18578070
18578181
18578183
18578298
18578459
18579118
18579169
18579685
18588663
18588805
18589597
18589622
18590218
18591541
18591801
18591853
18592064
18592065
18609071
18610784
18712137
18780350
18780479
18787945
18796565
18812231
18812295
18881844
18896805
18958789
19040951
19045611
19046058
19046154
19046227
19046344
19094332
19094355
19097180
19097588
19197200
19197223
19197466
19197558
19197683
19197751
19197815
19197837
19220869
19244128
19246109
19333837
19491868
19594114
19594196
19594310
19594318
19595323
19595947
19596045
19596584
19596878
19618727
19682003
19691449
19755700
19755887
19756742
19769898
19770238
19770896
19779302
19805180
19814739
19924430
19924432
20061410
20064069
20115777
20201389
20201401
20201403
20210557
20223605
20225891
20225989
20226007
20262624
20294359
20337465
20337686
20337763
20337841
20337885
20337891
20339303
20339305
20339439
20339477
20339555
20339557
20339648
20340090
20340305
20464291
20464355
20527958
20528310
20533052
20533321
20551151
20890406
20895788
20903325
20904685
20904700
20904725
20934287
20960522
20963738
20963758
20963785
21026006
21088501
21088509
21105402
21106100
21106106
21167538
21202548
21267785
21268105
21268413
21279481
21281105
21282001
21282842
21341798
21350971
21352230
21353849
21356672
21358726
21364142
21364757
21364991
21509455
21679423
21730681
21785982
21789614
21789775
21812638
21907292
21907314
21907537
21916446
21918143
21919295
21944234
22045518
22045790
22128891
22137580
22173555
22210117
22233885
22259614
22322244
22328809
22331019
22333985
22334398
22335495
22339966
22345528
22480753
22501874
22525923
22525941
22527166
22527342
22527962
22528746
22528757
22531468
22532104
22532986
22535041
22535071
22536185
22536516
22537967
22538739
22539369
22540402
22540404
22540616
22542037
22542610
22542948
22548024
22548112
22550302
22552091
22554515
22554565
22557285
22557706
22557955
22558383
22558438
22559390
22566937
22569570
22569741
22569993
22570035
22570670
22573058
22573270
22573315
22575050
22575120
22576094
22577619
22577992
22578956
22579833
22585081
22585096
22585601
22585615
22586621
22587785
22591992
22593479
22594104
22595243
22595461
22596724
22597745
22598325
22599039
22601160
22601196
22601738
22601791
22602017
22604241
22605687
22606026
22606793
22608588
22608816
22608973
22609568
22609943
22610794
22610861
22611428
22611731
22612409
22612994
22613105
22616142
22616745
22617561
22617601
22618520
22618641
22636558
22638213
22638281
22639303
22645415
22645467
22646000
22649126
22669899
22801197
23033144
23240043
23398755
23445347
23551132
23791314
23892903
23966190
24032554
24078277
24159079
24285366
24310952
24361699
24370002
24407459
24463361
24463525
24473356
24475703
24538350
24553862
24554396
24559404
24562311
24563183
24566792
24570974
24577960
24580574
24585357
24586390
24587038
24592163
24593627
24595056
24596242
24597393
24597641
24598669
24598825
24599098
24599729
24600495
24600504
24600698
24601001
24601013
24601047
24602260
24602842
24603583
24604616
24604816
24605103
24605158
24605262
24606345
24606370
24606382
24606978
24607162
24607163
24608477
24608533
24609904
24610479
24610670
24611161
24611772
24612775
24612862
24613055
24613063
24613326
24614723
24615215
24615767
24616143
24617457
24617812
24618144
24618668
24618789
24620430
24621273
24621891
24623415
24623635
24626481
24627666
24631335
24631789
24631795
24631796
24631965
24634325
24634338
24639087
24639992
24640775
24649510
24654352
24656059
24656096
24656486
24665943
24679221
24680617
24698910
24741139
24771136
24797540
24797730
24797827
24798226
24799006
24799129
24799533
24799665
24803261
24803860
24804395
24804654
24804692
24805081
24805094
24805793
24806948
24806984
24807002
24807324
24807345
24808078
24808638
24808647
24811390
24811506
24811840
24811842
24812162
24812195
24813156
24814450
25023857
25033460
25079733
25080056
25081160
25082534
25082607
25082610
25082760
25082973
25083136
25083605
25083880
25086030
25088618
25089001
25089139
25089206
25091705
25099893
25100351
25188639
25227087
25227143
25227553
25227788
25296318
25296851
25297342
25297392
25312783
25312860
25314752
25314960
25315554
25315762
25315947
25316038
25322385
25322474
25322544
25322568
25322584
25322593
25322623
25322810
25323383
25324741
25325070
25325096
25325179
25325206
25325271
25325382
25325978
25409407
25601480
25656768
25659278
25659363
25659999
25662044
25662312
25663139
25663501
25663890
25664099
25664121
25664242
25664669
25664968
25715631
25725115
25726044
25726082
25726114
25727919
25760027
25761733
25762043
25952945
26168571
26169099
26169261
26172976
26173030
26173043
26176002
26176171
26269977
26482372
26495670
26511649
26512100
26512133
26512744
26513170
26513379
26560477
26623416
26623424
26623561
26623630
26624220
26624726
26625042
26659780
26723736
26723746
26724050
26724056
26890834
26891399
26930609
27002913
27003059
27003906
27252210
27252211
27252264
27276980
27279378
27279408
27279899
27280985
27281699
27281908
27282576
27318898
27320258
27320291
27323639
27323880
27325186
27326899
27367557
27383917
27388589
27390207
27391730
27615133
27674141
27709730
27709891
27710228
27710448
27710926
27711311
27711324
27711532
27711789
27711889
27712179
27712306
27765282
27776105
27784931
27788347
27790562
27929167
27929254
27932785
27966120
27966478
27976387
27977728
27978079
27978284
27993070
28049887
28128265
28152446
28152641
28237277
28237319
28237322
28237334
28238938
28242929
28242953
28242956
28243051
28245509
28247443
28275014
28357339
28462385
28527575
28584468
28587043
28588224
28656841
28684353
28701989
28787512
28798206
28824638
28828078
28870426
28871417
28871780
28876924
28881321
28891566
28892044
28892202
28892362
28893004
28893142
28894798
28895146
28896031
28896038
28896342
28897289
28898466
28916243
28927033
28927101
28927850
28928081
28941411
28985797
29015029
29100424
29100585
29101727
29104959
29107289
29173739
29174101
29174547
29175711
29175890
29176067
29243429
29249157
29259218
29268358
29270304
29448727
29461237
29461245
29482927
29482942
29488602
29534728
29572685
29572983
29573137
29573188
29573309
29573350
29574274
29574677
29611351
29623814
29704230
29721289
29721905
29721928
29817482
29817626
29817898
29817919
29823695
29977698
30060225
30061214
30103328
30119747
30119864
30159549
30304741
30310062
30405424
30539047
30540881
30544914
30557972
30662215
30733437
30847688
30847923
30847927
30848102
30916271
30916898
31018104
31070514
31070554
31070570
31075632
31082098
31084883
31085014
31090533
31104342
31113694
31113905
31114129
31117252
31118419
31118433
31119051
31119271
31131628
31134042
31153437
31186613
31186631
31186734
31186775
31187378
31237578
31238556
31239066
31239163
31240106
31271089
31271142
31271457
31271933
31280355
31289026
31301770
31302119
31404532
31404604
31461844
31461974
31498380
31526715
31570044
31571248
31620081
31821922
31839191
31913147
31913149
31962759
31962840
32118501
32156977
32181633
32195577
32200360
32205515
32238190
32281662
32311438
32320501
32345126
32345580
32345726
32346605
32346697
32347108
32347368
32348075
32348135
32351940
32351974
32351983
32353083
32353948
32354041
32354122
32354150
32356157
32356475
32381802
32382706
32382975
32383799
32383945
32385462
32385774
32387435
32387479
32387605
32387629
32392537
32394561
32409290
32411935
32412094
32412096
32412183
32412223
32412350
32417748
32424578
32425725
32428401
32433887
32444418
32455394
32461305
32461390
32463591
32464260
32464450
32464463
32464979
32464985
32465098
32465116
32465145
32465172
32465224
32465227
32465238
32465279
32465282
32465288
32465300
32465314
32465320
32465350
32465351
32465353
32465458
32472788
32627396
32664778
32665208
32665611
32667283
32709882
32715064
32774209
33041119
33049477
33055421
33089597
33140318
33140321
33140322
33159134
33159506
33159517
33196449
33251652
33339464
33340795
33544170
33770647
33775287
33907355
33912743
33915700
33929243
34652153
34991601
35160823
35184165
35188064
35190643
132514
132695
146101
173498
181084
208341
208527
220087
234629
402325
527528
562850
592572
609245
612891
627301
629265
640735
641533
662458
674166
674390
675184
677065
699958
709341
735655
735742
738505
776748
801711
803462
805851
806395
818934
847120
847373
850159
1014065
1028884
1032903
1036029
1040379
1040389
1040391
1048832
1055215
1067961
1070091
1071138
1090653
1101953
1105695
1288041
1310850
1310860
1395495
1396308
1411135
1431439
1534339
1593413
1691333
1702713
1714380
1731647
1744637
1744761
1773649
1804470
1804474
1870252
1888392
1928328
1937181
2103342
2104774
2104786
2135014
2145380
2145413
2145758
2145905
2147401
2163625
2164591
2276757
2335192
2335220
2335221
2373968
2407931
2424767
2424925
2425588
2425864
2430014
2455552
2461805
2470466
2470475
2508507
2616897
2671028
2671029
2671668
2671783
2672400
2672482
2672487
2672489
2672764
2703934
2715354
2766086
2806040
2806203
2806280
2806370
2817738
2817806
2822917
2822951
2823080
2823525
2824422
2825263
2834839
2842430
2874379
2901048
2915748
2948370
2964707
2982897
2983916
3002943
3005115
3005397
3024804
3027648
3070157
3086076
3329711
3351416
3351417
3351474
3351557
3351890
3351936
3352677
3352802
3353255
3353469
3353546
3353553
3353747
3353973
3354568
3420710
3463731
3468265
3468415
3469108
3469131
3474267
3474420
3563380
3590700
3625726
3627995
3631070
3636167
3663327
3669842
3813134
3979099
3979225
3980307
3980335
4025910
4029601
4031387
4036716
4044234
4044309
4051156
4061030
4063871
4064037
4067520
4067571
4067606
4178997
4179842
4222579
4240687
4244966
4245140
4249652
4348878
4360579
4361120
4388224
4393361
4396147
4396160
4397064
4397151
4397475
4397575
4398004
4407382
4407590
4426833
4431857
4432228
4432240
4474654
4484889
4490861
4622919
4628687
4693280
4693909
4696009
4696434
4697570
4704436
4704529
4705868
4706074
4706089
4706253
4706937
4746475
4778254
4819762
4861305
4997174
5015469
5016100
5020135
5020887
5066760
5088154
5105187
5160624
5202780
5202781
5202840
5202841
5203352
5210973
5211001
5236123
5236172
5238976
5254018
5254025
5311330
5329439
5346142
5427410
5436634
5465698
5492467
5507970
5508792
5595925
5626423
5688911
5689232
5709119
5734384
5735908
5838752
5847896
5893017
5893471
5893573
5923482
5958914
5959018
5973784
5974437
5994338
6030062
6049792
6051009
6053602
6067560
6067805
6067901
6067925
6067942
6068290
6068931
6070128
6070336
6070479
6098041
6109121
6109808
6127308
6127582
6158038
6159029
6159230
6159516
6159559
6166912
6177816
6179236
6188099
6290202
6328583
6348485
6352599
6352821
6353438
6353466
6353758
6353907
6353952
6353967
6353969
6354113
6354356
6354581
6355057
6432749
6432775
6460675
6593556
6649427
6678037
6678161
6678186
6678201
6678357
6679071
6694391
6694504
6708540
6721128
6721904
6733358
6734621
6737065
6745466
6746102
6749641
6751936
6752028
6752035
6752037
6752355
6752632
6752918
6753071
6764088
6767414
6767453
6767590
6767592
6767646
6767702
6767793
6768148
6774756
6774837
6775442
6775457
6775575
6775663
6795773
6795947
6798081
6798094
6798318
6798567
6798698
6802147
6813579
6814517
6814553
6814579
6822442
6841464
6843408
6844633
6845049
6845145
6845354
6845460
6845473
6845506
6882465
6893516
6894236
6916292
6917249
6919713
6942132
6945632
6945831
6945832
6946540
6947369
6951786
6951796
6952586
6964558
6964608
7010666
7099983
7116296
7204616
7221187
7223563
7263672
7266449
7269971
7279762
7285759
7301334
7313396
7351780
7371048
7382515
7410351
7410353
7417338
7431716
7598670
7620799
7654475
7672742
7673618
7673961
7674749
7675493
7675690
7679071
7680222
7680252
7681447
7681629
7684435
7685718
7690177
7702821
7704104
7707379
7711535
7712013
7717068
7717148
7719440
7744758
7849536
7851430
7851618
7852531
7852968
7853853
7856019
7860141
7860451
7878506
7892483
7892791
7907113
7917624
7922680
7948452
7949225
7973656
7973744
7981061
7999662
8033247
8033263
8033936
8034755
8034830
8035086
8035992
8036055
8064755
8179426
8180555
8180648
8180736
8360588
8478523
8492196
8590183
8813103
8844572
8970252
8974741
9027346
9114503
9140150
9157166
9216866
9219477
9219959
9267437
9378888
9379325
9379649
9387908
9388535
9388558
9388758
9388896
9388985
9388995
9389375
9398684
9399055
9399092
9399212
9399681
9401127
9401216
9401372
9401397
9401487
9401489
9401499
9402261
9402292
9410908
9410965
9411501
9411658
9411951
9412567
9414718
9495737
9523512
9555784
9592946
9593144
9593522
9593592
9614191
9614634
9696092
9698239
9721635
9723231
9723329
9727125
9727377
9741452
9791662
9791834
9791965
9792097
9792310
9825505
9851469
9852080
9852697
9852903
9856842
9868536
9870196
9881568
9882062
9891799
9893295
9893415
9951791
9951801
10125474
10125616
10150287
10207253
10207263
10350728
10476233
10544816
10713917
10724001
10753912
10808748
10833110
10837197
10845749
10862271
10933765
10933766
10976194
11158091
11359176
11359186
11372057
11388454
11564325
11761712
11828209
11828605
11828835
11828955
11829273
11829617
11829830
11829933
11830148
11830228
11830269
11830317
11830318
11857123
11857833
11858400
11858463
11858477
11858478
11858941
11861475
11865122
11865142
11865600
11866505
11866753
11876804
11877003
11877698
11878447
11938102
11939255
11939271
11939476
11976404
11992019
11992321
11992334
12016328
12054307
12056928
12074783
12074806
12074807
12074915
12080337
12127844
12211415
12221818
12222551
12222848
12225605
12228471
12389223
12395470
12398614
12400270
12409080
12458324
12458452
12525654
12533638
12533642
12540051
12541773
12571084
12578211
12578213
12579029
12579090
12589427
12589683
12593397
12626489
12782708
12808356
12808556
12808758
12846262
12860225
12901895
13005322
13056301
13088064
13089952
13091158
13106099
13161576
13165185
13194456
13216523
13241953
13242926
13243862
13247959
13273762
13298837
13299309
13309885
13320201
13353444
13361220
13362335
13435038
13535452
13543229
13570249
13600724
13610810
13611996
13672930
13684231
13687936
13688037
13688042
13790695
13791003
13815910
13844800
13846832
13891215
13895492
13914193
13914242
13919779
13919781
13964307
14020182
14209319
14211571
14214756
14214873
14249810
14251150
14251520
14261056
14261084
14261522
14369617
14382247
14621246
14641726
14641761
14675199
14681444
14699765
14717551
14728641
14775143
14778085
14804904
14804946
14825339
14908946
14921234
14922683
14923257
14943299
14945630
14947232
14947400
14949977
14952118
14952613
14961518
14980924
14981111
15013502
15052148
15088699
15088897
15088910
15088911
15089103
15090130
15093327
15098242
15099461
15126993
15129748
15129799
15130063
15152092
15214982
15215218
15216692
15284715
15284721
15284742
15284861
15334106
15358237
15358719
15358747
15368479
15370274
15378172
15379017
15380668
15380719
15380921
15423377
15425443
15487909
15525832
15536239
15595733
15597184
15737375
15752780
15767728
15774232
15778351
15778435
15780148
15780416
15805200
15805261
15805343
15805348
15805350
15805554
15805568
15805589
15805594
15805723
15807469
15807588
15807719
15808213
15808227
15809652
15810056
15810981
15816087
15823521
15835013
15840917
15855244
16075095
16081112
16081242
16084847
16085132
16085424
16087549
16089237
16105420
16106030
16107610
16110939
16111012
16116942
16411220
16467877
16550672
16553101
16554360
16557942
16558670
16683574
16684498
16684526
16686155
16686371
16686446
16687549
16687663
16687703
16687864
16688332
16689008
16689086
16689399
16689400
16689403
16695610
16695611
16705096
16705308
16737386
16760996
16788217
16790257
16791107
16832243
16832274
16832821
16835118
16835514
16835517
16835538
16936586
16989827
16992767
16993263
16993445
16993742
16993795
16994805
16995883
16996016
16996091
16996323
16998442
16998692
17000210
17000495
17001010
17001461
17001894
17001940
17002020
17002497
17002500
17002509
17002512
17002514
17002791
17002872
17003745
17003956
17004319
17004332
17004915
17005032
17005033
17005067
17005529
17010008
17010867
17011522
17013729
17023114
17024042
17026041
17026077
17026217
17030349
17030611
17032282
17032383
17032906
17045337
17060197
17062341
17062451
17109754
17110143
17112629
17114985
17115189
17115356
17115465
17116293
17116584
17118650
17144581
17148125
17149003
17184580
17232931
17238300
17363021
17363646
17439650
17469732
17471088
17475988
17549826
17554822
17555116
17555337
17644564
17720591
17771577
17852528
17852546
17942660
17961613
17961833
17962507
17963154
17965322
18054386
18174667
18206661
18206989
18207452
18207595
18208883
18209807
18210010
18210650
18211430
18212988
18214471
18215282
18215288
18216833
18217541
18217596
18218550
18219427
18231706
18231825
18231840
18231855
18237814
18238120
18239289
18239653
18240176
18240226
18240306
18269252
18453865
18453867
18458744
18466004
18473391
18477143
18477584
18477591
18478792
18479188
18479733
18479847
18479904
18688485
18766304
18796680
18796787
18796959
18828775
18935695
18980903
19053857
19088634
19088967
19095483
19095880
19097260
19107120
19123345
19123692
19123705
19123902
19124057
19124304
19144204
19173249
19195053
19196195
19196229
19196345
19199394
19199442
19199451
19199489
19199516
19199572
19200592
19201157
19202140
19202997
19204636
19204845
19204959
19204974
19205144
19205241
19205262
19205783
19206689
19206785
19207091
19207280
19207403
19213531
19213763
19214274
19306798
19329924
19335289
19389320
19389322
19441265
19441840
19479808
19483006
19706050
19719288
19719838
19720757
19737982
19766704
19788585
19790391
19851951
20101467
20123869
20124183
20155202
20239312
20252658
20329516
20329574
20330083
20331502
20331516
20341119
20377045
20377666
20412806
20413546
20413680
20454201
20594839
20596310
20715995
20716041
20716166
20812895
20962968
20981737
20981799
20982543
20982683
21193994
21272676
21655673
21661769
21687367
21955749
22008533
22069748
22130929
22141810
22160208
22175475
22195606
22202638
22206006
22256181
22411252
22490264
22531276
22542914
22546934
22548058
22549303
22554827
22555336
22560463
22569350
22572209
22573486
22573633
22577107
22580306
22581820
22582014
22598634
22604110
22605164
22606994
22611186
22611409
22612514
22614634
22628853
22632518
22634987
22640514
22644391
22644460
22650704
22654655
22680746
22681070
22683733
22697522
22697756
22697903
22700831
22701740
22703798
22705507
22708071
22708359
22709182
22710431
22713455
22774636
22796116
22797353
22858009
22888972
22896068
22922159
23094291
23119958
23347333
23429783
23442635
23466635
24861163
24895218
24895352
24897770
24898193
24919101
24919429
24951306
24970534
24974386
24984482
24990280
24997785
25002968
25008537
25040162
25049215
25050547
25053279
25066342
25079878
25080239
25097607
25103725
25198514
25204184
25205072
25205407
25205843
25227189
25227437
25253822
25316544
25371343
25371733
25371827
25436989
25438006
25438434
25439367
25442714
25448030
25494182
25522305
25745312
25827025
25828135
26069834
26070170
26073573
26081976
26211640
26214834
26268588
26297089
26297506
26350077
26358245
26358823
26359082
26479150
26479443
26538796
26539954
26540392
26540983
26541117
26541122
26742638
26813350
26868455
26886097
26886878
26888085
26888204
26899784
26942507
26980921
26980924
26981075
27002522
27169553
27190298
27194279
27194303
27194555
27194565
27194653
27194671
27194765
27195348
27227801
27278524
27322676
27328775
27357963
27386369
27386425
27424525
27474499
27475274
27475442
27509649
27511788
27515487
27516888
27525060
27550050
27622086
27652924
27654060
27654165
27671121
27790874
27878550
27904637
27927561
27962584
28015537
28117527
28122470
28122810
28158739
28158748
28187263
28228389
28238130
28327612
28377620
28487119
28489330
28490021
28490262
28492199
28536754
28537266
28537894
28538019
28572800
28652133
28653954
28654701
28655085
28655340
28792102
28799269
28799335
28799487
28799611
28800082
28809277
28819635
28821096
28827119
28838429
28868310
28897516
29053767
29244393
29349089
29349905
29363075
29427145
29432187
29432216
29471385
29474709
29475078
29537266
29564305
29584697
29632130
29648110
29677880
29684626
29686887
29957644
30022356
30023541
30118093
30121865
30134018
30134316
30134323
30134353
30184069
30434654
30472532
30507444
30509561
30560429
30562353
30562437
30562440
30562860
30563028
30563317
30563626
30563670
30563686
30563793
30588386
30594146
30610750
30610762
30611832
30612065
30613248
30618601
30623436
30623556
30623628
30642548
30650750
30665126
30668206
30668511
30669430
30669631
30669649
30670133
30670906
30698862
30877071
30877274
30877463
30971412
30976685
31035743
31035818
31035852
31036496
31038374
31040264
31043665
31044077
31052568
31052621
31052878
31053095
31053096
31053110
31053277
31055770
31055917
31055954
31056048
31056102
31057539
31057774
31057782
31066698
31106693
31106697
31107233
31107302
31107410
31108048
31108217
31108603
31108636
31108799
31108923
31108940
31109025
31109743
31111045
31111186
31121693
31569424
31639078
31639086
31796889
31925162
31972750
31974520
31978908
31981977
31982079
31983090
31984624
31989226
31989832
31989938
31989972
31991035
31992097
31992283
31997994
31997997
32000388
32189334
32190385
32199914
32200103
32329783
32347645
32449985
32450276
32491550
32491704
32491892
32492844
32493034
32493134
32493315
32493853
32494932
32500238
32518075
32518352
32691394
32904690
32904915
32960504
33040286
33089295
33089412
33089594
33089670
33089726
33090135
33092301
33092394
33092519
33092733
33092751
33092973
33236114
33236121
33236159
33236239
33236244
33236264
33236464
33238900
33263655
33327848
33329388
33330876
33330923
33331049
33331386
33331458
33331464
33331713
33338106
33351307
33372073
33420100
33420257
33430545
33448259
33509882
33545366
33545432
33581565
33584705
33584711
33586826
33589355
33589386
33591351
33591763
33591941
33592045
33592166
33592170
33593973
33594135
33594338
33594630
33594715
33594722
33594805
33595368
33595456
33595545
33595588
33595940
33596029
33596092
33596198
33596210
33596956
33597092
33597098
33597142
33597182
33597290
33597303
33597368
33597383
33597390
33597428
33597474
33597494
33597542
33604498
33604553
33618602
33628090
33632749
33652091
33674639
33683625
33684396
33689843
33689882
33691845
33743480
33752621
33753951
33821168
33880018
33884818
33885278
33885977
33925315
33925999
33932921
33941357
34033309
34033318
34087341
34090090
34090093
34090107
34112944
34197541
34198678
34199497
34209144
34209352
34210371
34210575
34210659
34224069
34243024
34316672
34462179
34466364
34494877
34494994
34506778
34512565
34546605
34546607
34548923
34559104
34571106
34574633
34578274
34585304
34599744
34607426
34615031
34629565
34776137
34796225
34911227
34976144
34976411
34976803
34997772
35024697
35026546
35060245
35065052
35083212
35083218
35085971
35086174
35091177
35093078
35122359
35205038
35229382
35280983
35299458
35341109
35431424
35433589
35524923
35525084
35525759
35526041
35526752
35526762
35607626
35635480
35635591
35635681
35788917
35808504
35808551
35808567
35808942
35809441
35809522
35814277
35814482
35814511
35814990
35815374
35815375
35815577
35816025
35816242
35837676
35879648
35879760
35879812
35880247
35880402
35880441
35880488
35880504
35880584
35880602
35881740
35899985
35901690
35935490
35940200
35949033
35949120
35949286
35949335
35949376
35949379
35949462
35951161
35951199
35999993
36260939
36402893
36409462
36412051
36412255
36412816
36413085
36414149
36414162
36416264
36423971
36459301
36500713
36555798
36562377
36562451
36562529
36562530
36562544
36562899
36562906
36563452
36563666
36563805
36564470
36569539
36569586
36585581
36595395
36597177
36610141
36657635
36722239
36728753
36728830
36732055
36733290
36734851
36735088
36735117
36736897
36736933
36737449
36737453
36737455
36738212
36739976
36741620
36742739
36745085
36745086
36745365
36745373
36745441
36745587
36745608
36745696
36745698
36747002
36747980
36779258
36864997
36865304
36871486
36921311
36921520
36921550
36921551
36922027
36938581
36943961
36947153
36962021
36962561
36965667
36973234
36973849
36973870
36976612
37015199
37016996
37022769
37023050
37023109
37023301
37024737
37025335
37025796
37026337
37028041
37029643
37042407
37043023
37045575
37045754
37046394
37046866
37047435
37047826
37048279
37052131
37076375
37095152
37341698
37387517
37470572
37472400
37483947
37489833
37500448
37512863
37522786
37527150
37556303
37567997
37602851
37605941
37607017
37614336
37619103
37619116
37619119
37619128
37619175
37619773
37619933
37620048
37620202
37620785
37620834
37620884
37625986
37626105
37626219
37630496
37632032
37632700
37633184
37633569
37635134
37635336
37636552
37636852
37637423
37638058
37638202
37638570
37638751
37640680
37641219
37641597
37641874
37642002
37643412
37643642
37678279
37723989
37724309
37729077
37757908
37762340
37770225
37790217
37790237
37796293
37808067
37823880
37824434
37837231
37841874
37857364
37869270
37879082
37895054
37902493
38045699
38403547
404974
572374
578235
578236
585356
718965
723823
729211
729265
729496
735077
766021
776810
868220
874094
877946
886249
947617
947950
1054600
1054636
1061663
1069257
1090371
1164428
1248839
1263195
1263202
1263502
1263789
1263923
1266543
1294039
1295578
1295582
1452038
1481732
1481734
1492741
1511206
1526834
1634525
1705503
1705724
1705819
1705877
1705945
1705947
1706046
1706048
1706125
1706199
1916424
1995169
2014954
2015437
2015453
2015533
2038834
2038860
2041536
2042587
2042622
2044662
2060578
2073170
2083071
2136025
2136276
2156114
2156202
2156284
2178672
2192663
2193180
2193263
2193295
2193517
2193518
2231426
2233259
2276505
2325532
2345581
2379657
2391125
2391138
2396185
2396470
2418653
2449669
2484708
2541625
2594232
2594233
2594354
2594495
2646829
2664305
2672599
2685438
2703072
2703201
2703281
2705739
2706065
2706112
2709392
2743922
2758554
2807839
2818955
2825333
3003218
3192918
3219184
3233917
3250255
3252515
3253492
3261116
3297986
3308433
3308441
3309134
3323641
3326659
3344170
3347392
3374979
3375305
3375306
3375310
3375313
3408362
3411135
3414112
3422195
3444703
3576801
3701602
3701636
3712137
3722129
3776589
3779545
3823409
3823586
3823598
3838744
3839254
3843386
3845873
3906125
3960230
3972365
3972490
3993682
4031582
4073112
4075177
4075268
4076546
4076722
4078415
4083872
4085373
4087889
4088679
4088707
4088771
4088780
4088873
4140230
4141203
4141490
4145204
4145489
4145925
4148928
4150803
4151064
4174210
4197117
4197157
4211956
4278027
4284235
4287438
4287569
4291139
4291214
4293556
4294065
4294222
4294252
4294366
4295399
4339497
4341728
4358899
4384793
4393733
4394067
4434047
4434077
4434172
4437536
4437900
4437904
4448708
4448719
4450691
4481376
4481404
4483542
4485478
4512476
4521862
4526888
4527475
4528244
4531615
4539717
4539718
4539809
4539889
4579149
4599471
4622214
4652866
4670178
4688012
4694776
4694925
4698284
4744091
4790287
4801897
4804358
4804581
4808271
4809456
4811311
4811335
4811496
4811504
4815602
4841631
4862824
4867021
4947305
4949711
4949751
4949851
4949915
4951227
4960358
4962413
4970098
4985456
5007317
5007383
5011086
5014293
5031063
5057187
5057396
5057416
5057438
5057614
5057745
5057769
5060614
5061550
5063959
5073193
5151631
5152368
5152678
5153045
5189876
5228812
5258059
5277040
5299445
5300145
5306896
5312370
5314879
5329246
5332208
5350293
5356796
5356952
5357750
5357795
5423445
5424524
5424957
5446011
5462848
5465697
5465797
5528498
5531266
5531458
5533186
5539202
5544563
5547015
5547031
5547036
5547063
5547074
5547165
5547227
5547230
5547438
5548066
5548435
5550176
5556435
5558754
5617789
5618112
5716118
5746490
5746680
5746709
5871527
5955582
5959817
5963648
6018809
6050044
6050360
6050410
6053983
6054448
6059186
6195275
6323544
6412832
6421478
6467839
6659966
6664592
6666122
6672384
6683986
6701998
6702961
6771325
6792980
6804565
6804650
6807970
6819072
6833143
6834166
6847751
6864999
6909763
6929495
6947820
6950070
7003503
7021975
7098143
7108659
7108781
7108952
7109668
7110128
7110216
7110342
7110411
7110871
7110956
7110988
7112269
7114466
7139735
7301371
7559809
7595571
7618699
7664627
7768785
7778283
7781770
7796047
7864580
7941991
8009056
8010394
8037575
8076667
8102099
8117338
8274947
8343391
8343791
8382193
8422577
8422742
8422952
8423091
8423265
8423667
8423711
8424215
8424882
8425996
8427562
8427673
8427677
8427687
8427688
8544541
8601136
8601658
8664580
8682676
8683911
8685913
8686818
8697748
8697998
8698086
8698224
8739562
8766151
8826111
8827295
8830836
8868035
8903740
9003197
9003227
9004266
9033299
9042011
9042876
9043376
9043471
9046803
9117181
9171233
9189481
9189564
9219955
9229342
9443853
9460386
9463359
9468373
9468379
9514124
9549845
9551715
9574500
9576211
9576497
9576617
9585998
9589341
9592078
9604049
9618222
9618345
9618610
9618702
9619032
9815129
9815479
9898859
9898950
9933096
9974206
10075311
10137363
10151426
10182803
10213796
10241764
10241915
10248413
10249271
10249392
10255700
10265040
10283053
10306803
10313930
10369961
10369985
10370064
10370130
10371379
10371635
10371880
10380198
10468035
10480992
10515452
10515455
10517343
10537052
10537244
10537619
10537790
10537865
10538746
10620993
10625646
10631057
10631069
10631522
10633315
10633316
10633649
10634571
10639870
10659358
10660308
10661256
10661284
10661306
10662770
10663020
10663267
10680371
10681066
10798429
10798451
10914127
10914613
10961425
11007908
11023022
11201953
11201981
11206392
11230063
11235071
11338335
11338350
11521836
11521919
11640163
11688231
11720021
11720049
11783275
11790085
11796756
11905081
11906200
11906232
11906403
11954718
11960027
11962082
11979435
11979626
12041370
12058850
12151425
12152380
12161527
12396233
12396871
12448278
12448362
12490428
12569352
12769033
12770953
12838205
13080065
13116176
13116549
13116987
13117335
13117567
13142346
13340510
13340659
13340964
13341033
13347432
13524333
13699447
13872506
13872742
13879997
13928723
13984257
13984332
13984626
13984754
13984974
13985291
13990527
13990700
13990905
13990961
13992464
13992549
13992596
14089260
14108505
14110294
14196450
14199868
14199901
14199929
14200754
14206034
14206677
14207126
14248483
14248940
14254260
14279183
14346111
14349023
14349181
14637603
14637641
14638120
14638414
14638455
14638607
14639097
14640069
14640602
14641132
14641249
14665729
14665789
14684123
14718410
14802447
14803375
14835699
14864790
14957777
14958953
14959113
14959341
14959882
14962090
15096646
15110264
15139153
15154676
15156014
15156141
15160518
15173196
15173613
15206878
15222724
15227224
15236831
15238637
15266099
15266510
15266829
15311500
15322693
15327484
15338486
15387513
15388648
15414612
15414866
15414897
15418439
15419923
15423021
15425478
15430016
15440156
15451618
15452825
15474659
15509596
15509816
15528827
15539716
15562449
15562476
15656468
15656655
15656680
15762582
15795826
15985358
16044041
16066300
16174269
16174498
16174693
16174881
16174932
16189804
16191166
16192026
16192208
16192217
16198471
16205364
16205366
16257185
16261645
16261759
16261762
16265909
16272260
16343343
16367587
16369223
16371488
16371628
16417658
16417888
16462166
16572379
16609236
16658947
16666209
16667765
16668221
16686503
16689538
16697450
16698902
16748770
16749600
16769134
16773943
16779565
16780110
16780427
16781385
16781573
16784467
16831680
16857653
16903114
16983431
17000831
17079650
17114864
17117379
17118017
17152835
17158751
17198580
17239129
17240347
17322994
17357977
17370419
17407987
17441457
17453111
17478431
17714493
17730360
17771265
17771270
17771309
17771334
17771405
17771429
17771779
17774896
17775380
17776848
17815743
17822608
17822629
17822713
17822729
17822841
17823804
17823825
17823920
17824412
17825820
17825946
17826133
17826141
17826483
17826492
17826917
17827117
17827145
17827150
17827269
17827326
17828290
17828435
17828680
17828691
17830522
17839208
17974444
18069030
18178315
18178481
18213889
18222441
18222476
18222961
18223121
18227338
18230572
18237825
18240651
18262863
18263034
18263320
18263358
18264677
18264688
18265176
18265649
18265848
18265849
18265859
18266420
18266523
18268625
18268787
18269242
18269755
18270608
18352418
18392581
18406095
18425002
18425007
18447467
18523002
18523565
18524346
18524364
18524382
18525045
18525061
18525550
18595100
18681119
18707826
18708206
18708992
18709344
18709392
18709794
18709958
18710153
18710609
18710650
18710771
18780449
18833302
18937445
18941609
18941704
18941769
18982906
18986719
19154204
19163936
19188733
19189827
19189900
19189902
19189922
19189970
19189972
19191407
19482487
19535684
19536113
19536155
19536480
19574331
19585768
19605534
19605844
19606405
19607520
19658787
19698958
19747654
19828779
19843421
19844122
19903903
19904367
19935397
20031511
20176764
20458756
20494738
20578188
20578393
20593752
20615752
20619717
20619857
20621693
20621726
20621787
20621798
20621908
20633757
20633859
20660489
20664783
20692920
20693054
20693710
20693715
20733287
20768648
20779728
20962472
20962609
20962660
20987366
20987453
21009539
21029921
21029997
21030200
21030297
21034925
21053523
21055466
21056412
21056587
21079705
21160458
21211929
21212758
21213584
21213601
21285883
21292517
21510245
21556135
21556517
21556520
21557210
21648867
21659900
21663253
21674892
21676175
21676954
21711322
21711613
21711758
21711761
21711913
21711949
21712528
21712751
21712827
21715233
21801735
21808566
21808567
21811407
21826940
21835918
21854598
21870610
21871489
21871490
21871531
21871565
21872887
21873418
21873754
21877358
21881750
21885374
21885378
21885386
21886263
21886267
21886383
21889116
21897767
22077881
22080298
22081234
22081914
22082317
22083192
22097403
22111449
22249093
22250239
22250278
22250320
22292231
22332907
22333373
22335946
22437905
22439726
22442330
22491455
22495540
22495793
22522481
22522779
22633262
22637667
22692091
22693723
22796801
22813610
22893415
22893928
22893954
22893961
22893994
23006822
23029264
23386876
23549917
23551131
23553581
23553719
23569367
23590969
23591028
23666858
23670656
23673588
23780168
23920001
23937033
23938865
23947830
23948318
23949276
23949772
23961843
23993724
24040557
24040642
24223444
24321597
24325629
24325664
24646823
24649885
24655392
24655503
24655716
24660973
24661859
24684568
24692374
24692738
24715455
24722207
24745436
24771537
24818379
24842764
24869102
24869143
24869266
24869290
24869321
24869353
24869385
24869450
24869457
24887592
24956812
25014944
25015031
25015152
25041266
25129028
25131764
25135960
25259790
25260037
25260038
25260050
25260174
25260601
25404842
25405212
25483467
25657901
25659671
25660611
25660628
25661098
25661170
25661563
25767802
25909266
25909267
25968813
25971141
25978398
26055655
26188415
26397874
26398664
26398781
26399150
26400284
26400342
26612271
26706547
27607410
27633908
27662731
27662822
27666134
27666142
27666157
27668883
27671168
27673890
27679762
27679850
27681642
27683676
27683866
27684284
27684971
27685201
27692278
27701885
27792408
27829135
27830858
27833547
27917771
27958825
28008891
28081674
28081707
28099794
28099795
28134083
28166332
28214559
28219979
28228846
28229360
28235632
28265772
28313752
28977655
29004741
29005195
29005198
29006426
29006565
29006569
29006650
29006690
29006726
29007140
29007202
29007340
29008497
29008766
29008964
29009567
29009609
29009663
29010575
29010779
29010881
29010932
29015373
29222118
29222119
29277691
29303493
29836217
29901870
29905442
29918203
30050357
30050552
30050706
30050737
30222376
30263119
30270611
30270693
30346743
30378025
30385296
30606166
30606196
30606399
30717112
30837932
31006913
31085951
31101482
31178877
31591343
31591356
31642556
32276042
32276074
32286256
32295970
32435021
32513340
32513892
32514067
32592967
32646269
32659333
32659603
32660180
32770473
32975489
33057398
33225185
33226587
33226594
33226597
33226634
33226677
33227002
33244971
33291328
33362327
33362691
33378422
33382767
33405305
33426028
33433617
33465347
33485574
33488240
33490045
33490607
33500567
33516271
33600239
33601148
33601434
33601504
33601527
33601757
33602212
33602938
33712292
33763408
33764277
33777213
33810213
33832813
33927409
34109842
34116813
34127257
34127386
34127469
34133530
34142623
34143437
34143729
34143794
34143843
34143908
34143943
34144136
34144228
34144617
34145250
34147426
34165133
34168303
34170977
34349373
34350051
34351260
34359393
34359399
34369243
34541886
34561032
34719817
34778187
34844081
34844082
34847890
34847900
35046845
35047037
35047335
35047373
35047706
35047734
35048093
35048784
35048848
35049324
35150362
35151034
35151316
35154233
35160683
35161327
35163446
35195330
35203020
35204342
35206205
35208403
35210547
35211032
35574597
35628106
35630976
35641278
35659874
35662160
35672321
35687120
35737916
35745175
35835928
35902528
35981926
35986072
36041891
36059910
36064370
36158704
36202032
36241704
36278603
36288838
36300732
36387339
36388780
36392975
36408422
36408428
36408431
36431826
36433947
36436201
36453171
36463802
36507974
36514381
36550527
36558767
36559648
36690213
36691299
36695430
36727495
36736322
36762028
36769809
36772751
36784629
36789334
36822111
36850894
36852366
36852665
36853279
36857101
36866931
36903370
36939647
36955031
37271039
37409753
37409755
37413572
37413632
37413895
37414020
37416986
37417069
37417073
37418445
37418447
37418607
37418646
37419792
37420124
37422335
37583982
37589784
37610518
37611389
37638358
37641968
37645466
37649044
37649667
37649805
37658452
37663193
37718444
37718576
37729413
37731418
37737132
37738730
37742598
37756757
37758685
37766640
37770656
37792075
37822225
37844203
38040726
38198375
38204348
38212327
38243437
38246640
38246755
38256675
38530754
38537723
37428
75655
82684
82779
456921
474506
477452
478718
591151
761933
793921
803845
806050
806113
806118
806175
810968
811115
832140
860536
861490
869690
871107
871864
873069
873157
875739
877647
881223
884090
902444
902460
930434
933809
933832
933843
933940
953196
954339
954723
995290
996656
996720
999001
1017534
1018187
1018193
1021427
1035198
1035399
1035552
1047766
1060615
1106044
1106937
1151905
1158322
1199158
1209725
1209892
1261548
1287238
1288800
1401774
1402456
1402482
1402486
1402566
1402645
1402665
1402675
1402689
1403214
1527260
1572084
1584997
1586292
1600860
1618890
1653007
1653627
1700508
1701232
1702722
1703848
1719317
1763831
1777426
1825790
1827626
1846603
1917981
1922520
1928105
1961992
1972046
1981001
1991375
1991767
1991911
1992092
1992870
1992874
1995290
1995293
2000696
2009535
2050619
2078339
2094209
2095136
2096953
2097256
2100731
2145618
2173129
2175570
2186335
2188623
2188632
2190496
2190633
2192216
2193009
2193070
2195343
2199800
2200532
2200539
2200549
2200951
2207077
2207767
2207826
2207886
2207993
2208032
2208070
2208076
2250249
2260902
2284380
2290610
2290712
2300343
2300831
2339300
2350047
2353299
2353305
2490916
2491152
2491234
2512805
2525885
2532342
2540027
2540078
2704760
2709389
2719531
2752402
2754174
2763727
2767760
2779522
2779729
2781233
2788980
2876543
2886880
2889595
2955948
2958156
3011702
3017572
3018229
3018331
3018689
3031255
3034106
3048873
3061887
3069542
3070497
3074716
3090049
3092140
3092990
3097465
3105143
3105740
3107194
3107569
3108096
3108493
3124981
3127789
3128936
3136332
3137086
3144131
3145203
3148032
3151512
3152159
3162201
3172771
3173356
3174618
3174710
3182931
3185113
3186976
3187142
3188028
3189785
3190038
3190386
3190592
3192844
3194268
3195164
3195277
3195330
3197396
3197754
3198461
3200657
3202585
3202656
3204582
3204773
3204774
3204958
3204972
3204986
3205021
3205103
3205131
3205481
3205610
3207130
3207777
3213345
3213354
3213392
3213410
3217740
3225783
3235583
3236068
3248070
3271013
3274526
3274628
3274670
3274675
3274866
3275516
3275939
3284614
3291631
3299486
3302358
3302406
3302447
3307420
3308393
3309935
3311791
3312707
3314702
3314807
3316035
3316397
3316671
3316724
3316772
3316778
3337225
3344942
3363339
3435752
3469883
3470027
3470287
3487824
3525323
3525966
3530497
3532887
3555901
3583597
3583733
3608636
3630081
3648635
3649310
3650735
3652022
3768455
3768585
3779368
3779698
3779918
3779958
3779959
3780287
3844124
3890400
3919145
3922246
3923560
3924968
3946199
3955110
3955375
3976952
3999655
4006528
4006644
4035434
4036431
4037815
4079208
4130987
4141891
4143215
4160934
4247345
4271027
4271348
4272005
4272599
4273161
4276133
4311188
4345986
4353063
4390358
4423847
4449490
4450302
4451180
4480819
4563918
4575520
4578714
4621863
4621867
4774346
4790375
4791696
4807321
4807735
4807824
4807919
4808092
4844337
4890922
4895979
4896418
4896497
4922514
4922836
4922904
4928070
4932924
4932937
4936739
4947116
4947630
5050289
5050306
5050704
5050767
5050800
5050982
5051085
5084122
5124747
5136266
5172346
5182959
5211272
5262449
5273879
5298645
5302328
5302870
5303851
5303932
5303943
5304032
5304038
5304103
5304107
5304425
5306678
5307533
5307960
5313102
5313144
5317289
5388676
5400880
5402701
5403975
5444866
5532465
5532978
5532981
5533203
5533327
5533331
5533461
5533490
5533804
5533968
5536180
5536287
5536288
5537199
5538772
5539049
5545680
5546216
5549408
5552968
5552969
5553090
5553759
5557261
5567762
5569488
5569613
5575562
5576747
5576756
5576819
5579093
5592717
5599080
5599162
5599339
5599498
5599582
5600784
5601683
5602213
5604404
5615417
5617611
5619450
5619458
5620960
5679801
5679984
5721375
5722114
5727695
5729700
5729815
5828191
5834637
5834883
5843829
5904505
5904962
5904983
5905009
5905197
5905711
5929587
5934192
5972738
5982448
5993942
5994429
6099643
6179530
6182186
6182209
6182230
6182951
6187592
6279401
6287154
6288338
6366170
6366190
6379920
6380031
6380250
6390233
6390244
6455894
6465249
6489398
6489682
6508940
6519596
6521188
6578346
6624353
6691543
6715937
6778812
6798966
6854561
6854729
6854841
6854961
6855022
6855139
6855238
6855271
6855297
6901285
6901996
6988597
7079279
7079732
7082671
7091388
7091664
7103201
7114205
7169348
7169356
7171145
7218150
7258591
7259321
7259329
7269380
7299892
7299897
7300112
7459996
7459997
7460065
7498153
7498270
7498475
7533905
7540141
7571064
7572013
7572041
7575665
7575878
7626958
7627038
7679966
7762272
7848283
7873358
7936386
7936434
7937110
7975434
7982504
8128532
8143939
8160172
8165392
8167512
8167517
8167723
8169970
8170009
8170012
8170082
8170149
8170167
8170171
8170358
8170425
8170474
8170566
8170697
8173300
8173362
8173371
8173780
8173935
8174137
8175834
8175957
8176722
8177339
8177465
8177490
8177837
8177982
8178020
8178134
8178413
8194772
8230630
8237997
8244499
8265303
8273648
8377265
8449359
8450841
8451030
8629053
8648317
8772418
8796776
8796849
8796908
8876375
8896599
8962619
8962865
8962914
8963159
9008159
9138368
9144655
9162458
9162596
9404550
9430028
9482707
9635681
9645448
9726245
9726822
9727093
9727210
9727285
9727294
9727558
9731588
9732819
9733140
9733413
9733492
9733548
9733937
9734386
9741514
9771370
9772036
9772732
9774386
9774531
9774600
9775247
9775792
9776120
9776181
9776547
9776961
9776994
9797471
9825911
9932324
9933878
10046214
10060420
10083400
10121306
10193738
10317498
10331902
10332201
10332289
10332482
10332706
10333075
10363969
10364362
10364602
10364603
10383208
10419493
10419813
10421252
10421510
10427119
10428989
10429340
10431797
10432027
10432441
10432713
10433210
10433542
10434379
10484342
10487853
10498001
10551101
10551883
10857745
10867639
10872970
10909494
10937049
10937129
10937360
10950136
10953705
10953816
10954483
10955291
10955321
10955561
10969470
10977995
11398288
11485653
11503552
11503614
11513929
11529369
11529519
11562370
11562936
11563063
11563564
11571593
11571929
11573072
11573504
11574273
11576256
11576328
11581537
11590019
11591260
11591713
11592150
11602142
11602619
11602729
11602735
11602915
11603770
11604040
11604048
11604195
11604346
11620697
11628309
11702006
12028459
12028860
12041210
12047389
12124729
12265912
12325386
12361614
12361634
12366563
12376583
12414454
12414736
12415145
12415292
12415433
12415512
12415877
12418047
12424238
12424415
12424513
12424572
12424752
12425927
12425945
12426791
12427110
12469459
12497739
12581691
12593932
12680008
12714098
12735261
12736398
12736757
12764961
12765367
12825688
12827710
12827925
12828105
12828117
12829016
12829505
12862128
12868548
13026933
13092617
13093115
13093164
13093214
13093237
13093379
13093438
13100006
13122718
13168623
13552534
13628489
13631470
13646254
13717215
13760700
13793357
13794024
13796525
13831757
13833226
13833309
13861116
13868491
13890482
14010144
14119047
14119790
14138456
14147644
14150869
14151357
14151459
14152052
14155333
14184968
14186392
14186932
14187315
14187704
14187768
14187808
14188299
14188817
14189291
14189377
14189491
14190100
14190145
14190152
14190210
14190458
14190556
14190581
14193040
14201887
14201927
14202176
14202537
14203397
14203615
14203831
14203972
14205488
14207309
14209728
14210176
14210534
14243314
14244225
14334944
14341540
14361495
14369706
14380800
14384580
14384890
14384915
14385083
14385085
14421392
14422119
14422410
14423537
14424482
14424528
14485022
14486103
14584511
14589834
14589958
14589981
14592903
14592953
14606119
14639290
14818877
14819681
14821574
14821665
14821803
14822051
14822226
14837569
14897998
14898017
15148324
15160577
15236346
15409213
15485468
15531007
15551880
15552111
15615125
15720091
15727188
15778621
15827131
15944826
15950004
15951345
16038861
16068564
16078041
16112602
16112831
16191208
16295767
16336525
16338688
16339630
16339882
16425709
16426144
16426311
16427215
16457635
16514461
16516309
16542436
16566548
16572019
16755346
16792945
16870087
16909918
16945422
17026410
17026411
17072120
17072265
17095255
17148969
17148996
17445277
17445519
17515755
17522350
17619764
17655367
17699926
17711257
17771106
17772825
17773248
17773811
17782932
17785861
17786047
17849030
17949919
17972871
18040129
18040135
18040142
18040177
18040213
18040418
18040425
18040426
18040443
18040638
18040925
18165191
18169502
18169568
18185565
18195955
18214596
18248189
18338732
18342535
18345582
18346042
18346611
18356605
18431732
18432055
18432169
18433041
18434628
18490206
18490338
18515685
18555273
18556980
18556994
18580666
18702125
18781442
18781561
18781900
18783246
18826172
18876942
18880797
18882183
18882208
19054261
19075687
19075982
19224281
19240728
19246852
19254320
19255446
19260202
19265602
19265612
19267962
19267998
19268084
19268207
19268233
19268236
19268294
19268372
19268476
19268487
19268536
19268794
19268943
19269138
19269143
19269761
19269856
19269888
19270206
19270385
19270446
19271081
19271104
19271299
19271381
19271453
19271509
19271626
19271718
19271865
19271891
19272100
19272272
19272313
19272319
19272415
19272481
19272659
19272682
19272747
19272852
19272908
19272930
19272946
19273697
19273706
19274387
19276443
19276556
19276831
19276855
19276954
19297231
19297359
19439061
19459641
19479328
19484419
19584702
19598554
19598915
19601189
19601384
19601960
19602248
19605303
19733122
19742888
19743074
19743078
19743150
19743604
19743693
19743836
19743877
19743907
19744222
19744259
19744937
19745914
19745934
19746556
19747746
19752244
19767821
19782847
19783557
19783617
19783933
19784123
19784261
19784293
19784558
19785039
19785061
19785122
19785252
19785906
19786087
19786225
19786307
19786344
19786367
19786540
19787040
19886380
19930431
19946888
19947003
19948684
19949550
19952233
19952754
19953558
19953807
20034847
20036471
20074938
20075911
20128811
20149305
20149762
20150418
20151261
20152995
20153013
20155120
20155323
20155727
20155777
20155795
20161958
20161976
20161996
20162012
20176789
20183882
20187247
20188164
20206406
20207602
20282969
20298249
20485214
20512734
20540903
20543841
20547832
20551399
20571730
20616220
20685174
20686059
20687056
20687080
20687238
20687333
20687349
20687350
20687366
20689077
20689665
20689669
20689726
20690485
20691723
20692577
20692877
20692967
20693420
20693498
20693677
20697235
20765702
20766888
20878933
20885461
20885679
20908722
20908753
20909025
21010896
21031309
21067248
21068764
21069066
21069258
21079717
21079782
21082926
21082951
21158560
21158599
21162139
21162429
21162914
21163203
21219725
21221941
21227159
21244842
21259470
21259842
21259870
21260163
21457477
21524126
21531976
21534217
21535535
21539341
21557183
21558191
21559088
21559134
21559193
21559199
21559229
21559231
21559310
21559420
21559549
21559664
21559698
21559706
21560037
21560061
21560076
21560153
21560485
21560809
21561355
21561385
21561733
21561756
21561846
21561896
21561930
21562225
21562260
21562330
21562366
21562717
21562759
21562784
21562977
21563132
21563347
21563364
21563379
21563484
21563570
21563601
21563626
21563737
21563770
21563848
21564016
21564050
21564173
21564185
21564335
21564592
21565246
21568141
21630920
21636461
21672679
21681916
21689256
21689810
21780978
21945972
22004431
22004471
22004483
22216920
22217203
22351376
22351870
22351945
22351968
22352123
22352325
22356233
22357178
22357233
22357940
22357969
22359758
22422940
22425202
22466436
22466684
22484367
22526406
22526988
22527513
22528458
22528542
22528690
22528943
22529338
22530443
22530598
22530812
22537803
22539561
22539690
22540335
22554508
22555164
22556624
22559047
22559050
22560638
22563958
22563960
22563966
22564196
22565532
22566990
22586340
22591846
22591977
22603624
22603878
22604013
22604247
22604812
22604842
22606975
22607410
22609032
22612664
22614060
22614161
22614197
22614498
22614499
22614722
22614898
22614948
22614990
22615042
22615169
22616907
22617157
22626247
22627660
22643899
22644562
22645462
22645899
22647149
22647762
22688333
22690012
22690306
22690519
22691427
22691484
22693453
22699999
22700635
22799388
22801643
22833950
23134420
23134570
23134605
23134641
23153578
23170527
23171024
23314749
23315223
23343413
23343430
23346042
23347344
23357922
23446531
23496478
23496805
23573431
23580439
23581305
23643137
23643578
23646571
23661973
23681866
23686207
23693039
23939432
24064416
24075262
24075312
24075499
24111571
24111593
24240640
24240881
24242296
24309137
24309560
24313599
24342549
24353388
24382485
24624806
24663299
24664806
24668175
24671946
24700491
24751939
24899091
24900243
24900651
24900888
24900920
24901145
24905359
24906799
24906918
24907143
24907303
24908311
24908467
24908667
24908832
24909309
24910145
24910280
24910522
24910724
24910738
24910815
24910873
24910945
24910964
24910966
24911018
24911581
24911582
24911775
24912583
24912633
24912717
24919355
24920078
24920080
24920382
24920562
24920901
24929250
24978935
25000021
25021496
25085670
25093890
25100456
25107687
25274383
25275189
25276085
25279092
25279289
25294855
25342946
25343696
25343855
25343963
25344065
25344144
25344649
25399168
25399606
25400082
25401139
25401337
25402180
25402334
25402923
25404325
25404967
25405062
25439781
25545716
25554993
25562479
25700774
25869634
26154268
26194874
26233148
26240639
26240640
26394319
26504768
26505991
26506117
26509146
26554020
26573781
26809507
26825891
26828469
26836447
26836804
26839194
26844692
26948209
26958441
26958699
26961394
26963392
26963667
26964840
26969567
26974176
26979822
26980384
26980633
26981845
26993673
26997173
26999933
27014143
27014920
27015071
27015153
27015172
27015224
27015810
27017242
27017651
27018501
27020074
27027917
27028615
27031598
27033185
27035260
27035781
27037207
27039335
27039437
27039453
27040707
27040925
27041363
27045019
27045980
27048763
27049384
27051727
27052156
27055793
27056480
27057102
27057591
27059067
27059104
27059302
27059837
27059951
27063690
27064763
27074062
27080359
27085228
27087449
27236309
27236440
27236489
27236780
27239811
27241294
27241795
27242059
27242063
27243582
27244158
27246544
27248342
27248566
27249122
27249290
27250406
27250435
27252087
27252856
27253037
27253559
27254003
27256102
27256299
27262230
27262760
27267798
27270621
27271956
27275078
27275390
27297873
27299547
27299652
27299693
27299720
27308691
27308737
27310286
27313016
27315096
27315763
27315869
27318620
27318727
27319698
27319836
27320188
27322341
27330664
27331540
27331698
27332232
27333480
27334950
27334969
27337888
27346307
27347061
27347797
27349524
27349746
27350698
27353870
27354065
27356973
27363109
27378635
27384475
27399077
27402169
27402216
27407347
27411899
27423214
27429005
27436694
27439739
27439746
27446465
27459601
27466993
27513792
27530616
27631164
27702339
27745841
27750173
27753069
27848069
27872162
27904129
27968664
28031248
28071080
28085624
28086752
28103100
28137761
28145002
28157101
28313384
28384984
28419116
28559832
28951145
29019072
29019126
29020851
29024449
29024641
29026041
29026303
29026427
29027485
29027699
29028941
29031200
29032437
29033415
29033637
29034637
29034778
29034995
29035398
29035943
29036660
29036983
29037378
29040243
29041345
29042726
29044685
29044701
29049296
29049461
29049651
29050388
29050628
29053900
29054867
29055377
29067292
29067411
29067580
29067625
29067851
29068389
29068469
29068487
29068633
29069911
29070508
29070727
29071310
29072091
29204703
29204715
29205378
29205765
29206128
29206362
29206658
29256677
29367913
29430702
29441637
29446266
29550401
29569140
29583333
29586622
29596532
29615072
29627685
29632997
29633846
29633920
29685577
29685984
29694061
29780804
29825220
29828238
29830121
29864323
29882371
29882381
29882475
29882554
29882590
29882622
29900860
29911951
29913404
29921680
29921881
29927214
29927239
29927273
29929134
29974242
29983765
29984033
29984476
29984529
29984771
29984840
29984964
29985104
29985106
29985115
29985159
29985222
29985357
29985478
29985660
29985680
29986006
29986529
29986738
29986802
29987270
29990807
29990862
29990867
30025884
30036026
30062825
30062993
30079089
30098331
30098340
30098370
30100261
30143248
30156093
30156118
30162037
30191001
30191487
30191617
30191640
30197708
30197730
30224317
30253716
30295971
30305046
30425856
30436394
30448716
30454584
30455234
30455302
30472105
30486702
30500462
30555839
30556128
30556345
30556767
30556829
30608686
30613732
30667134
30668335
30669020
30673610
30673981
30678249
30684858
30711610
30727025
30727490
30761456
30792237
30868701
30869146
30869304
30947107
30947111
30955426
30969953
30986132
30997014
31079856
31079858
31128589
31128733
31134426
31215707
31231637
31231638
31350633
31351982
31399184
31399426
31399651
31399814
31409600
31409612
31409846
31409896
31546129
31555947
31606579
31703925
31780149
31785640
31785671
31785700
31785823
31785893
31787499
31798067
31798086
31807447
31812655
31812698
31815062
31815986
31816552
31871118
31871900
31872180
31873199
31873214
31873386
31873633
31885686
31885746
31888495
31894731
31945300
31956844
31998180
31998369
32138434
32182784
32206007
32341107
32382362
32392472
32416108
32418441
32425821
32540612
32656738
32660362
32660451
32661201
32661637
32661641
32665705
32683996
32706630
32751899
32751906
32753425
32762197
32762223
32762279
32762492
32762695
32818291
32833644
32839209
32839299
32945663
32951532
32951754
32952073
32952122
32952162
32952886
32953043
32953111
32954244
32954333
32955271
32955294
32955397
32955417
32955447
32956345
32961643
33195702
33202074
33202333
33211107
33232497
33273782
33273798
33274063
33274158
33274219
33274437
33274461
33274492
33274568
33276188
33276492
33276532
33335713
33335923
33335939
33376775
33382216
33394345
33410014
33410541
33410561
33422399
33423248
33424067
33424165
33424296
33425393
33425819
33425838
33425910
33425919
33425960
33426381
33426414
33428771
33429067
33429587
33431241
33431312
33431738
33432536
33434503
33440280
33440304
33453110
33453683
33453897
33454220
33454685
33456630
33456754
33457609
33458123
33459150
33460179
33469468
33470106
33485497
33500032
33524592
33525270
33665623
33668063
33722530
33741374
33774659
33780292
33837779
33839382
33870781
33872219
33872453
33983918
33984163
33984308
33984345
34015955
34017637
34041970
34188177
34208255
34236184
34263018
34268360
34323686
34387796
34387797
34387808
34388003
34439317
34439360
34442813
34453867
34467756
34467819
34467862
34468783
34468798
34469750
34526860
34528230
34528463
34551326
34551654
34551925
34552006
34562715
34563284
34563308
34563310
34563950
34564020
34564522
34564560
34564747
34565848
34566440
34566473
34566801
34566861
34566908
34566910
34567037
34567256
34567318
34567348
34567364
34567423
34567657
34567658
34568282
34568297
34568419
34568462
34568517
34568607
34568612
34568628
34568644
34568658
34568831
34568886
34569530
34569731
34569750
34569784
34569848
34569918
34569939
34570098
34570121
34570150
34570224
34570379
34570430
34570449
34570506
34570527
34570538
34571079
34571291
34571298
34571559
34571610
34578430
34589931
34670004
34673416
34683880
34684252
34685651
34831945
34846283
34846711
34867397
34931918
34935184
34992546
34992570
34994281
34994369
34994943
34998005
34999890
35000121
35021060
35067847
35067850
35077065
35078223
35079436
35079502
35079568
35109327
35136529
35252108
35272048
35272105
35272202
35273713
35273907
35274007
35274053
35274337
35274501
35274538
35274572
35274811
35274842
35276399
35281927
35283714
35283808
35284756
35284864
35285350
35285591
35286096
35286098
35414987
35577038
35601110
35605053
35619515
35697602
35698092
35703978
35713511
35729301
35732584
35757608
35763440
35763586
35769853
35782980
35783614
35785478
35785666
35785671
35808609
35849716
35849903
35947839
35948945
36001637
36031825
36089359
36101064
36105012
36137175
36156396
36156735
36176961
36181375
36181566
36186370
36201585
36278081
36290699
36303293
36369002
36463049
36463403
36469704
36482327
36483495
36495870
36541872
36567968
36625482
36709695
36745060
36745063
36759661
36882253
36963666
37074994
37478204
37529163
37530366
37531467
37531717
37531861
37533146
37533843
37535549
37538895
37540280
37541472
37545576
37604858
37779250
37941829
37993276
37995142
37995568
38015820
38018631
38389990
38579915
38582054
38595356
38611634
38618289
38623367
522129
679602
711442
739774
765647
771262
777500
832829
834397
889074
924963
1006226
1033311
1060739
1063516
1079303
1087544
1251510
1252153
1254412
1425416
1428559
1575331
1575590
1648743
1664770
1768509
1797162
1838553
1866245
1956841
1975576
1975585
2009108
2017073
2021162
2024432
2026365
2030750
2032574
2158843
2169592
2302371
2400600
2417124
2424865
2498560
2501688
2501975
2519506
2519510
2582911
2598353
2611052
2612011
2618188
2633788
2636436
2845674
2845686
2848763
2971195
2971521
3241661
3266121
3266717
3268384
3270196
3290641
3295973
3304501
3319111
3338698
3349966
3353967
3361488
3362259
3362515
3362728
3363279
3363469
3364110
3364495
3364611
3365065
3365770
3365778
3365853
3370580
3381612
3503757
3514099
3514721
3519063
3571218
3633468
3844396
3845535
3846604
3846607
3873136
3875671
3877788
3956431
3968154
3996754
4014531
4014910
4014922
4104510
4177125
4177424
4207125
4207150
4420729
4776534
4828063
4938542
4946702
5185658
5188765
5189290
5189477
5189730
5191031
5191356
5191386
5198010
5198607
5198631
5206553
5206556
5272746
5326660
5542220
5696236
5849078
5849727
6165706
6424906
6425416
6428279
6430709
6432783
6432960
6437041
6440256
6440307
6440672
6440804
6440991
6441123
6655858
7004713
7010801
7045097
7045220
7085585
7088119
7148976
7266835
7294348
7294649
7774024
8246602
8678604
8707341
8714888
8720917
8947125
8955691
9384931
9395279
9397892
9399099
9404519
9404658
9418090
9420525
9441670
9441784
9448309
9474506
9475075
9492182
9499517
9507555
9510675
9518529
9539207
9543059
9546828
9547275
9550503
9563471
9566283
9574623
9591201
9592126
9593946
9594846
9595310
9608562
9614979
9617698
9624387
9625839
9627617
9654906
9657525
9670556
9673310
9674905
9677530
9678959
9682304
9688676
9699251
9699252
9713920
9716410
9729489
9736439
9745672
9763645
9771908
9775953
9819158
10457723
11087503
11230412
11236301
11241802
11250871
11268114
11278356
11279714
11284971
11295037
11296861
11302988
11313427
11321315
11389273
11389385
11832990
11989473
12053362
12118145
12118519
12190030
12397652
12487544
12525958
12552482
12652760
12674618
12737377
12802594
12853149
12932956
12939245
12941779
12943981
12944027
12945785
13003414
13155809
13179053
13179427
13179429
13179471
13179673
13179950
13181161
13183401
13183479
13183642
13183669
13183768
13183778
13187738
13187994
13190752
13202594
13202782
13202818
13203580
13204371
13205749
13208744
13208795
13213857
13213955
13214039
13263079
13263567
13263661
13263825
13263995
13264015
13265814
13266957
13267053
13267291
13267844
13287830
13292124
13292261
13309216
13322337
13322896
13329945
13330784
13331653
13333677
13333759
13446198
13495544
13500823
13588654
13700720
13732908
13761672
13810610
13858454
13858469
13972929
14063049
14107757
14125548
14163219
14163243
14164563
14215420
14216438
14243395
14247096
14303660
14303715
14342921
14343229
14343586
14353747
14354981
14367366
14381839
14382060
14383108
14383569
14392362
14441303
14603260
14814781
14814836
14814878
14814894
14814897
14815026
14815393
14827895
14828360
14828933
14829276
14830998
14852842
14853121
14853217
14853695
14853833
14854253
14854350
14854355
14854389
14854492
14854793
14854834
14855085
14855190
14857354
14857482
14857548
14857679
14857735
14857916
14857934
14933350
14933938
14942531
14942532
14942621
14942668
14943218
14955153
14959324
15043952
15149530
15363124
15363901
15366555
15366558
15367514
15367987
15368188
15443722
15513359
15683110
15683120
15684282
15711652
15838614
16184025
16215333
16215396
16215674
16215712
16216014
16216682
16216761
16216777
16216848
16216870
16216998
16217126
16217583
16218319
16218514
16218559
16219159
16219605
16219749
16219861
16257221
16258388
16293596
16387751
16396523
16645856
16646195
16651796
16656064
16656786
16657340
16657417
16657924
16658846
16659217
16659381
16659738
16659777
16697639
16697929
16699744
16732469
16732606
16753217
16759906
16779957
16781079
16823918
16898718
16937933
16951778
16957441
16958127
17069095
17121928
17171579
17177204
17186406
17186734
17191126
17192174
17217060
17265299
17321347
17321424
17321742
17321751
17322426
17322700
17322961
17427289
17428288
17428715
17440455
17441231
17441286
17442030
17442212
17442408
17442564
17442787
17443649
17443661
17443906
17443909
17443934
17444086
17444315
17444467
17445152
17445164
17445341
17445354
17445497
17445609
17446155
17448068
17449668
17451858
17454087
17456796
17458523
17459411
17460779
17461957
17464220
17464352
17464550
17464797
17464893
17465312
17466655
17467812
17467839
17467943
17468569
17468743
17474400
17529944
17547308
17591865
17622618
17642334
17696404
17697953
17699972
17702029
17702409
17712732
17722066
17724710
17725768
17743803
17743903
17757662
17780954
17781826
17781977
17783977
17783985
17784264
17784330
17784389
17784725
17785415
17785430
17785459
17786165
17787440
17790224
17790309
17790559
17790568
17791199
17791622
17791731
17791846
17792216
17792416
17792632
17792675
17793485
17793657
17794245
17794246
17794345
17794540
17794669
17794809
17797217
17797411
17797515
17797696
17797963
17798236
17802966
17803409
17803472
17803919
17804087
17804126
17804165
17804795
17804837
17805600
17805858
17806101
17806240
17806337
17807945
17850624
17857216
17894690
17910752
17916502
17917765
17918875
17918886
17918964
17919012
17919245
17937715
17939589
17956247
17959509
17962039
17964999
17992687
17992783
17993118
17993513
17993582
17993697
17994628
17994698
17994718
17995364
17995384
17996055
17996327
17996580
17996716
17996724
17996739
17996742
17996942
17997069
17997327
17997481
17998025
17998073
17998108
17998343
17998387
17998441
17998442
17998536
17998755
17998827
18002419
18012980
18045573
18114149
18178078
18352825
18353850
18378477
18378489
18395685
18442970
18465231
18465266
18466776
18543742
18544874
18545817
18600531
18614745
18624568
18625996
18628343
18628428
18630277
18630317
18630571
18630574
18631365
18634713
18634717
18638629
18877355
18920517
18928114
18928372
18934399
18934743
18934782
18934866
18935026
18936252
18996391
19027659
19028313
19028363
19206512
19257529
19302086
19302647
19303563
19304160
19305238
19365918
19409639
19646503
19647276
19687484
19702459
19702575
19703062
19705071
19705180
19705392
19727903
19728224
19728252
19729066
19730667
19730694
19752071
19755630
19755639
19756089
19851573
19852168
19863290
19961012
20079930
20088704
20178452
20204449
20204452
20262568
20266587
20267747
20267802
20267814
20267967
20267984
20268158
20268565
20268669
20268684
20268722
20268825
20269119
20269193
20269205
20269274
20269305
20269342
20269397
20269453
20269753
20269983
20270153
20276661
20277283
20300554
20354216
20354703
20354818
20355302
20355337
20355829
20372933
20497170
20497458
20521731
20554295
20599094
20599455
20604488
20607412
20628320
20710535
20710536
20756356
20756366
20756368
20759106
20803980
20879566
20915458
20915483
20915721
20916050
20916304
20916305
20916558
20916630
20916753
20916871
20917393
20917632
20995288
21113818
21118394
21119145
21267539
21267986
21268460
21380201
21390416
21391211
21391464
21430429
21452452
21454799
21564019
21565660
21571643
21572243
21572300
21572760
21572815
21573607
21573627
21573631
21573639
21573658
21573793
21573831
21573866
21573934
21573995
21590781
21646460
21646528
21647134
21647167
21647192
21647271
21650784
21791516
21984965
22020840
22086129
22086177
22086677
22086817
22087881
22088944
22297396
22297407
22323538
22328182
22330471
22385191
22385447
22386397
22386644
22387036
22387797
22389065
22389380
22389441
22389467
22389508
22389997
22390172
22390193
22441246
22441300
22441767
22448569
22460941
22463630
22465791
22466362
22467288
22467565
22468005
22468021
22469583
22535064
22535097
22566003
22620675
22620844
22620887
22621509
22639044
22642519
22661449
22661864
22668384
22702617
22714358
22730321
22829222
22900139
22900148
23011232
23011239
23028224
23159698
23194415
23198238
23315645
23315689
23365101
23371640
23371848
23372439
23372593
23373330
23491863
23535608
23805358
23832493
23832901
23833896
23946171
23946307
23948882
23950775
23977207
24233125
24276172
24299226
24299240
24312629
24320740
24323947
24326406
24338140
24339598
24343510
24343912
24376187
24396990
24397475
24397476
24397853
24398214
24399510
24423588
24425648
24569995
24570110
24617033
24672241
24712592
24863794
24900535
24921608
25073492
25073661
25074164
25074379
25075276
25165377
25177086
25251308
25268688
25299848
25318892
25319037
25328549
25328675
25328994
25329153
25329249
25329381
25329499
25329568
25329712
25329806
25330391
25330655
25331883
25332429
25335959
25342700
25349350
25363805
25365910
25367039
25369670
25371070
25371908
25374390
25375213
25439033
25486379
25519916
25595804
25595807
25648012
25728464
25824891
25840454
25875919
25985452
25985481
25985563
26093806
26110070
26116584
26185586
26199663
26201888
26201896
26250465
26328428
26334046
26334054
26346076
26354277
26354375
26354417
26360489
26365172
26390190
26394594
26456344
26457468
26458200
26460757
26463932
26464786
26466793
26468605
26469356
26517416
26518728
26525670
26526875
26543335
26546092
26546355
26546776
26546951
26547117
26549764
26550060
26550461
26550488
26550513
26555203
26555424
26555434
26555435
26556291
26556323
26556490
26556542
26556796
26557383
26557437
26557510
26557713
26558178
26558299
26558494
26559220
26559550
26559551
26559613
26560726
26564819
26564823
26581323
26741515
26774363
26816846
26835354
26835356
26844079
26932365
26932787
26932994
26934232
27027922
27055172
27055414
27067328
27097625
27099668
27111793
27134419
27140301
27228401
27397062
27468131
27468357
27468452
27469980
27482837
27483215
27618280
27702953
27765484
27989464
28031327
28117796
28143058
28146019
28173915
28174473
28174475
28174740
28176006
28187828
28187909
28189299
28190412
28192449
28193083
28199814
28199862
28199868
28200599
28204035
28205040
28205137
28205210
28209292
28217795
28218023
28221979
28222009
28223276
28224381
28235010
28235037
28235747
28235904
28237511
28237644
28238095
28238218
28238229
28239411
28239968
28240213
28240463
28242988
28242994
28242999
28243209
28269178
28269321
28269433
28270308
28270876
28271115
28275846
28276144
28276525
28277444
28277518
28277601
28278255
28354171
28405694
28517126
28518963
28751131
28752909
28818355
28852423
28886451
28955292
28974865
28974977
28975606
28978365
28978480
28978512
28978630
28978679
28978680
28978744
28979308
28979393
29025950
29045960
29045992
29046010
29046147
29164653
29165618
29165783
29166052
29167001
29176703
29177689
29177739
29177764
29179733
29180623
29180644
29180679
29180685
29180751
29180753
29221562
29294594
29295094
29295391
29295643
29303911
29303926
29304200
29304336
29304896
29305005
29305009
29305102
29305203
29305248
29305310
29318405
29327282
29331044
29331419
29331533
29331574
29343577
29344821
29345945
29355078
29374635
29407159
29425201
29492345
29508343
29508568
29509489
29553854
29553924
29556094
29556486
29615527
29632585
29632861
29635001
29636614
29638468
29641080
29641186
29642320
29642471
29643305
29643400
29643471
29643500
29643544
29644847
29645057
29645620
29647324
29673732
29674689
29681188
29681227
29681440
29681755
29682623
29696842
29697790
29718411
29719574
29743753
29762038
29800258
29807160
29807296
29807446
29807628
29807631
29807637
29808969
29904284
29998388
30017562
30221698
30307544
30327533
30327709
30327880
30328174
30495626
30555298
30572136
30635344
30636292
30636772
30664780
30834443
30932009
30937400
30941915
30973652
30974253
30976614
31008417
31008622
31011058
31011312
31142159
31182225
31186285
31186452
31192738
31194187
31194439
31194479
31194555
31194906
31201639
31229611
31230328
31241069
31241098
31241138
31241906
31242401
31443324
31443793
31588169
31592612
31592905
31596389
31596837
31597645
31597889
31631428
31655058
31668346
31771345
31800670
31850366
31923592
31940812
32036589
32079031
32138785
32139054
32146861
32156786
32156799
32156862
32157256
32157381
32157675
32193533
32392287
32392288
32392507
32448510
32452700
32453122
32453186
32453201
32453276
32453393
32453553
32453575
32453769
32453772
32453810
32453823
32454132
32454140
32454678
32455981
32464447
32464511
32464600
32472660
32497241
32497646
32497805
32498792
32498921
32498966
32499759
32500041
32557141
32578668
32579582
32635177
32635249
32637961
32643614
32682106
32686099
32691493
32691657
32691746
32695149
32712249
32760065
32761848
32809121
32809337
32809532
32834556
32846814
32846851
32847036
32847880
32847882
32847898
32848094
32849296
32867626
32919755
32941147
33010364
33010374
33014286
33014422
33014670
33014672
33014680
33014704
33018328
33020747
33021042
33021043
33060737
33060778
33061276
33063937
33064244
33064428
33064627
33064651
33065586
33086749
33153810
33239145
33239505
33240872
33240873
33243302
33252086
33276457
33276696
33277502
33281480
33352029
33352216
33412114
33425715
33447418
33485694
33495447
33507077
33526756
33603516
33604013
33605066
33605310
33605312
33610517
33614459
33755941
33760090
33760253
33775304
33807909
33813190
33813295
33815333
33863869
33863910
33907855
33907975
33907998
33947931
33949677
33949869
33950234
33950269
33950282
33965027
33968628
33969754
33970263
33971332
33972240
33995646
33996356
34034435
34109043
34109246
34109307
34109455
34109929
34110346
34115446
34156732
34157304
34157595
34157760
34158310
34158348
34158366
34158441
34158756
34158768
34158791
34158977
34161258
34161264
34165923
34166056
34166131
34166332
34207188
34210699
34221515
34253342
34274091
34274403
34282513
34284298
34288326
34316199
34316814
34367661
34367675
34387314
34470159
34470162
34470171
34489750
34496212
34497022
34497043
34497067
34509958
34511566
34536612
34536849
34536894
34560504
34560582
34560590
34560619
34560672
34604015
34617964
34618129
34629710
34679289
34705572
34710035
34759333
34760193
34760195
34763598
34764673
34908376
34916855
34958814
34959728
34959914
34972310
34973275
34973304
34975652
34977222
34977467
34977556
34977880
34978150
34978545
34978797
35082582
35083660
35083833
35083999
35127974
35153469
35158337
35158594
35182279
35195381
35239212
35239293
35239319
35240748
35240971
35255560
35334712
35422133
35445655
35501294
35529128
35580773
35582062
35600253
35600254
35608542
35652619
35675217
35717609
35732269
35787175
35792075
35911307
35912460
35961000
35961158
35971849
35972250
35987880
35997866
36052088
36052504
36108491
36157548
36158340
36243095
36246126
36278479
36285418
36285884
36292839
36293425
36295447
36297392
36297457
36331636
36332911
36334657
36334935
36335581
36340081
36413890
36414021
36416523
36416798
36416799
36425613
36427981
36433428
36457186
36469907
36493768
36501367
36501476
36501514
36504653
36523867
36543452
36546485
36546489
36546490
36547101
36547212
36550235
36550347
36553191
36553385
36555192
36556632
36556841
36556849
36557099
36583704
36583999
36586688
36587461
36588476
36591044
36591731
36592126
36594270
36646995
36661568
36662041
36668418
36668655
36682239
36687385
36699591
36699958
36700300
36712237
36713259
36771699
36781806
36798657
36804868
36805126
36805128
36805144
36805149
36805244
36821970
36838873
36855978
36856083
36856111
36856309
36893919
37000317
37000338
37002160
37017403
37018227
37030872
37032161
37032173
37032319
37032570
37032595
37034202
37034207
37034550
37035560
37048065
37058852
37122202
37122899
37133646
37170516
37170685
37185200
37185332
37185344
37188822
37190602
37190931
37191369
37191439
37193125
37199612
37203959
37249001
37250368
37277055
37278173
37278251
37278280
37283440
37283442
37283578
37284397
37284398
37285453
37289918
37321322
37321589
37325398
37396903
37408261
37408262
37409064
37445649
37452095
37452107
37453212
37500868
37513282
37513283
37514318
37523174
37552860
37601287
37626102
37633858
37648967
37652283
37655558
37658235
37659116
37659139
37661198
37661380
37665603
37672906
37679253
37684595
37684800
37694668
37694694
37699817
37700675
37712008
37712416
37712522
37712525
37712584
37712605
37716822
37721500
37745523
37786612
37831302
37839709
37841794
37874059
37881514
37881808
37882132
37884244
37888306
37900965
37904017
37904139
37913496
37913727
37913787
37915317
37915534
37948219
38034072
38034431
38034533
38034537
38034676
38034943
38072319
38077322
38084994
38085743
38085786
38086882
38104566
38112482
38112491
38112784
38112870
38112874
38136104
38136443
38137415
38142279
38233870
38251343
38251496
38343093
38346470
38348112
38350995
38359785
38359848
38360027
38360732
38360825
38364893
38366235
38399533
38403630
38403911
38403994
38403999
38404342
38404521
38404549
38424997
38432905
38432928
38432937
38453477
38453555
38465911
38466254
38466428
38466621
38485436
38487527
38522430
38570321
38599256
38599724
38600165
38607923
38607943
38614993
38615027
38616383
38624064
38637066
38732328
38733477
38784426
38832843
38855163
39042604
39080340
39091880
39117166
39137855
39149345
39149836
39164905
39172245
39280896
39295000
39296877
39297119
39297126
39297128
39297129
39297140
39297150
39297165
39299640
39300643
39300948
39301057
39310674
39315552
39315645
39316009
39338141
39354946
39354950
39354955
39380411
39410465
39410469
39488460
39488481
39496218
39496265
39496543
39496555
39496589
39496620
39496653
39496765
39498762
39498926
39499162
39520936
39528986
39528987
39538989
39542363
39602401
39605075
39618862
39623120
39890899
39960478
40048728
40050422
40078768
40099323
40140436
40169963
40189725
40190518
40197396
40198090
40198141
40217469
40217489
40280760
40283879
40305385
40416136
40416728
40416755
40417263
40417680
40418698
40419326
40433579
40455131
40487299
40487310
40498159
40499417
40499418
40505974
40559715
40565746
40688232
40689768
40695938
40696115
40696134
40704407
40710159
40718053
40718294
40718329
40724642
40725687
40726047
40730549
40738490
40756085
40757209
40757389
40757770
40758464
40837406
40839803
40847993
40897530
40914379
40952119
40984236
41027889
41087906
41204641
41244176
41266644
41272142
41293029
41300061
41318716
41323416
41432522
488445
1127868
1127953
1129528
1130489
1130497
1139948
1140546
1144133
1144897
1148777
1149078
1153713
1157255
1158237
1164499
1168351
1174272
1179713
1180185
1181515
1189742
1190662
1191749
1196526
1197233
1204854
1207912
1208007
1208602
1215699
1216227
1216252
1221039
1223424
1225385
1237231
1240023
1241194
1248517
1250679
1254155
1258581
1262209
1269774
1280621
1281047
1292773
1298664
1304656
1308324
1311803
1316238
1340571
1340578
1341632
1360024
1360504
1372537
1372618
1373070
1373849
1374079
1383106
1383446
1388064
1388083
1426306
1432748
1442316
1454009
1477483
1499204
1502254
1507869
1514551
1537510
1543308
1543764
1544772
1545002
1545009
1550938
1552529
1555103
1555104
1556264
1741734
1771374
1798588
1808780
1813477
1819123
1819177
1839440
2183655
2292808
2300888
2331446
2877418
2895148
2906905
2923110
2959392
2963475
2966491
2974030
2992398
2992568
2996405
2999261
3041612
3047437
3052915
3052960
3053141
3054474
3092058
3094642
3094662
3094720
3095852
3096668
3098600
3101600
3101612
3102075
3102633
3103805
3103938
3115692
3117119
3120979
3125167
3125811
3127100
3127180
3127186
3128619
3149312
3151031
3193672
3203630
3206174
3223202
3251623
3256874
3358640
3361263
3366541
3408910
3439692
3455614
3455752
3455753
3455757
3461355
3474992
3477777
3540108
3540352
3540705
3541603
3545061
3545246
3577889
3586461
3656995
3658100
3694207
3694228
3694732
3695070
3695076
3695176
3695295
3695703
3695763
3696369
3696372
3696381
3696606
3696765
3696892
3696934
3710193
3710436
3711470
3735242
3738732
3739224
3798370
3955917
3957693
3992955
3995080
4001464
4265511
4271459
4276484
4288745
4302064
4304096
4304382
4305005
4306170
4306680
4345248
4349091
4349155
4349157
4376193
4376218
4484151
4492109
4492855
4493549
4493608
4493843
4493982
4497050
4497077
4500262
4508384
4515130
4536595
4546159
4558511
4562997
4565263
4566968
4570236
4570433
4570461
4570514
4570747
4570760
4571135
4641009
4668281
4670918
4674275
4800013
4809381
4812372
4812378
4815869
4815871
4838833
4939887
4983564
4983737
4983769
4983770
4997291
4998140
5012232
5061458
5061494
5062074
5062080
5069183
5148613
5148843
5149228
5169667
5191628
5194484
5271044
5389631
5655675
5659509
5687178
5694864
5755723
5755724
5777718
5777881
5812563
5948722
6114690
6186099
6208304
6208622
6209000
6209585
6209718
6209723
6209767
6209776
6209862
6218157
6218173
6247282
6258481
6258995
6300077
6301552
6305222
6321198
6417241
6464751
6464880
6465134
6472791
6474716
6474833
6537258
6537259
6537263
6569764
6569766
6578214
6680904
6718257
6774782
6917265
6964175
6964857
7024671
7066679
7067025
7067787
7068054
7068431
7069465
7069770
7069797
7069818
7070013
7070024
7070088
7072742
7073315
7257417
7392903
7404923
7460070
7461359
7461522
7461558
7461560
7464597
7464599
7553632
7564792
7567042
7578635
7578900
7581174
7584819
7623007
7675366
7730713
7763407
7827627
7836825
8044399
8322831
8323035
8323070
8323201
8589620
8616832
8617644
8617656
8617690
8617999
8640616
8838816
8838853
8839150
9611016
10666508
10846536
10850189
10868195
10895813
10896162
11114949
11357275
11424405
11509546
11619687
11678338
12148470
12194462
12261225
12332691
12891020
13111010
13121119
13270017
13322786
13407076
13855399
14070435
14085253
14109456
14232363
14243721
14396401
14403752
14421466
14437572
14495924
14732178
14759608
14852834
15069739
15108989
15313535
15324964
15325207
15369409
15377675
15378220
15378301
15380027
15381859
15381975
15390575
15395538
15395540
15395541
15402190
15604581
15668230
15789928
15801569
15864792
15864841
15922084
15922156
16160187
16319821
16326724
16420589
16420640
16421963
16422777
16422829
16422950
16423141
16423347
16423379
16423478
16423530
16424152
16424484
16424489
16500980
16554038
16557410
16557800
16558910
16559206
16570721
16573856
16574345
16576120
16589064
16589537
16589957
16835116
17124083
17198219
17265809
17290041
17329376
17752011
17763068
17849467
17857997
17879531
17882750
18008119
18029649
18029686
18050614
18076280
18096006
18096691
18121516
18123087
18166950
18345360
18345769
18354816
18355729
18375005
18396407
18465772
18465952
18465981
18466009
18466010
18466233
18466234
18473535
18595213
18595391
18595449
18595452
18595489
18596052
18625169
18630786
18636588
18654220
18684464
18684465
18703921
18709254
18757671
18822898
18822925
18823124
18823317
18831807
18832161
18832196
18832500
18832700
18872543
18873725
18874504
18878840
18894728
18922740
18923315
18924245
18924295
18947759
18951870
18966118
19187608
19195194
19246563
19321485
19321579
19879831
19898910
19971355
19971759
19974807
19981780
19982341
19982546
19982609
19982682
19982922
20262345
20495286
20506462
20518456
20547096
20551156
20660319
20660347
20669800
20822955
20823298
20859866
20859941
20859981
20859986
20894090
20925390
20933528
20934859
20934953
20935446
21008889
21008963
21013934
21143089
21147111
21150009
21151446
21151675
21154567
21161384
21270538
21277937
21278280
21279407
21285758
21285856
21286768
21287075
21287851
21288077
21288192
21346237
21386984
21387515
21387865
21435782
21436044
21436132
21436189
21436229
21436278
21436422
21436946
21475925
21510409
21527851
21528030
21533951
21534083
21538065
21538955
21539016
21554834
21555223
21555250
21555418
21555489
21556001
21556314
21556347
21556348
21556574
21556915
21557001
21557028
21557070
21648661
21669572
21672256
21723591
21724334
21845695
21967832
21999611
22018796
22018797
22019842
22020284
22020594
22020638
22020856
22123687
22124754
22173133
22193122
22193135
22208024
22262350
22318675
22318689
22341787
22469048
22469316
22470697
22473398
22473465
22473944
22474015
22474146
22710139
22715745
22730356
22730686
22730698
22730996
22761822
22939532
22957696
22974357
23036099
23054660
23152238
23152300
23344462
23493559
23984549
24072844
24147801
24152146
24156135
24175510
24178969
24183608
24183699
24191569
24191904
24194746
24196401
24214336
24214765
24215108
24215639
24216562
24216918
24218270
24224797
24233475
24233489
24233496
24233535
24234116
24234311
24329983
24363908
24367430
24367434
24456219
24456502
24456638
24458221
24518936
24564149
24595939
24801788
24801790
24804282
24806377
24806381
24817843
24818406
24822012
24837449
24838243
24838270
24838412
25053505
25053563
25053564
25053720
25053726
25053731
25053813
25053818
25054317
25054792
25054818
25054826
25054835
25054836
25055485
25055509
25055649
25055652
25055766
25055784
25055788
25055982
25056005
25056030
25056051
25056174
25056423
25056471
25059560
25059740
25059917
25059937
25060003
25060106
25060115
25060248
25060293
25060303
25060466
25060844
25060861
25103894
25104437
25104441
25104497
25104519
25104550
25104555
25104594
25104612
25104634
25104644
25104675
25104801
25104954
25105094
25105497
25106754
25108018
25114020
25119405
25119726
25122322
25135800
25320553
25371714
25372731
25373757
25374062
25374069
25374137
25374207
25375810
25375883
25376157
25376179
25376662
25376833
25376877
25384384
25384448
25384460
25420349
25431564
25439590
25439791
25447350
25448161
25469405
25477101
25482150
25563179
25723281
25770471
25770520
25818563
25966454
26101986
26102024
26102491
26103725
26109863
26110107
26110543
26111518
26114010
26194935
26195432
26582265
26582284
26618617
26621260
26904990
26905013
27157966
27174087
27174319
27196746
27196774
27308759
27308771
27333463
27434753
27479135
27480194
27480712
27489689
27885646
27987599
28345461
28506332
28567145
28593538
28593545
28593594
28593627
28617820
28712653
28726906
28795013
28836596
28836707
28837863
28863613
28912285
29005567
29006476
29006977
29007177
29007178
29007456
29108926
29143616
29154772
29174297
29217482
29241980
29251625
29257657
29301835
29302034
29421955
29478256
29486032
29532299
29532583
29679668
29751039
29751229
29888301
30002749
30002955
30012668
30085763
30128793
30163318
30164011
30198928
30204328
30208955
30234162
30270935
30325804
30326170
30326236
30331662
30333398
30335665
30344821
30357809
30357846
30358157
30358275
30465212
32152100
32248180
32304220
32317601
32320373
32337940
32343558
32354270
32354584
32354611
32362011
32369924
32371948
32380936
32425577
32473020
32474796
32475337
32475437
32477278
32478284
32478607
32479362
32516897
32521494
32569973
32666430
32671782
32675096
32774608
32774867
32809446
32810304
32810306
32943523
32992809
32992814
33066598
33070492
33163696
33252964
33261433
33261581
33261735
33261755
33261840
33261943
33264105
33280147
33286697
33287192
33449439
33463541
33463553
33515671
33517478
33518731
33531117
33550354
33591503
33674176
33896479
33919508
33952883
34136664
34154387
34154598
34155014
34233663
34236738
34239427
34287348
34287767
34300754
34322303
34360140
34373095
34379252
34379904
34403243
34419253
34481640
34484915
34487713
34527893
34532904
34532905
34532953
34687567
34697811
34726517
34728830
34783328
34803405
34814597
34872660
34903792
34914971
34957350
34961693
35097585
35097898
35097951
35108218
35109470
35115289
35118293
35120426
35238344
35294981
35294987
35375475
35377965
35388151
35534112
35540904
35629101
35632414
35635447
35642552
35643684
35645423
35650127
35696129
35713927
35739247
35800881
35800902
35801116
35821415
35828197
35828460
35829862
35829889
35830690
35830884
35830896
35830902
35831384
35834062
35834114
35834519
35834595
35895142
35895181
35895306
35895552
35895647
35899567
35899616
35921922
35922195
35922391
35922716
35922734
35922736
35923328
35923334
35923631
35923671
35923680
35953544
35953762
35961087
35965925
35965979
35966803
35966836
35967422
35967423
35967441
35967443
35967491
35991331
35991722
36032262
36037392
36091560
36100773
36166104
36289101
36313548
36402744
36496705
36497369
36497821
36628734
36628837
36637053
36661763
36661866
36672036
36682727
36683616
36683655
36683724
36683765
36683844
36684537
36684755
36684756
36684961
36685212
36685223
36685490
36685581
36685641
36685642
36685663
36685894
36685930
36714830
36729197
36739925
36743195
36830210
36839316
36851356
36851497
36913843
36933769
37114187
37166859
37176009
37191067
37196474
37202100
37234984
37235005
37235412
37235423
37235740
37235970
37236054
37246838
37321946
37437218
37437227
37478237
37483748
37571549
37571872
37573568
37573827
37574071
37574352
37574550
37576323
37576814
37590276
37607998
37628683
37634073
37644812
37652766
37656937
37674433
37703205
37703917
37705193
37706406
37706537
37707434
37709159
37721445
37726148
37762215
37796114
37796122
37796136
37796452
37796518
37805640
37806484
37828357
37856307
37877783
37877827
37928117
37933439
37947498
37959868
37959902
37975381
37976342
37976458
37977028
37977040
37983555
37983557
37983634
38038040
38067111
38083999
38087001
38106913
38205595
38212415
38226102
38227726
38272118
38276477
38330936
38361083
38383688
38384685
38402367
38467785
38520310
38865937
38897970
38923413
39004128
39043218
39043591
39063886
39063923
39100041
39110759
39111793
39122287
39145281
39203010
39234856
39253636
39254781
39297675
39327733
39328100
39328104
39337999
39338045
39339050
39339088
39341215
39355066
39355073
39378540
39382027
39382706
39382840
39418143
39418148
39418479
39420746
39420899
39422718
39448369
39448401
39456237
39458005
39458022
39458108
39458401
39460753
39461288
39463271
39464837
39465146
39469586
39470127
39485720
39490039
39490980
39500501
39501053
39522435
39522448
39522866
39522960
39523301
39523378
39523406
39525596
39526184
39526514
39551770
39551978
39560104
39578228
39604095
39604196
39615923
39629144
39636840
39653051
39654665
39661574
39661621
39663992
39667263
39667266
39667619
39667870
39667902
39667918
39687888
39687906
39738702
39750719
39750870
39777000
39790529
39790534
39808325
39808509
39808537
39808547
39808552
39808560
39808562
39851189
39863997
39868049
39868061
39868327
39868371
39868979
39869972
39870479
39876926
39884589
39924485
39924834
39924897
39925685
39925775
39925776
39941849
39951291
39951325
39953197
39958421
39975622
39976107
40014784
40014792
40014798
40057452
40072290
40114405
40139584
40140926
40140946
40140950
40140997
40200667
40200671
40241175
40252769
40255074
40255130
40256011
40257882
40259910
40262167
40262304
40264487
40264659
40264671
40264677
40264754
40264769
40264776
40264836
40265479
40265912
40269961
40286172
40302735
40341498
40342048
40355778
40356448
40357540
40412018
40414443
40418190
40444200
40445231
40445547
40457937
40457942
40493954
40495242
40495278
40495602
40497339
40497453
40541360
40542391
40559336
40569604
40574457
40574692
40588984
40664633
40667185
40686911
40710007
40710228
40710743
40711544
40711591
40711832
40713529
40713974
40714164
40715754
40744769
40777584
40804231
40984925
40986439
40991464
40992011
40992363
40993007
40994851
40995233
41109643
41109655
41113236
41118192
41134452
41144862
41148838
41150600
41151260
41153975
41163511
41166532
41177179
41179295
41180642
41190176
41192961
41209605
41218665
41232530
41274961
41371485
41379443
41391197
41393634
41404736
41434030
1339432
1353024
1368329
1387393
1390398
1391462
1413085
1442748
1447660
1451146
1452577
1452682
1461690
1498743
1551585
1595082
1598321
1598324
1598326
1621280
1645570
1647246
1647582
1714436
1735239
1736005
1751814
1758067
1758991
1774568
1788390
1835147
1838406
1839816
1841415
1852713
1853919
2148283
2235699
2318137
2397471
2449190
2449468
2454876
2501597
2511949
2531878
2623986
2624039
2674670
2681096
2867630
2888485
2928322
2988794
3055284
3068990
3069677
3069744
3069851
3069855
3070132
3070412
3075409
3075519
3086109
3093666
3096567
3102628
3103730
3103846
3103865
3104018
3104088
3104091
3104228
3104738
3114968
3115537
3116123
3116127
3116584
3119959
3127906
3130054
3130205
3134204
3134764
3190019
3228208
3229722
3232367
3249459
3250156
3253612
3253693
3253721
3254084
3307740
3317435
3419603
3697101
3863440
3893247
3940930
3941732
4094196
4101394
4204877
4223336
4237877
4402997
4434287
4455303
4456821
4457057
4612451
4664223
4743869
4774855
4776410
4776492
4776635
4776778
4776879
4830952
4837243
4843022
4882714
4895388
4895546
4902373
4904762
4904877
4905947
4907017
4908090
4908093
4923376
4924692
4927823
4940791
4977161
4977312
4977785
4986113
4995621
4995891
4995893
5003945
5004504
5060399
5061126
5062417
5183031
5183036
5183042
5215433
5246114
5250363
5296480
5297100
5377889
5393600
5439925
5440241
5456904
5475202
5479209
5602854
5623298
5651646
5651731
5651737
5658547
5664057
5672923
5675452
5675517
5692129
5699370
5700023
5704450
5704454
5764787
5764952
5766459
5812219
5812634
5816791
5816803
5816804
5816821
5816826
5816880
5817030
5817039
5822079
5845898
5854550
5854712
5854768
5854776
5854938
5854948
5855096
5878359
5878451
5881845
5935406
5938361
5940545
5973633
5979707
5979939
6000479
6022337
6036384
6052662
6057860
6058179
6058251
6058346
6062583
6068778
6090648
6090739
6090982
6090983
6091002
6091021
6091276
6091543
6125672
6140719
6141874
6151160
6160932
6177827
6177874
6177876
6194874
6260381
6265106
6265124
6265239
6288278
6343299
6358718
6362944
6362958
6362968
6363396
6363498
6363610
6363630
6364238
6364511
6364742
6364955
6365040
6365051
6365309
6380001
6388354
6388365
6388941
6408769
6413695
6413724
6418648
6419447
6446598
6451879
6452755
6453001
6453803
6454337
6454562
6456076
6456909
6459742
6459841
6461313
6461762
6482683
6482704
6485367
6486049
6486160
6489287
6489650
6489651
6492172
6493821
6500073
6500296
6500729
6500749
6515572
6528115
6575016
6575311
6601598
6602212
6620003
6646894
6707965
6708435
6708527
6708711
6709044
6709561
6709913
6709918
6709962
6772380
6813277
6813285
6813375
6814475
6815097
6825839
6838332
6838671
6844321
6851689
6852632
6852655
6853006
6853007
6853039
6854057
6854410
6854646
6888509
6949789
6950022
6950513
6950607
6950719
6950745
6951753
6964264
6972345
6972426
6977124
6977271
6978066
6979631
6983335
7043539
7088374
7107670
7116560
7175695
7229632
7229641
7236255
7266156
7366043
7371080
7414441
7416398
7416811
7481338
7489978
7491253
7494438
7494467
7495453
7496449
7519618
7519704
7538304
7538800
7538938
7538939
7539146
7539150
7539382
7546155
7558742
7558751
7560769
7659448
7690199
7690438
7691100
7703597
7793832
7855518
7875150
7899835
7917748
7917841
7917863
7918127
7918260
7929688
7991741
8001761
8004575
8004592
8004931
8023016
8023077
8335561
8335874
8342637
8342881
8342888
8352857
8352931
8352932
8353090
8409389
8453300
8456217
8456642
8459595
8459795
8459801
8459883
8459891
8460373
8460459
8460564
8461561
8461883
8462070
8468830
8468832
8479143
8609740
8610060
8614726
8625061
8708280
8709363
8709731
8710940
8731095
8757875
8761502
8761556
8788420
8842503
8849479
8867422
8867850
9022471
9057414
9089075
9090762
9091101
9114808
9115040
9115470
9116090
9116151
9170593
9376676
9462807
9474977
9474989
9475410
9486630
9511584
9562978
9563996
9564291
9564344
9564345
9566241
9572002
9585238
9637125
9740918
9782136
9783645
9813263
9817713
9821715
9825673
9826233
9826860
9826878
9829038
9833479
9834723
9834946
9850933
9862437
9862500
9863833
9864087
9864144
9864233
9864237
9864238
9864478
9864482
9864538
9864816
9864825
9864850
9865380
9865568
9865572
9925282
9926125
9926242
9926344
9926346
9926432
9926444
9926454
9926482
9926489
9926493
9926867
9927255
9927313
9927346
9927809
9927811
9927813
9927822
9928021
9928304
9928310
9928317
9928336
9928862
9928863
9928886
9928895
9929162
9933330
9934355
9934489
9934505
9934918
9935313
9935338
9935481
9936978
9937026
9937087
9937174
9937202
9937468
9956845
9956868
9957492
9957523
9957870
9958594
9958806
9958828
9958850
10034403
10046564
10047502
10076830
10077797
10077892
10078212
10172468
10219459
10219561
10226919
10234207
10234317
10246030
10246753
10246991
10246998
10247021
10247033
10247358
10247947
10307887
10321248
10351668
10369967
10384254
10384256
10412169
10417965
10432157
10644766
10644797
10644820
10644871
10710120
10713616
10713647
10713802
10714273
10714329
10714330
10715288
10715313
10715466
10715472
10715594
10716356
10716432
10716514
10716862
10717129
10717170
10717355
10717365
10717590
10717830
10717849
10784611
10785946
10851148
10855000
10855110
10862661
10862711
10867296
10873740
10876047
10877795
10878072
10885697
10886931
10887262
10887687
10888354
10888407
10888412
10888415
10888517
10888618
10888620
10888904
10888907
10889942
10895182
10895274
10895501
10895612
10895613
10895617
10895620
10895648
10898841
10915229
10921259
11028428
11105002
11107320
11125809
11146891
11147781
11158848
11158851
11194207
11247290
11253013
11260331
11260781
11364062
11427912
11430320
11440385
11440392
11444730
11444929
11445069
11446562
11447763
11448027
11512402
11519830
11520891
11530026
11540139
11563293
11625150
11786300
11804424
11804639
11804643
11804677
11805168
11806256
11806372
11806618
11830328
11870894
11904038
11904470
11914914
12054628
12077160
12078411
12078873
12079923
12205845
12343303
12343519
12343637
12343655
12365371
12365379
12365423
12368280
12407125
12425932
12425994
12479434
12507819
12638381
12638392
12648724
12660362
12673680
12674189
12674701
12676399
12692201
12692287
12694120
12694497
12694539
12696341
12703860
12726073
12726653
12727103
12727318
12778026
12794019
12913614
12921207
12921907
12932004
12961992
13020868
13042349
13042594
13042966
13056026
13084851
13112813
13113014
13113380
13125425
13125475
13125924
13126094
13135136
13144326
13144477
13149610
13150658
13151451
13152273
13175649
13220684
13222485
13228619
13230139
13232832
13256582
13395061
13401312
13401318
13409399
13591066
13599608
13603974
13611508
13652709
13652843
13741581
13851563
13951820
13952985
13953050
13970809
13976170
14031521
14031645
14032354
14032400
14032413
14032594
14033048
14061128
14111901
14121868
14197782
14197783
14198446
14312912
14318068
14347874
14352565
14363528
14419221
14421061
14438524
14438612
14440750
14458208
14484049
14484228
14484421
14484476
14487793
14491679
14558708
14623218
14907507
14976429
14990371
14990826
14990891
14990984
14992435
14993355
14993770
15060027
15065972
15150812
15152490
15172556
15211916
15212394
15212399
15213032
15215583
15215765
15215822
15215893
15215900
15215918
15216086
15216439
15216628
15216846
15216942
15298048
15298376
15298573
15298704
15298765
15298820
15299753
15356417
15356946
15445066
15447458
15448756
15448976
15449258
15465793
15583459
15600111
15619744
15699128
15776105
15792646
15823997
15826319
15976605
15986143
16095035
16358884
16679667
16709804
16723266
16737160
16739455
16739533
16740128
16740404
16740814
16741005
16741217
16742384
16742821
16770549
17500720
17508077
17548015
17560526
17845076
18046102
18318189
18320650
18322091
18322586
18322965
18323720
18329432
18583239
18675958
19188547
19260953
19981458
20545928
20548235
20662729
21042454
21060411
21112500
21167060
21169430
21171993
21172336
21212823
21217005
21263025
21265370
21338204
21350486
21357494
21369309
21421160
21430606
21461363
21691990
21710937
21720158
21732885
21739556
21741870
21798309
21807970
21808686
21811657
21892136
21965767
22129650
22140428
22149297
22203296
22246645
22246668
22247007
22247482
22250210
22250651
22257496
22530939
22557807
22557916
22647555
22648146
22665718
22667308
22669290
22856345
22978958
23066738
23102032
23103236
23228222
23228607
23228704
23228833
23230000
23230125
23230128
23236146
23266916
23307405
23348857
23352345
23352354
23352720
23354893
23354896
23358504
23368671
23369014
23369122
23369138
23383419
23394102
23460876
23538479
23673748
23684403
23686801
23686934
23687097
23687246
23687293
23687432
23688944
23689226
23689610
23689694
23691256
23691293
23693588
23694210
23703229
23706714
23721733
23722037
23723801
23727491
23728105
23728198
23728220
23742547
23746016
23751528
23751749
23752004
23767612
23769868
23770254
23770460
23770510
23874413
23996163
24029053
24066607
24067656
24068456
24071415
24071705
24073449
24073576
24073721
24076487
24077338
24077387
24077528
24077955
24078071
24079898
24079921
24080940
24081726
24082197
24083099
24083476
24083887
24084002
24084084
24084186
24085310
24085651
24086350
24086358
24130873
24167314
24415950
24606332
24647155
24710451
24793433
24914322
24962282
25079426
25118220
25152621
25152747
25155787
25155858
25155881
25587329
25594341
25594389
25595909
25614845
25615777
25615859
25677538
25683038
25706286
25829775
25839912
25840338
25840631
25841481
25841949
25842098
25842263
25996554
26010032
26017261
26021145
26021150
26026852
26034811
26035308
26036960
26036988
26037341
26037342
26037440
26037689
26039386
26039680
26039725
26040101
26040183
26040859
26052049
26052607
26053392
26053443
26053498
26054286
26054465
26054914
26054929
26055109
26055219
26061925
26073729
26090298
26090459
26090662
26120547
26121473
26150349
26198972
26201454
26208841
26208906
26208907
26209559
26210574
26212184
26212720
26212807
26212820
26217257
26226378
26226866
26226895
26227185
26227205
26227371
26241362
26253240
26254932
26255049
26255343
26255345
26255353
26255373
26474678
26520092
26520209
26520272
26520608
26520893
26521041
26521149
26521319
26521537
26521556
26521636
26521906
26521981
26522103
26522140
26522406
26523632
26523651
26523754
26523862
26523961
26524049
26524491
26524860
26525462
26603931
26606422
26611157
26612473
26625314
26625317
26625319
26625804
26625830
26625981
26626179
26626693
26627087
26627148
26627317
26634066
26887883
26888480
26888568
26892750
26963727
27098035
27098137
27098391
27098783
27098997
27099214
27099417
27100030
27100084
27100104
27215585
27216179
27223526
27399377
27399656
27412225
27437649
27448042
27448378
27448671
27449471
27449608
27449612
27449662
27449760
27455815
27456039
27456203
27456247
27456466
27456561
27457127
27457163
27457835
27459451
27459488
27459533
27609041
27724001
28107994
28108021
28108088
28122315
28132919
28133101
28139046
28225755
28226327
28270761
28296661
28329650
28329977
28330689
28330969
28404855
28426698
28598135
28603227
28640284
28689006
28703614
28711402
28712719
28727806
28733890
28862897
28925517
28964605
29000059
29163087
29218548
29246518
29312070
29337592
29337832
29337953
29338044
29352276
29834601
29887899
29983104
29984140
29985164
30134958
30179499
30179755
30201449
30202756
30214464
30770821
30870231
30870776
30886319
30986059
31051956
31052488
31053167
31053467
31103661
31123066
31129753
31130556
31130785
31130945
31140321
31164983
31171946
31176775
31177470
31177471
31177585
31182594
31183516
31184103
31184233
31184393
31184950
31184990
31185193
31187458
31187677
31187816
31187862
31187890
31188393
31188679
31188981
31189024
31189222
31189921
31190059
31190078
31190339
31190569
31190965
31196819
31196904
31200148
31200151
31200192
31200226
31200654
31202250
31202682
31202759
31203268
31203280
31203289
31205976
31205985
31206090
31206567
31211076
31211777
31211812
31248797
31336058
31363173
31368154
31368460
31369218
31373329
31373819
31373887
31409872
31410139
31421775
31475253
31478540
31479082
31486738
31486945
31488678
31519209
31685199
31730077
31734510
31801038
31833738
32134115
32138661
32210768
32241858
32366876
32367416
32367788
32378142
32395785
32395899
32396006
32397342
32397651
32397703
32398069
32399082
32399161
32399325
32399465
32399611
32399687
32399703
32400056
32400057
32400123
32400211
32400653
32400916
32400917
32400979
32401025
32401380
32401580
32401595
32401971
32402692
32402701
32403186
32403298
32403412
32403797
32404646
32404878
32404899
32659767
32660710
32661170
32661196
32661355
32661711
32670265
32671033
32671593
32671762
32673413
32734527
32735523
32736741
32744325
32744386
32744590
32882002
32883304
32883495
32883683
32898517
32910067
32912419
32955443
32955471
32964610
33152438
33172822
33224063
33224064
33225521
33253875
33371971
33371992
33428321
33428459
33442307
33466812
33605446
33640263
33647753
33655477
33810457
33820119
33822764
33822870
33823023
33823618
33824059
33824458
34078312
34098926
34114981
34167959
34282687
34326711
34348323
34410870
34411250
34411281
34479865
34489239
34489246
34489343
34489347
34489391
34489484
34489580
34489640
34501486
34501514
34503094
34503467
34503502
34503506
34503573
34613175
34698747
34711701
34786966
34808960
34827600
35108331
35108377
35108463
35130693
35156375
35228494
35228590
35228610
35228990
35229289
35281026
35285999
35289780
35418208
35418872
35419198
35419308
35440744
35473513
35482599
35482630
35482775
35494578
35495112
35541752
35802035
35821856
35827616
35827620
35849076
35849162
35849403
35872977
35888011
35888395
35888472
35888735
35888953
35889792
35890399
35890405
35890473
35892758
35893518
35893602
35894143
35894150
35895424
35895495
35906572
35907032
35907880
35908319
35915156
35915225
35915909
35915981
35955746
35967826
35997859
36000866
36007028
36067129
36068167
36068253
36068300
36068419
36069738
36069950
36070109
36070147
36126627
36127640
36128706
36128738
36128765
36139359
36140216
36140251
36141322
36199043
36207282
36224209
36314334
36382378
36438790
36521264
36530549
36532868
36532878
36551206
36594357
36594389
36594416
36594530
36595363
36595496
36596049
36604094
36604882
36605001
36605403
36627870
36632206
36648298
36648358
36648371
36651144
36656389
36657847
36669768
36696704
36696768
36696855
36696895
36716450
36716795
36716806
36716818
36716855
36716930
36717291
36717592
36717597
36717610
36717623
36717800
36717849
36717850
36717881
36717913
36731573
36758734
36779602
36779607
36797671
36798241
36798277
36798640
36798674
36798679
36798829
36799199
36799468
36799690
36801439
36801457
36803738
36810740
36811878
36811989
36811991
36812055
36813230
36838939
36839897
36841484
36841618
36841715
36841907
36842688
36842696
36845301
36845431
36845724
36845770
36869600
36884431
36893667
36895502
36895623
37110244
37110961
37131746
37143855
37156501
37161021
37162864
37186859
37265540
37275718
37275915
37275956
37282257
37291626
37301533
37316096
37318440
37376319
37427819
37484478
37485219
37562532
37592727
37605803
37663865
37710209
37821564
37981459
38016368
38016374
38050962
38062309
38062334
38084283
38100821
38101078
38110883
38119646
38121595
38138680
38144681
38146045
38146046
38146169
38149847
38155526
38155545
38155610
38155611
38164806
38280570
38281686
38281747
38281763
38281950
38282081
38282084
38282265
38282268
38282317
38284441
38285995
38286239
38286297
38286299
38286300
38286352
38286383
38307763
38337940
38350237
38358213
38369504
38376317
38381132
38416138
38432327
38432328
38432333
38432612
38451405
38453679
38461408
38475511
38480830
38502469
38503396
38503398
38512470
38520405
38528515
38528692
38529502
38529883
38551706
38571388
38571389
38571709
38573070
38574172
38574425
38583131
38583312
38584824
38585299
38585649
38585827
38585925
38585983
38588230
38595635
38596639
38596760
38598735
38601276
38601942
38602630
38602708
38602710
38602744
38603006
38603079
38604395
38604628
38647664
38655839
38660650
38669655
38670728
38674402
38684563
38702528
38716445
38728263
38730479
38787224
38788217
38789394
38789767
38802963
38807320
38808102
38808406
38814464
38814515
38815778
38816279
38864002
38864378
38881586
38901500
38910680
38933325
38933562
38933753
38957390
38961840
38968449
38972093
39001335
39109973
39109978
39115301
39181226
39182379
39184620
39202224
39202897
39208883
39209961
39319855
39324246
39324392
39408745
39432655
39432809
39438337
39439498
39439920
39440036
39494699
39505568
39513943
39622223
39622657
39649469
39725217
39726364
39770269
39784622
39784637
39789223
39789428
39789721
39789784
39791846
39834162
39865440
39873851
39878788
39879085
39881170
39890123
39899217
39904617
39906228
39922391
39948920
39963419
39966040
39966925
39969169
39992184
39995757
39996448
40006766
40008058
40009685
40015752
40025732
40040248
40045653
40045758
40046308
40047612
40047955
40056483
40124870
40125491
40130626
40132757
40134211
40135220
40139988
40146947
40155872
40196001
40205968
40206947
40258552
40371575
40371772
40371774
40371804
40371852
40376171
40376914
40377760
40380425
40381806
40392464
40398292
40408810
40408968
40415551
40415817
40444456
40510606
40511647
40553813
40656852
40657008
40681354
40687525
40695815
40728521
40730807
40784283
40784462
40843943
40846735
40990021
40996147
41025343
41030106
41034828
41035050
41041715
41042562
41042897
41052694
41054216
41071077
41078834
41079455
41087086
41088164
41096815
41097099
41104429
41135374
41143825
41145813
41169234
41170432
41173054
41175420
41176450
41176904
41177914
41179753
41180394
41181704
41182055
41183771
41184020
41184547
41184976
41185724
41186623
41187125
41187912
41188028
41196529
41197712
41197824
41198227
41199034
41200631
41201969
41202235
41209133
41210027
41214196
41221599
41230104
41230106
41231112
41232284
41235070
527389
675060
701597
703237
704063
705814
708032
711992
753152
766490
860306
887031
889347
889349
891767
892926
893768
894065
900796
905605
914480
918458
934413
961644
1122394
1122410
1128431
1153396
1204966
1226400
1318133
1318138
1320552
1320788
1323393
1326324
1405054
1406067
1454932
1493544
1578755
1636322
1643003
1668292
1698170
1747330
1777641
1789666
1804795
1862316
1868217
1900902
1914753
1914913
1918216
1933296
1981363
1981568
1982124
2113777
2114478
2143175
2196297
2217531
2217750
2227453
2240766
2249740
2251907
2253817
2254051
2277733
2287165
2333015
2366397
2372545
2376702
2376854
2377135
2377211
2378043
2383695
2398903
2429404
2429570
2500292
2521697
2522571
2536414
2538989
2539097
2539098
2539143
2539147
2559139
2575724
2575798
2575880
2576011
2614297
2708421
2714470
2714805
2715165
2753424
2764034
2795916
2849871
2855440
2855457
2856574
2905683
2924123
2944131
2944326
2949382
3004890
3030441
3030968
3031952
3033854
3033858
3035054
3035899
3036445
3054252
3056813
3064610
3069753
3085082
3094081
3128052
3133758
3152124
3167010
3174069
3185367
3244909
3259068
3266013
3266913
3297509
3298218
3309347
3342033
3388427
3404519
3405040
3413267
3414655
3417211
3433982
3434181
3434308
3434343
3434433
3434612
3434617
3434624
3434679
3434680
3434761
3434806
3434840
3454365
3457203
3457234
3469683
3482144
3491521
3491529
3491530
3539912
3542449
3544268
3544317
3547041
3547242
3547248
3606171
3714459
3740390
3741458
3806239
3819253
3819590
3856444
3871540
3938562
3938867
3938921
3938936
3945088
3945405
3945430
3945807
3949269
3951478
3963336
4000487
4005252
4024378
4024974
4040959
4056486
4059219
4075103
4078488
4088108
4088217
4089149
4162849
4172699
4185020
4224586
4241589
4253494
4268649
4268709
4268778
4274943
4274992
4286280
4288769
4310509
4319588
4354954
4355260
4355358
4355427
4355622
4355659
4359372
4359375
4359734
4372399
4372475
4372517
4372534
4372710
4380639
4389205
4406610
4410035
4426882
4433346
4433885
4433953
4438754
4459439
4522284
4522441
4529996
4551057
4572482
4587757
4603071
4621546
4633965
4653142
4757470
4761491
4761911
4769601
4769787
4770329
4836166
4857210
4857242
4857480
4857550
4857554
4857572
4857741
4857774
4857926
4857930
4858089
4858106
4858135
4858148
4860879
4867039
4867061
4898070
5060486
5076789
5079520
5089619
5146876
5201503
5302990
5352389
5411337
5412907
5516953
5519399
5577337
5577458
5581125
5626447
5628271
5680011
5680685
5689048
5689050
5689289
5691062
5693858
5747901
5749802
5750073
5754235
5755005
5755931
5756631
5757188
5757446
5758515
5758774
5758818
5759095
5759395
5764439
5767549
5771768
5772259
5772559
5772652
5773625
5773663
5774188
5774205
5774240
5774317
5774373
5774576
5774881
5774909
5777114
5777175
5780141
5780206
5780298
5780545
5781162
5781230
5781331
5781588
5781687
5781709
5781895
5782094
5782444
5782749
5782761
5783102
5783220
5783538
5784297
5784534
5784899
5785193
5785356
5787660
5788095
5788664
5788694
5788726
5788732
5788744
5788957
5788999
5789188
5789209
5789217
5789268
5789510
5789533
5789691
5789702
5789781
5790210
5790458
5790572
5790598
5790601
5790602
5790725
5790810
5790832
5790884
5790915
5790961
5791059
5791130
5791134
5791149
5791170
5791239
5791242
5791677
5791690
5791744
5791746
5791822
5791823
5791881
5791963
5792034
5792078
5792088
5792337
5792375
5792384
5792685
5792715
5792804
5792821
5792831
5792839
5792842
5792937
5792982
5793046
5793087
5793319
5793326
5793361
5793391
5793429
5793441
5793450
5793463
5793469
5793546
5793551
5793619
5793822
5793908
5794126
5794193
5794205
5794218
5794224
5794229
5794282
5794467
5794476
5794806
5794809
5795031
5795042
5795179
5795215
5795229
5795237
5795263
5795508
5795702
5795709
5795784
5795787
5795921
5796032
5796067
5796183
5796878
5796952
5796991
5797105
5798304
5798333
5798339
5803680
5804313
5820043
5824452
5824663
5845053
5845131
5858637
5860383
5860396
5947927
5964453
5969390
5969391
5969476
5970954
5985958
5986015
6018612
6018868
6019043
6019171
6035837
6039899
6043872
6045078
6045196
6071543
6076217
6077464
6079751
6082170
6082682
6114809
6114810
6118151
6118287
6118681
6119445
6119570
6119971
6120176
6120816
6121303
6121343
6121558
6121633
6122596
6123047
6123052
6123136
6123160
6123197
6123280
6123659
6123693
6123710
6123739
6124077
6124113
6124286
6124333
6124513
6124522
6124604
6125114
6125654
6126371
6126985
6127204
6127677
6127946
6129019
6129083
6129099
6129107
6129110
6129283
6133681
6136286
6136292
6136332
6136517
6187898
6188089
6191367
6195180
6195598
6195742
6196330
6231483
6260572
6298600
6298737
6298785
6306314
6335268
6350026
6350639
6367917
6474516
6485581
6485668
6508816
6508881
6508907
6519338
6580914
6597201
6599142
6614554
6749158
6749198
6799008
6860665
6866283
6866483
6948277
6948489
6948506
6948510
6948524
6948529
6948954
7045123
7045310
7060088
7060124
7060146
7060270
7060685
7063471
7073916
7075560
7075652
7075770
7075779
7076310
7076312
7087356
7117105
7127289
7127380
7130781
7130787
7131774
7131775
7144341
7144982
7145702
7146449
7146533
7146978
7147119
7168122
7174154
7179902
7187825
7188375
7241803
7241816
7246353
7267970
7269116
7269393
7286422
7286597
7311812
7393656
7393701
7413322
7451994
7519278
7519952
7520511
7527565
7570363
7698101
7730445
7753952
7784508
7928194
7928203
7929179
7929656
7931545
7931597
7960176
7962207
8012860
8040432
8052516
8054183
8068787
8084006
8099193
8100268
8133748
8137673
8191832
8269509
8270241
8302563
8308784
8314494
8336389
8336947
8340570
8423570
8497850
8498229
8556463
8556593
8606901
8607012
8607411
8607482
8608277
8611415
8611418
8611585
8612044
8612061
8612233
8612256
8612310
8617061
8642467
8654664
8654798
8654885
8654928
8655097
8666331
8666680
8723411
8723457
8738265
8742730
8781952
8781955
8792702
8793582
8798948
8878971
8972689
8973394
8973956
9241686
9362429
9435421
9435857
9436176
9443934
9688422
9754551
9755648
9756244
9757271
9757590
9757721
9757722
9761272
9761951
9763376
9763606
9763788
9770036
9770843
9773373
9773415
9773462
9773463
9773611
9773688
9773769
9774473
9774693
9774717
9774745
9775520
9775556
9775557
9775693
9777251
9777490
9780538
9780599
9780940
9781442
9781457
9781478
9781552
9783329
9783364
9783369
9783392
9783690
9783848
9783887
9783940
9783942
9783949
9783969
9784000
9784107
9784126
9784246
9784419
9784502
9784524
9785148
9785213
9785214
9786179
9788027
9788121
9796495
9796778
9802722
9821094
9821463
9821466
9822438
9826663
9826864
9826888
9826915
9827225
9827240
9827244
9827522
9844659
9918080
9966284
9986551
9986611
10015955
10044496
10055595
10055750
10060923
10061157
10061357
10063121
10139784
10257760
10338740
10505664
10529751
10529996
10530713
10531247
10531335
10532332
10532625
10532628
10532936
10533049
10533181
10533401
10533413
10533418
10597719
10651025
10655570
10655678
10674831
10714123
10781523
10802118
10810011
10854411
10882509
10882674
10882937
10883282
10885827
11012130
11012305
11012355
11012361
11012372
11012711
11016108
11016725
11017065
11030949
11066786
11067407
11067609
11112186
11112256
11159138
11215001
11215271
11215412
11216748
11218572
11218800
11218873
11233830
11254976
11256039
11256251
11300890
11305804
11307530
11307670
11308856
11308868
11309211
11311308
11311431
11311453
11315196
11374861
11421501
11508418
11563919
11574662
11574714
11574971
11579381
11603185
11612440
11617053
11640329
11641572
11641658
11641775
11644146
11644202
11644209
11644228
11784402
11920288
11973295
12156246
12408442
12423608
12447437
12447467
12517778
12517893
12698499
12698537
12700004
12700848
12702671
12849552
12850740
12851121
12851197
12851381
12852627
12853224
12853507
12853593
12854070
12854893
12860017
12860241
13004780
13005423
13011889
13021479
13021931
13022033
13022194
13022380
13049211
13139241
13174801
13228425
13328144
13348274
13348919
13348922
13349569
13352446
13362526
13378827
13379529
13379850
13379877
13380922
13382495
13384766
13385784
13385918
13386140
13386866
13388316
13388600
13389479
13389814
13390373
13390586
13395888
13396853
13434578
13465622
13465626
13467742
13467759
13467935
13468089
13468634
13468763
13470419
13470490
13470559
13473389
13473518
13473540
13473577
13473599
13474362
13474404
13474675
13474923
13475222
13475607
13475908
13476030
13476163
13476164
13476366
13476714
13477434
13477778
13477853
13478424
13478440
13479444
13479716
13479744
13480434
13480464
13480686
13480688
13480762
13480765
13481170
13481187
13481234
13481266
13481470
13481901
13481976
13483400
13483795
13483815
13484031
13484503
13484984
13485100
13485203
13485251
13485457
13485675
13485685
13487603
13487729
13488871
13489500
13492443
13502770
13504364
13507167
13509621
13510615
13511219
13511272
13511310
13511361
13512344
13512815
13512995
13529696
13532102
13533642
13535558
13536397
13538916
13539862
13553216
13556072
13556957
13557545
13557665
13557951
13558021
13558443
13558655
13558898
13559212
13559222
13559229
13561034
13563535
13563551
13571276
13571398
13573825
13573827
13578115
13580763
13583024
13584366
13592530
13593743
13595929
13596120
13598398
13598490
13599889
13600223
13602489
13603808
13607190
13614516
13616738
13619421
13620251
13621491
13757335
13757398
13758777
13759011
13760116
13813176
13845499
13846571
13846683
13846754
13932659
13935521
13936108
13998406
14010989
14011253
14139651
14140674
14141010
14141017
14141153
14141206
14142635
14142804
14177548
14191314
14194034
14194039
14194041
14194150
14194282
14194413
14194471
14248594
14269813
14270379
14271026
14427896
14428373
14428445
14430171
14433944
14435377
14454678
14468045
14492143
14492540
14513495
14522784
14555126
14630680
14640456
14663433
14665493
14678214
14728251
14728582
14820945
14821531
14859851
14899702
14911588
15077554
15097478
15113050
15128294
15134103
15134960
15134961
15134965
15244470
15244561
15244799
15245289
15276809
15276818
15291415
15321820
15410670
15410850
15416548
15416808
15417031
15418738
15419722
15424565
15430694
15458596
15459764
15514186
15621471
15623926
15625110
15630188
15631999
15632011
15633968
15636357
15636615
15636760
15636770
15655693
15660030
15660128
15660329
15660800
15688254
15688268
15688287
15688368
15698589
15698794
15699586
15718605
15736102
15741267
15742393
15746375
15747340
15759428
15803294
15809501
15816269
15816836
15817147
15817571
15817635
15819166
15879542
15882558
15884697
15885123
15889408
15895351
15908589
15913811
15913931
15931252
15931677
15938055
15962154
15962162
15962965
15963035
15966057
15966065
15966427
15966484
15966682
15966735
15967561
15967607
15967815
15967896
15968138
15969483
15969749
15969786
15971595
15972746
15976881
15977311
15977322
15977328
15978375
15978535
15979080
15979190
15979379
15979507
15979971
15980301
15980405
15980474
15980694
15981675
15981719
15981736
15981977
15982080
15982343
15982406
15982516
15982775
15983091
15983253
15983303
15983424
15983802
15984250
15984705
15984711
15991681
15995440
16028092
16028551
16028552
16028576
16071915
16074219
16074224
16074806
16075009
16075222
16075230
16075323
16075618
16076120
16076261
16076444
16076486
16076571
16076645
16092801
16111047
16111623
16131284
16265054
16312465
16375183
16381344
16382952
16537904
16544268
16551747
16551846
16593770
16596676
16615533
16643001
16726346
16753013
16765013
16771629
16771861
16772133
16772444
16772475
16772637
16772724
16773299
16773613
16773624
16781625
16781635
16781990
16806690
16819542
16925376
17056284
17056890
17057155
17057157
17096771
17152537
17152577
17152694
17152701
17211460
17271369
17273603
17295017
17303539
17304858
17304971
17308678
17309710
17320580
17401386
17403498
17465916
17466182
17467996
17482015
17505169
17521364
17521716
17571035
17600655
17601485
17601548
17604874
17607786
17607808
17608210
17608230
17608335
17609340
17609588
17609696
17609700
17609994
17610009
17610020
17610040
17610058
17610065
17610071
17610213
17610232
17610289
17610325
17612108
17612263
17619372
17668488
17679647
17814479
17822075
17822201
17841814
17842489
17843714
17844092
17910681
18160611
18169018
18169617
18169664
18170883
18171926
18191812
18197689
18198063
18199037
18200631
18200632
18200791
18200823
18201541
18201622
18202253
18210885
18211014
18211037
18274177
18276226
18288478
18330131
18330134
18357383
18400217
18408206
18413002
18413029
18413050
18413066
18415550
18416006
18416254
18416706
18416847
18417616
18417914
18417938
18418525
18418706
18419653
18423187
18423617
18423657
18423779
18456775
18592384
18610158
18673771
18674574
18674875
18675297
18675887
18676526
18676639
18686431
18748645
18836220
18859248
18939909
18956241
18978333
19126089
19176078
19176098
19176105
19177137
19177513
19177724
19177759
19178386
19178534
19178746
19179118
19179132
19179149
19180645
19180830
19180875
19181069
19181124
19181272
19181273
19181343
19181350
19181364
19181504
19181937
19182194
19182683
19182801
19182888
19182890
19182906
19182907
19182910
19182926
19183113
19183345
19183367
19184250
19184661
19266054
19486009
19486502
19557582
19557587
19641583
19877966
19880787
19896815
19897844
19897849
19898401
19900676
19900805
19900808
19901466
19901557
19901585
19905558
19905695
19907163
19907350
19907566
19907603
19907646
19908161
19909589
19910030
19910180
19910583
19911927
19912165
19912591
19912776
19913117
19913348
19914186
19914240
19914699
19915251
19915318
19915393
19916449
19916851
19917837
19918418
19918687
19919107
19919298
19919573
19920100
19921121
19921162
19921410
19921436
19922927
19922982
19923298
19923402
19925778
19925950
19925963
19930274
19930934
19931167
19931964
19933672
19935619
19936712
19937174
19940110
19940154
19941580
19988283
20083053
20553246
21051146
22476913
22513960
22585821
22586644
22601851
22736835
22737215
22737662
22739773
22739883
22739884
22739896
22739959
22741677
22741715
22741739
22741753
22741778
22741878
22741919
22741926
22742020
22742042
22742084
22742151
22742239
22742293
22742325
22742415
22742459
22742696
22742719
22742720
22743052
22743089
22743096
22743130
22743470
22743688
22743697
22743751
22743800
22743887
22743907
22743909
22743952
22743954
22743966
22743970
22744015
22744086
22744137
22744155
22745454
22747097
22747101
22747179
22747336
22747476
22747485
22747621
22747939
22748084
22755863
22757905
22758669
22759058
22831982
22841699
22842071
22842600
22842747
22842828
22843039
22843184
22843570
22845484
22846638
23111427
23116091
23116252
23116481
23116502
23116516
23181165
23235864
23236176
23236317
23251364
23253319
23297574
23332013
23333338
23333764
23335959
23343060
23343090
23343407
23344314
23344343
23345744
24016348
24036382
24056739
24125661
24129194
24129593
24136103
24145937
24231349
24294236
24435160
24481344
24524477
24565768
24572121
24629180
24681812
24820049
24824876
24826769
24987613
24991829
25247458
25261672
25349576
25349675
25355991
25357879
25358038
25358473
25609669
25677205
25837949
25837950
25839593
25891653
26031031
26105830
26106955
26145953
26146345
26147166
26148604
26192650
26245793
26518312
26554848
26555511
26555645
26555907
26557287
26567895
26578418
26589541
26612862
26613665
26613794
26616573
26616953
26617242
26617650
26618029
26618030
26618176
26791289
26825060
26907204
27132347
27163157
27261777
27331565
27341721
27342035
27350988
27353457
27353484
27353494
27353711
27354166
27363953
27433181
27434200
27462911
27621680
27625894
27694531
27708086
27713112
27713114
27713169
27713180
27763606
27804954
27805891
27811611
27850328
27897648
27926242
27926810
27927014
27927278
27927297
27927304
27927339
27947158
27947801
27948065
27948992
27952894
27953790
27972254
27995920
27999719
27999829
27999830
27999839
27999847
27999857
27999881
28005361
28005432
28015452
28024646
28032778
28041274
28044795
28062815
28092340
28092821
28097056
28097059
28097065
28150126
28193530
28193544
28197459
28209805
28211379
28343598
28343898
28357042
28382411
28399675
28405812
28432811
28732837
28839305
28870418
28872993
28874393
28877978
28880577
28881166
28881396
28884442
28884565
28884819
28908465
28935902
28967457
29067262
29068313
29281068
29297507
29340917
29474798
29475223
29475254
29545547
29796787
29796866
29796896
30151942
30176814
30181800
30186204
30186270
30186281
30186291
30195704
30204407
30204517
30210555
30213185
30213268
30217790
30217791
30232144
30236182
30243122
30248832
30374841
30424295
30440591
30440600
30493540
30494070
30494294
30494602
30494604
30494682
30496065
31011871
31094910
31110351
31110494
31142178
31216968
31284104
31284250
31363416
31376121
31376134
31386910
31539849
31609043
31609045
31642794
31650505
31748851
32690713
2859180
4032862
4041122
4183763
4271092
4293804
4294292
4294821
4296459
4298658
4298729
4299211
4300023
4300185
4301775
4301923
4302362
4302406
4302490
4303730
4303737
4305928
4306207
4308807
4308858
4308939
4309022
4311451
4311471
4311509
4312050
4314253
4314258
4314263
4314532
4314727
4315039
4315387
4316545
4317550
4319726
4320104
4321443
4322114
4367834
7847510
7848197
7913317
7916089
7916922
7918813
7921479
7928903
8201005
8201007
8273094
8274069
8274258
8275563
8276622
8326377
8466735
8493538
8504905
8505622
8505810
8505816
8505823
8505869
8506156
8506183
8506256
8506266
8581812
8581848
8609242
8609243
8609414
8609416
8609507
8609691
8609730
8613519
8613898
8615635
8618145
8620031
8621228
8681575
8832682
8941720
9002343
9067286
9068249
9068256
9068258
9111182
9127985
9128429
9128448
9314094
9323516
9324588
9326152
9357695
9394734
9413600
9416685
9416748
9418405
9419367
9419531
9422245
9424021
9430421
9431339
9433600
9484651
9834926
10037343
10066319
10066408
10066555
10066780
10067033
10067038
10067106
10067158
10067338
10067405
10069617
10069619
10069792
10069983
10070483
10070660
10075772
10078959
10085212
10085572
10182713
10199198
10239497
10239546
10239851
10411878
10416477
10420193
10435788
10435993
10436479
10436521
10438188
10438774
10448661
10448768
10469891
10472798
10516264
10537222
10537309
10537318
10537500
10544019
10544076
10560948
10567611
10567663
10602515
10627374
10627390
10627404
10627730
10631062
10632588
10636039
10636698
10675846
10710046
10710053
10742922
10770593
10770618
10772098
10783427
10783535
10785773
10785810
10785856
10786137
10786154
10786157
10787028
10788040
10788123
10788182
10788206
10788221
10788344
10788356
10788413
10788452
10788454
10788490
10788638
10788639
10788640
10790910
10793058
10796447
10797471
10798276
10808009
10816434
10817417
10838634
10839292
10839366
10844481
10845890
10846999
10847064
10848923
10848924
10850329
10853269
10853754
10853781
10853943
10854024
10854085
10854153
10854351
10854383
10854987
10856053
10856134
10857026
10857618
10857746
10857755
10857784
10857829
10859624
10859626
10860034
10860261
10860501
10860544
10860604
10873411
10873636
10874602
10876727
10876865
10876871
10877994
10878622
10879853
10882796
10882835
10883581
10884534
10884685
10915273
10923813
10924111
10924161
10926181
10926591
10927302
10927441
10927711
10927731
10927840
10928012
10928337
10928379
10928441
10928442
10928448
10929380
10929526
10929534
10929948
10931766
10934073
10934087
10934256
10935215
10935809
10936365
10936983
10942817
10943078
10946592
10971412
10991795
10993711
10993714
10993943
10994598
10995086
10995168
10995907
10995910
10996007
10996062
10996067
10996078
10996128
10996323
10997190
10997297
10998799
10998800
10998802
10998822
10998871
10998872
10998930
10998937
10998944
10998973
10999011
10999016
10999022
10999038
10999040
10999050
10999126
10999162
10999190
10999194
10999197
10999210
10999750
11000774
11000870
11000901
11001139
11001145
11001222
11001240
11001435
11001471
11001472
11001484
11001592
11001967
11001972
11002055
11005359
11005362
11005522
11005614
11007150
11015319
11015352
11015423
11015845
11021856
11022054
11022170
11022840
11022876
11023309
11023547
11023550
11023583
11023597
11023666
11023690
11024215
11025254
11054727
11060681
11061544
11061771
11091088
11091644
11091669
11164622
11164630
11166669
11167226
11174430
11174556
11174622
11180547
11180672
11216780
11235495
11249531
11249534
11249895
11249926
11250181
11250228
11250964
11251436
11375231
11409751
11418930
11422593
11424294
11424426
11424444
11424446
11426618
11591487
11591614
11599627
11599812
11662367
11695492
11719433
11737338
11744616
11744660
11745785
11746286
11746363
11746385
11746391
11746407
11746421
11746455
11767008
11825577
11825867
11827462
11847403
11847404
11853890
11900009
11911732
11916278
11923388
11932960
11938052
12047316
12047541
12048935
12087924
12088153
12107935
12108131
12110582
12111342
12111653
12115433
12116591
12150381
12150673
12150861
12152446
12154731
12154851
12190497
12206908
12252863
12253536
12253735
12267770
12288037
12290256
12290453
12332627
12357751
12367974
12368010
12368183
12394354
12399114
12401183
12435992
12485764
12486795
12487366
12489720
12490147
12513687
12514014
12550349
12553312
12583751
12583799
12583839
12603736
12684871
12684889
12684897
12685405
12685812
12792087
12809724
12833960
12833989
12854489
12946134
12976663
13008098
13083418
13115245
13115275
13133658
13711266
14131728
14336489
14338313
14444583
14445302
14934451
14950385
14958171
14980147
14980647
14983701
15017856
15017964
15017983
15052629
15061764
15062113
15062322
15062370
15070287
15072977
15094266
15181341
15181552
15194511
15225844
15302685
15308152
15308340
15331966
15352310
15404907
15411704
15501138
15501210
15501320
15501365
15546138
15615222
15631536
15641565
15653287
15694239
15694434
15694732
15700561
15722063
15726623
15727125
15729348
15754206
15856669
15894027
15894498
15894525
15895059
15896482
15896608
15896619
15918698
15918717
15941930
15947910
15947985
15952194
15959665
15984738
15985283
15985466
15985641
15985679
15985686
15985739
15985770
15985786
15985876
15985891
15985895
15985950
15985961
15985994
15986084
15986091
15986111
15986152
15986618
15987386
15993278
15993296
15993826
15996164
15996600
15999179
16004691
16059599
16059676
16067210
16083099
16096714
16096852
16098736
16103462
16103509
16117054
16169517
16169924
16171929
16175000
16175004
16175637
16175638
16190947
16199338
16201828
16212491
16295662
16366974
16377561
16377576
16377768
16437534
16461368
16464329
16465123
16466854
16467698
16471177
16471214
16473289
16514450
16643040
16661428
16661547
16661589
16661868
16662480
16664527
16664961
16665177
16665448
16666059
16666095
16666148
16666166
16666226
16666267
16666322
16666474
16667233
16667243
16667269
16667738
16667903
16668063
16668229
16680523
16681211
16681241
16690240
16690335
16694670
16694740
16694775
16694876
16695613
16697282
16697286
16697299
16700196
16708989
16725915
16726044
16726089
16726308
16727498
16811504
16812257
16812902
16812906
16812950
16812963
16812964
16861199
16882164
16904280
16904978
16910676
16943292
16949372
16951141
16954787
16955758
16955776
16956712
16978135
16978744
16979590
17043384
17043450
17044048
17047359
17159019
17281581
17355300
17422603
17426936
17472861
17492385
17551625
17551646
17551662
17563951
17575839
17632467
17645228
17686249
17699791
17711693
17808725
17808726
17825505
17834043
17834364
17834586
17834639
17834644
17841376
17846748
17855694
17856416
17857100
17857109
17857321
17861267
17882665
17882746
17883867
17886839
17908923
17909054
17913665
17915451
17915483
17915741
17974094
17976252
17982815
17986187
17986391
17991089
18007473
18008517
18054167
18054286
18057793
18069481
18070776
18070778
18070783
18089106
18089119
18089766
18110009
18228906
18260486
18297155
18305744
18306338
18314017
18314312
18314336
18317210
18317280
18317435
18317619
18317634
18429269
18432614
18432755
18434884
18435158
18435161
18435341
18478151
18478216
18478464
18488461
18493588
18493604
18493621
18493639
18494860
18497205
18498946
18533788
18534279
18584498
18646449
18697871
18717617
18768757
18871803
18909637
18948285
19000223
19065634
19065722
19066981
19067868
19068032
19074521
19083078
19158603
19161405
19163883
19164070
19164091
19164393
19164405
19167695
19168527
19171422
19173837
19175953
19176269
19201808
19208765
19215172
19215186
19216179
19218394
19218406
19218515
19218518
19218521
19218539
19218547
19218654
19228367
19297405
19373755
19381472
19386921
19386926
19387482
19417674
19418327
19418393
19419227
19421844
19433002
19438669
19439868
19441205
19441428
19441696
19441722
19441948
19441954
19441970
19441972
19442752
19442763
19442774
19442997
19443002
19443403
19443595
19444270
19445066
19445087
19445096
19457052
19459783
19477060
19486350
19486624
19506608
19507078
19509950
19543881
19543928
19583987
19584176
19592804
19593364
19593806
19594282
19598568
19598752
19598757
19599251
19599796
19600055
19600815
19606103
19606312
19629300
19629841
19633089
19683036
19683698
19710143
19710699
19714540
19717438
19723491
19725668
19752619
19753996
19761327
19761497
19766466
19783175
19806051
19819802
19848667
19896752
19896879
19920110
19922021
19922024
19922504
19922557
19922897
19923066
19924072
19943805
19959116
20005496
20005520
20005629
20005680
20005942
20015069
20030253
20408554
20442858
20566239
20645732
20797381
20798404
20824731
20824850
20824876
20841786
20859588
20864993
20865253
20865546
20867088
20867624
20867655
20868150
20870220
20873575
20875234
20927902
20978203
20978205
20988364
21145308
21199109
21199294
21209901
21363288
21365688
21409607
21576225
21576242
21576258
21638957
21738385
21786832
21786910
21787005
21787043
21787459
21787841
21822385
21834306
21898415
21899585
21902351
21903309
21905381
21906978
21907374
21915344
21920072
21920149
21920161
21922327
21922329
21926210
21946572
21947092
21949585
21953792
21993054
21993472
21993758
21994177
21994302
21994395
21994633
21994774
21994796
21996444
22086821
22102159
22102202
22129405
22336327
22342341
22365653
22366266
22366973
22388525
22426821
22543693
22543936
22546103
22601680
22605091
22640147
22640187
22646807
22647788
22647856
22648859
22649408
22669832
22670390
22677399
22677804
22729680
22828371
22872862
22904192
22989728
22999442
23017768
23051596
23055583
23055705
23058313
23058321
23085109
23104848
23119586
23119877
23119880
23140802
23162235
23162443
23175723
23180085
23209807
23221440
23223273
23231819
23250280
23268370
23287938
23318795
23319106
23352446
23423796
23467841
23490962
23491146
23491181
23582314
23609700
23609830
23610046
23610072
23610157
23610337
23610521
23610584
23644380
23727755
23728368
23728387
23728388
23745506
23768914
23786548
23817431
23869619
23870942
23871051
23871126
23871221
23871222
23871228
23871303
23871382
23884270
23896114
23905751
23927108
23993708
23994044
23994132
23994516
23994758
24047056
24047299
24048323
24065922
24065962
24158661
24160392
24230337
24316159
24337133
24337660
24343721
24373752
24383352
24387972
24388030
24388082
24388266
24388267
24388397
24388417
24393333
24394971
24397015
24417190
24417230
24417336
24417584
24417789
24485660
24605882
24610307
24617296
24617386
24618159
24619004
24619040
24619048
24619083
24619112
24619132
24619294
24620374
24638097
24638161
24638171
24638192
24638196
24638199
24638265
24639158
24728247
24755609
24756766
24760928
24770919
24781021
24787084
24885146
24916297
25008946
25008950
25043271
25085232
25097651
25118256
25199411
25200055
25200667
25200687
25200702
25200805
25203906
25225914
25246937
25332988
25332989
25335810
25336155
25338861
25360770
25360885
25360936
25360967
25360983
25360991
25361287
25361338
25361355
25361359
25361369
25361829
25414650
25420218
25420397
25422695
25433459
25433511
25434933
25451029
25451081
25451087
25451140
25451398
25451430
25451473
25451497
25451569
25451588
25451590
25451658
25451823
25451999
25452044
25452108
25452224
25452539
25453028
25453249
25457380
25472543
25475291
25484005
25487988
25488107
25490718
25490878
25491035
25491121
25492019
25501139
25506944
25506976
25507920
25507982
25510390
25511007
25511150
25511434
25511437
25511612
25511649
25511689
25512841
25544477
25547648
25596473
25597269
25597775
25603107
25603108
25635827
25678249
25723722
25820184
25820305
25820462
25820716
25822841
25850879
26022498
26068505
26068690
26068886
26069077
26069080
26069140
26069172
26069304
26069308
26069383
26069613
26070572
26095767
26112592
26113046
26113094
26113099
26143915
26166718
26166720
26167372
26167387
26167478
26167946
26201920
26207908
26210853
26210861
26210883
26210938
26211775
26216590
26220594
26220929
26222426
26222469
26222816
26223139
26243965
26243980
26280268
26284053
26285841
26344677
26371056
26379350
26387454
26391333
26392257
26392267
26462399
26463082
26474903
26494036
26525444
26676694
26677029
26697188
26711979
26722887
26726525
26729201
26729291
26729402
26729405
26729425
26729447
26729710
26729949
26729960
26729990
26731820
26732088
26732308
26732537
26732576
26732793
26732887
26733179
26733498
26738869
26743051
26748384
26752591
26753427
26753549
26753650
26753685
26753706
26755539
26756105
26756420
26765372
26769503
26787465
26796715
26802135
26828734
26828746
26856382
26856512
26857334
26857424
26857648
26857709
26859254
26859674
26859906
26859962
26860340
26861200
26863868
26869660
26869776
26878237
26878372
26890996
26919364
26919427
26919558
26919628
26919816
26920412
26920535
26922178
26923337
26936093
26937087
26937088
26938947
27159373
27425221
27451434
27451452
27451453
27544423
27544791
27553163
27553262
27565701
27590149
27621993
27622662
27631728
27631749
27632814
27638136
27645742
27692770
27719357
27747868
27841874
27849030
27854553
27912260
27912276
27915596
27922281
27924090
27924127
27925237
27925276
27925517
27926678
27926852
27926992
27927237
27936630
27936659
27945423
27955744
28011027
28051861
28051998
28052003
28054164
28054186
28054294
28056946
28059417
28059558
28059734
28059739
28075436
28334872
28334873
28446847
28453847
28459078
28470630
28470683
28470724
28470817
28470820
28470821
28470822
28470961
28471138
28471146
28471172
28471254
28471412
28471413
28471620
28471815
28471819
28487046
28487999
28489282
28489591
28519531
28632209
28657887
28832173
28875779
28875784
28875797
28930108
28933154
28951229
28987718
29049094
29058814
29058825
29096263
29272020
29301580
29601159
29992201
244403
312597
386327
425608
455123
480904
508308
533991
541717
570019
751675
787725
816839
907350
922737
949338
956296
964757
969412
969713
970863
970934
970950
970958
970979
971071
971207
971217
971218
971363
971891
972939
983157
988143
990942
995912
999246
1001558
1001587
1018808
1020116
1027365
1052933
1053336
1087022
1088532
1097665
1097666
1151529
1151636
1151645
1151656
1151678
1151730
1153091
1198551
1203605
1221209
1221213
1228074
1265015
1352403
1371644
1396599
1396777
1430059
1437912
1442686
1446790
1479731
1539930
1540694
1607158
1639342
1642545
1642549
1642686
1659257
1659436
1662261
1741505
1748966
1749498
1749504
1803218
1820906
1822550
1852351
1853520
1879313
1894045
1894411
1900975
1902203
1902293
1961049
1983873
2011151
2027800
2027802
2036299
2094655
2096100
2212278
2212438
2262394
2284021
2296880
2323141
2353029
2357147
2362955
2363560
2363565
2367499
2438909
2447417
2454122
2464191
2487944
2488313
2488541
2488645
2490336
2491953
2514216
2524915
2558635
2648377
2671841
2671849
2671954
2687939
2690291
2691151
2697976
2744271
2753416
2753417
2778998
2798742
2979133
2979151
3097766
3158724
3159037
3159717
3159733
3160052
3160136
3160384
3160414
3160437
3160482
3161323
3161331
3169103
3169297
3170072
3170146
3170534
3170695
3170779
3171689
3171709
3172214
3172686
3172695
3172833
3172885
3172954
3173189
3173830
3174048
3174173
3176904
3177060
3178038
3178103
3178247
3178832
3179339
3179598
3179948
3180150
3182142
3182172
3182983
3182985
3182998
3183625
3184039
3184104
3184163
3184447
3185262
3185517
3185577
3185705
3237508
3247095
3252371
3285839
3290076
3318715
3334637
3345511
3375345
3454524
3666656
3711656
3813137
3813220
3853899
3866674
4063324
4063477
4145223
4145261
4176367
4181009
4217031
4248405
4248848
4317520
4319201
4340269
4340299
4346664
4347016
4347221
4347888
4348041
4352088
4352447
4352590
4352660
4352854
4358108
4358657
4363205
4372993
4389642
4390856
4395531
4395549
4395574
4396493
4400826
4402961
4403620
4405649
4425817
4429188
4429939
4529958
4543167
4560194
4562096
4562922
4611253
4629687
4659290
4714482
4718423
4724343
4746625
4818610
4824711
4831548
4837029
4844104
4850620
4887648
4896818
4897065
4916024
4917636
4923796
4943284
4955023
4955624
4955835
4955949
4980335
5101849
5101978
5111076
5111080
5111993
5310974
5311033
5316439
5329014
5336888
5336889
5337234
5342354
5342552
5342606
5342643
5354826
5364795
5569475
5621196
5672105
5675120
5682386
5870116
5890522
5890536
5899227
5899364
5930763
6048616
6048838
6048850
6096556
6288381
6320855
6344575
6344784
6346060
6346233
6372621
6466070
6466138
6483359
6508804
6509681
6677902
6750851
6750976
6994464
7006847
7029515
7039379
7040695
7070680
7071151
7213456
7291425
7292963
7293262
7293369
7293405
7293602
7293613
7294117
7294285
7294600
7294618
7294629
7294729
7295017
7295599
7295797
7302654
7465882
7536961
7576767
7603749
7635573
7830855
7831056
7834706
7918044
8102615
8172768
8238168
8302754
8305106
8305529
8306150
8519355
8519394
8519708
8519741
8519847
8519903
8520453
8593320
8593749
8595190
8595887
8595983
8596301
8669239
8671605
8671610
8671663
8674733
8679320
8681774
8697971
8698182
8698547
8761875
8763090
8763178
8764592
9034795
9203906
9234904
9238485
9241533
9307647
9309074
9420849
9420922
9476209
9514202
9518517
9518605
9518702
9518848
9519364
9527553
9529235
9545371
9545692
9545721
9546027
9546120
9546883
9547535
9547545
9547584
9547615
9549065
9549323
9549354
9550953
9551080
9551231
9561120
9561541
9562253
9563021
9563951
9565065
9565143
9567352
9615646
9642924
9648762
9648883
9684907
9685045
9751934
9759115
9870013
9870024
10054099
10105737
10217869
10224766
10224933
10239538
10243763
10471148
10552621
10560263
10594619
10732621
10732643
10743589
10752209
10753453
10753630
10755018
10773557
10773558
10904725
10942512
10965635
10966044
11013727
11018639
11018664
11018846
11019003
11022663
11026584
11174983
11175056
11175221
11177476
11294978
11352802
11395300
11403471
11429761
11442149
11443026
11443032
11488990
11495509
11544443
11565970
11579465
11581790
11582721
11583041
11607586
11607599
11607601
11607639
11608293
11735794
11743278
11750554
11770480
11777209
11847391
11865140
11911535
12030684
12055243
12094547
12103582
12106946
12107724
12110219
12267385
12285769
12307422
12307579
12769800
12893358
12904235
12905930
12907801
12962160
12965296
13034396
13131744
13167176
13173117
13173657
13180552
13180690
13181148
13181386
13182978
13204774
13206432
13207296
13207715
13207774
13207861
13208192
13208458
13209581
13209640
13209693
13234264
13246177
13246900
13273847
13273852
13274213
13275602
13277552
13277687
13284850
13286220
13286875
13292394
13307154
13307185
13307186
13310705
13323837
13328573
13479420
13492530
13596017
13608495
13629467
13629572
13629574
13631505
13642174
13663946
13664746
13918918
13919542
14032997
14033482
14035079
14035535
14035580
14035698
14035848
14036100
14037124
14046487
14047563
14047940
14049114
14050670
14054220
14070604
14076606
14083547
14138053
14145776
14153444
14200673
14200988
14201050
14203227
14298735
14300197
14308470
14310533
14339917
14365227
14403802
14403901
14480196
14481162
14495783
14513933
14523286
14684320
14684515
14690271
14715942
14753338
14766566
14766568
14838249
14903016
14903022
14903130
14934640
14934655
14934669
14935864
14995175
14997077
15001146
15004871
15005499
15006235
15006266
15074075
15074161
15074843
15075459
15076749
15078286
15078299
15078420
15094747
15096573
15097711
15098445
15143504
15145879
15178037
15216318
15224091
15224454
15281206
15385052
15504549
15520858
15589436
15589538
15589568
15589805
15589927
15590125
15590531
15590922
15625544
15625745
15625768
15625932
15645193
15670161
15671400
15704367
15716208
15719223
15725137
15727820
15728041
15731210
15759198
15759416
15776571
15776716
15778430
15852801
16071848
16161765
16178493
16198666
16235603
16267103
16333661
16363269
16363305
16363355
16363894
16400656
16409748
16409749
16409967
16409970
16410467
16436390
16441771
16472596
16475771
16477792
16478720
16479320
16483770
16546709
16579455
16599366
16600863
16601085
16601447
16601873
16602063
16602067
16602432
16602480
16602533
16603060
16603082
16603264
16603304
16603543
16603648
16604277
16604708
16604741
16605184
16605363
16605424
16605487
16715620
16716175
16718590
16719042
16724615
16726516
16726848
16731407
16749455
16749750
16932356
16943754
16944235
16945136
16945271
17011925
17060539
17147577
17258367
17258919
17260917
17299838
17634511
17635219
17693404
17695136
17736480
17737791
17739890
17739930
17739970
17821442
17822578
17822815
17822935
17830170
18134741
18134942
18199810
18226819
18243490
18252671
18254012
18265532
18316439
18354269
18354313
18354401
18354448
18355223
18368731
18368872
18369612
18369647
18369915
18370081
18408910
18424308
18425049
18427607
18438042
18438879
18441170
18451120
18451146
18451482
18455838
18458109
18566146
18570640
18743010
18744142
18744167
18746741
18843426
18892715
18899666
18899667
18899671
18899697
18899725
18899751
18899784
18899823
18899964
18900354
18900410
18900474
18902776
18902815
18903375
18903416
18903749
18903999
18911668
18911669
18911673
18911675
18911678
18963167
18963242
19042472
19050857
19057725
19072642
19099592
19110247
19124604
19141651
19233043
19297087
19297301
19298294
19299359
19300383
19302248
19339437
19343344
19389903
19391176
19607888
19985310
19987726
20044331
20070205
20070209
20070249
20070704
20071194
20071555
20071915
20087980
20088093
20088130
20088927
20089163
20089213
20089230
20183227
20190624
20376781
20617902
20627979
20668836
20668866
20668915
20866151
21402183
21402331
21685044
21685180
21685297
21878783
22027671
22033585
22056631
22246659
22316696
22332093
22347091
22347092
22347809
22355861
22356927
22362988
22554937
22596276
22812023
22823886
22823998
22823999
22824307
22824510
22825293
22826072
22826088
22826177
22826181
23003019
23078023
23115226
23193020
23440736
23444456
23445237
23449137
23450646
23450818
23450961
23451401
23451889
23452897
23486208
23488203
23497772
23498418
23498420
23499014
23499217
23499858
23513433
23513867
23514059
23514208
23514851
23514902
23515706
23523167
23529667
23529679
23560893
23560939
23561130
23561132
23561468
23669054
23672541
23746379
23764866
23765261
23899801
23920950
23941191
23949730
23957097
23959033
24023180
24066661
24206831
24208121
24209418
24209445
24209599
24210165
24210235
24210773
24211531
24211587
24220507
24227544
24227694
24305116
24543047
24545229
24545366
24644488
24644719
24645463
24645729
24645823
24646432
24646512
24714531
24714849
24716448
24717813
24722393
24722541
24722612
24722649
24722764
24738123
24739684
24872579
25241966
25242098
25676307
25679669
25685925
25719918
25721968
25751598
25751661
25752778
25753628
25776919
25783540
25783750
25783869
25786342
25787915
25788670
25801605
25804456
25828077
25839851
25841397
25859586
25874743
25874775
25875772
25880430
25888153
25889843
25895136
25909029
25920617
25922858
25937873
25946022
25967090
25969145
25983757
25992042
25993820
25996035
26012281
26025764
26030813
26042837
26070091
26073331
26080449
26120890
26131394
26162300
26186788
26194550
26204105
26210271
26225803
26235480
26245774
26250325
26262803
26274470
26366201
26366547
26366882
26368925
26373014
26373054
26373964
26378590
26379131
26379365
26383584
26385311
26385354
26388459
26388520
26389701
26389921
26390038
26391100
26391193
26391658
26391811
26391909
26395824
26396215
26397939
26398215
26399229
26400046
26417568
26417730
26417775
26418543
26420092
26420920
26421186
26425827
26430786
26447486
26447785
26472866
26491155
26499037
26515619
26530835
26536441
26541797
26563867
26564706
26575001
26591501
26591725
26599401
26605696
26616137
26750156
26759412
26821447
26897135
26903246
26912346
26922656
26946306
27010174
27012330
27066920
27067311
27068078
27068422
27071386
27098936
27110120
27118894
27121289
27124417
27149771
27149773
27161082
27163753
27196681
27211017
27225786
27241610
27253261
27255579
27318248
27337421
27338067
27354122
27368005
27377822
27437368
27778160
27827799
27952317
27956026
27961895
27962170
27963340
27964131
28474148
28501156
28527710
28537203
28538872
28541762
28541909
28543484
28544942
28928247
29020422
29211887
29215364
29215535
29215905
29216142
29216185
29216297
29216326
29216582
29216662
29216777
29216781
29216784
29216976
29220158
29220536
29335154
29335177
29335265
29335572
29427196
29427220
29430469
29641587
30264582
30270471
30270786
30270788
30270789
30270856
30271296
30271480
30271522
30271524
30271662
30271700
30271701
30271778
30271950
30272220
30272735
30272754
30272789
30272813
30272987
30273091
30273120
30273171
30273285
30273338
30273377
30273388
30273420
30273421
30273466
30273524
30273551
30273711
30274606
30274736
30274998
30275244
30275500
30275570
30275572
30275673
30275764
30275766
30275798
30275894
30275991
30276159
30276233
30276249
30276250
30276292
30276679
30277195
30277884
30277978
30283816
30284329
30284469
30285776
30285920
30472193
30585141
30585252
30586479
30637640
30640722
30764006
30764083
30766111
30766172
30766316
30766516
30767934
30767992
30810906
30827205
30828907
30835937
30876757
30899079
30907643
30927681
30936185
30941947
30969891
31004806
31021639
31037695
31038343
31038863
31054693
31056337
31060492
31060496
31060552
31060894
31062698
31063072
31063134
31063443
31063820
31063877
31064170
31064271
31102469
31102763
31175044
31184318
31243732
31326403
31376883
31423976
31424049
31424690
31425449
31425960
31470963
31555123
31611153
31614659
31615990
31616514
31683304
31692547
31699837
31702450
31769037
31778705
31779131
31781800
31793980
31796060
31854725
31855833
31855847
31857209
31858103
31858197
31859736
31859832
31861486
31861687
31861706
31861968
31872030
31872250
31878646
31883271
31908916
31940688
31949349
31949363
31949364
31949758
31950010
31950085
31950087
31983180
32170253
32186860
32187348
32284938
32285021
32297174
32297244
32297295
32369112
32369466
32370703
32376235
32451100
32547981
32548013
32548032
32553533
32554041
32555481
32559293
32701762
32703599
32706478
32706706
32707464
32707671
32707832
32708386
32708501
32741124
32754417
32817075
32888647
32889064
32890381
32956908
32958740
32995549
33061529
33075151
33075156
33075158
33075180
33075499
33075517
33075882
33096978
33098395
33099895
33100875
33101048
33101203
33101218
33101227
33101305
33101409
33101768
33101778
33102056
33104438
33119547
33121417
33122227
33127679
33127680
33140736
33140755
33190870
33213738
33236186
33241224
33245448
33245652
33245653
33246363
33246679
33247249
33247270
33248292
33248883
33248898
33277442
33277818
33278321
33281038
33349789
33366207
33370488
33370499
33392549
33392559
33485165
33485228
33485598
33495847
33500427
33503637
33504828
33505906
33507260
33512879
33513030
33514430
33514618
33517073
33517083
33519666
33519961
33523751
33531278
33531386
33531560
33532504
33532634
33533172
33541269
33542080
33542387
33547017
33558640
33564672
33565065
33565254
33565755
33565860
33571570
33571865
33591922
33594300
33594353
33594365
33594368
33594522
33594939
33595228
33595258
33595949
33595983
33596087
33596162
33596397
33597064
33598879
33612029
33650462
33666676
33802870
33803510
33803547
33804121
33807330
33855169
33855218
33873929
33888777
33891792
33891940
33891945
33891950
33892044
33892214
33892234
33893163
33893195
33893231
33893245
33893262
33893668
33893747
33925706
33945612
33945680
33950085
33951100
33951360
33951449
33958285
33985432
33986110
34050494
34055750
34056749
34056877
34059017
34076593
34077429
34077432
34083144
34084377
34106574
34122148
34128927
34132575
34134056
34134268
34134709
34136051
34138361
34138671
34139054
34139406
34154959
34159270
34170799
34172028
34183116
34183807
34184927
34186970
34188556
34188729
34189087
34189147
34191358
34191737
34195669
34243364
34277671
34281023
34286267
34295612
34295719
34295722
34295748
34295864
34297098
34297539
34299381
34299960
34300497
34301006
34303430
34309746
34317466
34317594
34317736
34317765
34317768
34317941
34317948
34317951
34318052
34318093
34328304
34334463
34335707
34336024
34339425
34342506
34354037
34377661
34521996
34599190
34599585
34599592
34631386
34760886
34760961
34761394
34764987
34765187
34765219
34765235
34765358
34765399
34766175
34766193
34766255
34766386
34766445
34768198
34768332
34768354
34768419
34768450
34768524
34768549
34768736
34768778
34768939
34768942
34769054
34769297
34769447
34769613
34769669
34769672
34769686
34769856
34769902
34770737
34771718
34772024
34849502
34850182
34850203
34864365
34890184
34890885
34906867
34914505
34914620
34920143
34920571
34920797
34920816
34934430
34947700
34948863
34956567
34963686
34965805
34970875
34976775
34977636
34982145
34995089
34995275
35010296
35010485
35010502
35031471
35032466
35056045
35061439
35095889
35096023
35096024
35096034
35096041
35096053
35096192
35149150
35149354
35194487
35194683
35199567
35301766
35301877
35304572
35309605
35309696
35331137
35364561
35364607
35365213
35408681
35408728
35408806
35408930
35409011
35475848
35618410
35618556
35659745
35699820
35700520
35700840
35701862
35703558
35703777
35703889
35704743
35705385
35705541
35707663
35707999
35708309
35712160
35822494
35913101
35953978
35969477
36138846
36138850
36138939
36139494
36139557
36139571
36139575
36139667
36140102
36140140
36140337
36140393
36140395
36140432
36140464
36140472
36140518
36140571
36140836
36140999
36143368
36143500
36143728
36143853
36143923
36143946
36144016
36144122
36144145
36144166
36144180
36144218
36144497
36144622
36144735
36145138
36145139
36158681
36159897
36170014
36186419
36190407
36196155
36196735
36196822
36196848
36196890
36196928
36196937
36198102
36216519
36320046
36320509
36320663
36321800
36321863
36321999
36322020
36322123
36322849
36323342
36325362
36325425
36325537
36325795
36325942
36325950
36325956
36326121
36326148
36326265
36326645
36326806
36326901
36326960
36327460
36327706
36327787
36327799
36327848
36328176
36328324
36330230
36333251
36333842
36341294
36341546
36344086
36349798
36353404
36357624
36373365
36375108
36376048
36377727
36385850
36385863
36386050
36388775
36388785
36389185
36406748
36432264
36450140
36461863
36463038
36463417
36463478
36464243
36465145
36465815
36468359
36468491
36472174
36472227
36472569
36472754
36474575
36477096
36479958
36490561
36499950
36500225
36500258
36528129
36528461
36529038
36533082
36539001
36539100
36539165
36539191
36557861
36558101
36568307
36577746
36591361
36592248
36633727
36636909
36637204
36640069
36647587
36649701
36649810
36649933
36649934
36649958
36650160
36650544
36650641
36651709
36651959
36651988
36652308
36715778
36728042
36729878
36730326
36757622
36793810
36827911
36857208
36859635
36861044
36861100
36861488
36861758
36861975
36862009
36862204
36862207
36863536
36863551
36863885
36864422
36864471
36864570
36865389
36865609
36865624
36865674
36865826
36865842
36866033
36866098
36866171
36866400
36867038
36869753
36873193
36873817
36874182
36874369
36880136
36881020
36881357
36881490
36881510
36881663
36882162
36882183
36882266
36882840
36884390
36884429
36884842
36885084
36885113
36885333
36887126
36887332
36887505
36887795
36887900
36888118
36913143
36913855
36914989
36915180
36915330
36915623
36915635
36915751
36915858
36915863
36915961
36916019
36916077
36916641
36917841
36918302
36918368
36918509
36918563
36919071
36919140
36919329
36919330
36919501
36919536
36919566
36919580
36919928
36919990
36920597
36920708
36920814
36920977
36921359
36921594
36921649
36921722
36921827
36921965
36921966
36921975
36922047
36922124
36922411
36922534
36923286
36923305
36925267
36925327
36926304
36926555
36927058
36927060
36927254
36928298
36928466
36928782
36928985
36928998
36929249
36929271
36929300
36929552
36929803
36930831
36931098
36931147
36931584
36931961
36932196
36932249
36932253
36933141
36933388
36940592
36940618
36940700
36941363
36942281
36942717
36942727
36942775
36943032
36943043
36943289
36943874
36944328
36944565
36944570
36944613
36945128
36945903
36946475
36947144
36947570
36948461
36948583
36949027
36952448
36988949
37039910
37040084
37042034
37058997
37084482
37098329
37217282
37217428
37217617
37217715
37217742
37234154
37318843
37318844
37334880
37345745
37348821
37359378
37359384
37361749
37361797
37361838
37362051
37365370
37381558
37398780
37431254
37469657
37476430
37478266
37494679
37517223
37527258
37529183
37529207
37531879
37538840
37549158
37552185
37553318
37572063
37627223
37654440
37655734
37658006
37709982
37736885
37741553
37744366
37744485
37744851
37837097
37868214
37868405
37868498
37868568
37868726
37868744
37879035
37919942
37921115
37938186
37938195
37954598
37958733
37968433
37968778
37969046
37969089
37969325
37969336
37970578
37971046
37971096
37971827
37972041
37972329
37972448
37972824
37972913
37973061
37973482
37973673
37973772
37973910
37979756
37990863
38005762
38005801
38006937
38006952
38007410
38033872
38039291
38053443
38175902
38178399
38178558
38179528
38179633
38179634
38180123
38180237
38184072
38184116
38189957
38197973
38198490
38256902
38261798
38262418
38262442
38262546
38262677
38262723
38262741
38262793
38263808
38277409
38321891
38373570
38374340
38374368
38377586
38377709
38377710
38406538
38408938
38607791
38608620
38608638
38618640
38627715
38627932
38628790
38629088
38629158
38629159
38630631
38630778
38630890
38630900
38631106
38631174
38631179
38631394
38632778
38633078
38633117
38633576
38635681
38636042
38636252
38636256
38636943
38637324
38642714
38642971
38643712
38663707
38675727
38675858
38675883
38675962
38676428
38680394
38680483
38688899
38692527
38692833
38693356
38693788
38693798
38693872
38693896
38693903
38693929
38698593
38734747
38735162
38768895
38784292
38784786
38794117
38794264
38794803
38797427
38799300
38800020
38800684
38801258
38873391
38891516
38891556
38891605
38896260
38899170
38899180
38899495
38899903
38899941
38900003
38940610
38942724
38947977
38961117
38974095
38999696
39066628
39293233
39312348
39312598
39312903
39313398
39344714
39356482
39356971
39370150
39372559
39372690
39379565
39379650
39379689
39379885
39404394
39404656
39413591
39417698
39432714
39432745
39441002
39441183
39448510
39448603
39449468
39450802
39515837
39533292
39538532
39538565
39544678
39572713
39573669
39573682
39573741
39574027
39574034
39574041
39574050
39574073
39574076
39574135
39574160
39574174
39574255
39574288
39574425
39583652
39584195
39584982
39584983
39585149
39585423
39585568
39585969
39586008
39586027
39586134
39589466
39592167
39592267
39592451
39593612
39593621
39593951
39597048
39614145
39628939
39688343
39730647
39741416
39824164
39837911
39847573
39884398
39890090
39918796
40008051
40009575
40018120
40098306
40098672
40098931
40098933
40190169
40197122
40212947
40277493
40277563
40482637
40485810
40485989
40486048
40486112
40486265
40486313
40486376
40486577
40486654
40486843
40490642
40499287
40518150
40528593
40528681
40529096
40529386
40529505
40530246
40530363
40532431
40532620
40535581
40535772
40580961
40581044
40581115
40586981
40599427
40601499
40603649
40618656
40631224
40678835
40700417
40701305
40710038
40711986
40713298
40713548
40721868
40732555
40756738
40758041
40769677
40785969
40796199
40799331
40823383
40823387
40823809
40828077
40930019
40954543
40962983
41003542
41006784
41223408
41226084
41229037
41229162
41230754
41313859
41316057
41316896
41320191
41320560
41322427
41323184
41333959
41341372
41356930
41361666
41369829
41370993
41371019
41371039
41371251
41371406
41371435
41372776
41381251
41381252
41381258
41381451
41381458
41381533
41381536
41381793
41381996
41387413
41387426
41389262
41389848
41395488
41399845
41399847
41400367
41414241
41414715
41417401
41582601
41586119
41593595
41595358
41595418
41596350
41596354
41596508
41596515
41596682
41596964
41599321
41599795
41600680
41600877
41602602
41603213
41603411
41603795
41605168
41606035
41606060
41606244
41606314
41606469
41606478
41606483
41606490
41606622
41606742
41606917
41607586
41608298
41608314
41608517
41609072
41609122
41609367
41609467
41609733
41610220
41610245
41610248
41610388
41610839
41611391
41611552
41611719
41611720
41612081
41612329
41612463
41612506
41615470
41616163
41616409
41616704
41617708
41617713
41617765
41617979
41618102
41623725
41624240
41624485
41624549
41625186
41625212
41625322
41625364
41626206
41626280
41626517
41626941
41626947
41626999
41627269
41627452
41627634
41627653
41627654
41627771
41628089
41628238
41628387
41628495
41628576
41628752
41628786
41628812
41628835
41628932
41629005
41629136
41629148
41629200
41629432
41629607
41629618
41630210
41630312
41630494
41630563
41630584
41630843
41630849
41630852
41630940
41631702
41633149
41633247
41633269
41633292
41633613
41633650
41633693
41634371
41634383
41634390
41634410
41634453
41634998
41636338
41636449
41637513
41637564
41637626
41637839
41637922
41637945
41638804
41638869
41638967
41639076
41639142
41639204
41639230
41639581
41639592
41639734
41640228
41640258
41640303
41640420
41640674
41640686
41640887
41640938
41641002
41641072
41641084
41643046
41643519
41643605
41643933
41648362
41648425
41648808
41648974
41649837
41650636
41650783
41650845
41651000
41651038
41651406
41651431
41651486
41651705
41651813
41651849
41652267
41652448
41652881
41652966
41653085
41653358
41653714
41653715
41653732
41654266
41654391
41654509
41654582
41654811
41654959
41655106
41655155
41655240
41655334
41655798
41655827
41656681
41656824
41656849
41657195
41657230
41657464
41657474
41657718
41657799
41657826
41657868
41657890
41657893
41657967
41658460
41658566
41659502
41659783
41660010
41660084
41660092
41660295
41660337
41660389
41660662
41660675
41663740
41663804
41663998
41664330
41664743
41664775
41664826
41665353
41665431
41665486
41668525
41668666
41668916
41668959
41669792
41669877
41669883
41669924
41669925
41669956
41669971
41669987
41669992
41670243
41671573
41671574
41671713
41671720
41672075
41672130
41672164
41673844
41673947
41674151
41674394
41674504
41674649
41674766
41675204
41675236
41675340
41675358
41677088
41677434
41677570
41677801
41677809
41683968
41684111
41684171
41684205
41684206
41684416
41685721
41685911
41686606
41686956
41687099
41688463
41688809
41690234
41690235
41690237
41690383
41690532
41690536
41690653
41690711
41690761
41690920
41691116
41691495
41691533
41691557
41691560
41691665
41691894
41693627
41693674
41693867
41886533
41888137
41891554
41904610
41910910
41913488
41949950
42104300
42104484
42104738
42104846
42104873
42104874
42106375
42106694
42106974
42106983
42107444
42111538
42111630
42113534
42113560
42113810
42114017
42118631
42118678
42118856
42118869
42119071
42119270
42119381
42120381
42120387
42120903
42121064
42121245
42121294
42121462
42123840
42124381
42124415
42125126
42125142
42125189
42126455
42126475
42127184
42127271
42173562
42174759
42177383
42182343
42182861
42182881
42182908
42183325
42183411
42183418
42183420
42183442
42183646
42183937
43095417
594965
1834269
1837559
1839582
1959882
1961947
1972670
1973029
1979015
1980277
1986903
1987113
1987142
1987364
1993903
2011213
2025311
2054102
2087235
2092690
2092731
2173741
2174781
2174960
2175027
2176100
2180363
2182404
2368874
2370378
2410069
2420694
2423112
2587890
2589279
2653758
2694284
2695975
2696023
2696053
2696493
3966977
4097197
4151926
4298957
4298958
4298965
4310723
4310870
4318793
4325932
4326419
4333426
4333625
5074293
5418606
5461269
5461334
5461338
5461347
5485343
5485373
5485380
5485594
5485600
5485766
5530636
5621929
5622046
5622329
5622382
5821224
5821291
6034192
6034194
6104381
6104738
6105197
6109202
6109630
6110122
6110165
6110248
6110699
6112405
6112479
6112978
6116989
6117047
6117049
6117718
6117801
6139001
6139535
6139749
6140117
6140124
6159944
6169789
6173426
6191044
6191653
6191677
6191871
6192346
6201525
6201529
6201852
6240135
6291562
6491475
6492310
6493041
6500406
6500590
6500609
6500676
6500680
6504053
6504225
6504417
6508084
6509661
6510809
6511243
6511383
6511638
6512972
6513133
6513174
6513239
6513306
6513398
6513399
6513697
6513790
6514017
6514047
6514182
6514313
6514347
6516166
6517073
6518886
6519392
6519689
6519769
6523260
6523342
6523610
6533032
6548018
6584332
6588351
6588791
6592603
6594699
6594828
6594896
6594919
6595064
6595865
6597469
6597474
6599366
6615312
6619331
6638240
6640874
6655007
6665013
6666448
6673341
6677454
6678599
6678612
6678621
6679332
6680990
6681989
6682375
6682967
6683232
6683522
6683604
6683780
6683811
6684110
6684304
6685844
6686395
6688549
6688550
6704636
6709554
6717109
6738988
6741378
6743327
6743383
6743866
6746671
6764937
6764956
6790515
6790592
6792123
6792514
6807954
6917340
6927475
6928265
6928377
6928596
6928600
6928725
6929299
6930497
6930558
6930572
6984769
7024840
7025112
7030740
7031394
7031407
7121405
7121432
7121434
7198921
7199023
7207190
7248982
7250206
7250264
7251820
7252020
7267130
7287323
7291896
7292470
7303002
7303979
7305748
7306346
7307731
7308686
7309055
7309940
7309976
7449578
7450513
7453269
7484052
7523280
7533839
7574228
7628482
7632315
7753232
7755754
7766432
7873746
8066400
8066406
8066452
8066562
8067050
8114520
8114776
8175025
8175048
8184284
8185376
8186375
8187160
8212490
8231519
8301167
8301270
8302101
8302248
8302384
8303659
8303671
8303675
8304466
8308816
8309000
8309492
8310018
8310042
8310048
8314812
8315698
8430453
8441967
8443334
8443450
8443465
8447190
8447254
8520074
8520951
8521161
8521578
8522537
8524125
8547805
8612902
8637289
8767516
8767532
8767865
8913410
8913834
8914243
8914517
8914718
8916112
8917873
9138338
9234101
9316785
9324777
9332862
9372497
9382551
9495645
9552418
9601540
9650952
9650956
9661294
9831359
9831717
9837165
9965105
9975547
9981044
9996185
9996457
10000991
10000992
10001020
10001186
10001412
10001488
10001553
10001701
10002321
10002560
10002629
10002807
10002844
10002897
10002902
10003534
10003978
10004971
10004983
10005431
10008472
10023044
10026370
10051632
10051895
10448791
10448792
10468320
10474237
10487274
10506342
10506980
10507454
10508128
10508197
10508220
10508356
10509688
10509956
10510038
10510191
10510237
10510623
10510950
10511176
10511365
10511439
10511468
10511473
10511567
10511586
10511701
10567614
10567618
10567628
10568519
10568808
10569159
10569662
10570422
10570430
10570495
10570530
10570788
10570975
10571025
10571055
10571474
10621026
10624859
10625480
10625922
10626451
10626492
10626511
10626522
10626632
10626647
10628736
10628938
10660803
10661274
10661527
10662341
10877529
10908328
10949216
10949313
10950319
10950340
10950355
11025790
11129376
11442262
11472758
11479594
11502601
11523213
11884292
11887872
11892286
11896691
11897020
11901479
11903133
11904615
11906027
11906366
11908845
11912140
11912335
11914498
11933008
11941580
11945802
11959491
11962740
11967111
11979995
11983276
12004420
12205146
12280484
12381204
12396600
12405458
12414012
12416964
12427797
12428495
12431054
12476299
12514940
12521446
12532508
12532514
12540845
12551492
12554260
12555905
12563291
12566468
12567573
12572597
12578517
12582663
12585630
12586824
12587231
12587475
12588003
12588682
12589272
12591042
12592139
12592612
12592731
12593688
12593856
12594700
12594872
12595084
12596681
12597079
12597389
12597407
12598094
12598997
12599370
12599929
12600065
12600412
12602386
12603041
12603637
12604113
12605989
12606698
12609614
12610557
12612036
12613604
12613841
12614129
12614831
12618659
12620829
12622796
12629954
12634256
12635097
12636435
12637655
12639884
12640177
12643259
12647641
12647947
12648113
12648365
12649647
12649990
12652004
12653769
12654981
12655176
12656542
12656940
12660217
12660412
12660521
12660961
12661497
12662127
12664684
12667392
12671074
12671095
12671634
12671930
12672226
12672267
12672436
12673877
12674250
12677208
12682143
12685364
12686914
12691692
12692074
12693423
12709756
12710048
12712224
12712527
12720365
12721472
12725780
12728536
12729023
12729998
12731267
12731921
12733128
12733183
12738265
12738299
12740376
12741611
12747138
12747841
12760497
12761896
12762371
12798882
12800844
12801459
12803542
12807379
12808783
12811741
12812559
12825370
12829514
12833061
12840981
12842697
12845522
12863925
12867654
12886076
12889047
12899038
12905661
12918620
12964345
12982870
13000697
13008618
13022578
13024501
13027511
13030608
13040537
13041279
13072581
13081754
13084203
13100729
13109739
13117231
13149501
13165004
13166154
13168637
13237726
13258091
13273533
13297395
13312621
13327684
13341436
13358307
13372775
13377062
13380365
13388787
13397774
13398298
13408962
13414135
13434701
13447968
13451187
13479872
13482364
13502773
13504677
13519060
13519624
13526271
13532731
13536744
13542410
13544846
13550541
13561201
13591437
13595163
13617418
13624111
13632826
13632866
13640930
13642867
13645299
13646960
13648710
13648964
13654630
13662071
13665910
13667550
13678538
13678562
13681044
13681181
13683681
13683769
13689655
13696582
13698180
13698797
13698956
13792908
13792965
13811956
13824972
13849741
13864408
13871206
13884019
13884987
14045788
14054028
14055162
14059521
14061997
14061998
14062477
14062906
14068272
14074281
14106134
14115980
14122482
14124967
14138620
14177945
14181211
14181344
14182752
14183930
14185839
14200882
14201032
14392072
14449762
14557879
14566520
15102747
15115736
15191128
15275682
15459826
15560952
15561068
15655678
15734492
15739474
15742228
15748459
16124990
16433398
16932061
17044067
17058561
17075602
17075820
17075885
17075952
17076644
17176031
17176041
17254553
17254974
17256159
17259327
17315820
17320395
17320654
17321352
17346108
17350651
17414752
17482651
17485275
17582557
17584543
17709015
17714329
17829920
17995061
18027576
18028224
18030972
18039896
18197205
18272370
18290740
18303977
18304361
18374516
18375643
18375770
18375931
18377661
18416146
18431453
18451820
18451832
18451860
18451871
18451923
18451928
18452021
18452027
18601123
18601497
18694475
18880946
19099898
19196250
19196621
19197439
19200609
19200610
19202383
19202858
19204766
19213950
19224752
19259675
19446195
19455346
19455722
19478435
19493815
19621775
19847025
19920305
19920423
19920428
19955250
19975368
20021560
20021579
20033124
20033448
20034199
20034390
20035641
20117488
20120594
20193318
20193831
20193884
20194098
20194257
20194519
20194521
20194553
20194718
20195362
20196091
20196363
20196738
20196752
20197537
20197707
20318810
20417806
20422795
20426809
20441531
20446762
20477980
20492228
20495501
20495849
20497228
20509603
20510996
20511043
20543205
20591271
20591467
20591575
20591722
20591922
20598122
20614634
20732215
20750394
20750545
20803757
20825221
20885176
20896507
20915205
21030685
21053404
21181768
21184173
21187736
21190138
21190339
21191527
21191608
21191618
21191690
21192515
21211086
21211097
21215061
21315087
21315126
21315489
21394385
21472920
21475910
21476129
21476269
21703099
21775769
21779794
21779933
21810424
21810663
21810706
22051007
22051771
22055052
22055057
22055086
22060114
22086213
22088999
22161307
22179472
22182765
22182773
22189420
22208366
22208369
22234770
22235985
22237251
22238619
22238991
22304781
22304884
22305182
22305185
22305282
22305379
22305735
22306984
22309797
22311944
22312388
22312731
22345114
22346387
22346885
22347120
22411653
22570266
22571823
22572231
22730913
22792985
22839077
22930907
23211229
23377991
23446639
23447383
23447505
23448421
23458135
23459739
23546742
23547848
23547849
23548152
23872279
23876792
23915540
23948954
23955985
23956519
24175602
24204751
24205448
24306229
24306858
24320699
24331180
24365344
24365495
24409634
24529358
24529611
24529701
24529728
24604250
24648318
24735786
24737302
24794602
24814915
24815323
24815431
24818782
24818901
24820100
24820428
24821267
24821297
24821384
24821832
24821897
24822558
24822661
24824194
24824456
24834382
24838651
24844365
24844635
24844663
24844954
24869883
24874315
24924727
25125482
25129754
25197007
25197210
25197952
25198126
25198372
25199009
25199019
25215515
25215570
25215705
25224480
25241551
25241632
25242756
25244497
25244723
25244822
25245119
25245213
25285204
25285414
25329203
25500595
25528847
25555765
25571137
25571546
25577922
25583160
25594970
25598050
25610204
25676551
25680782
25744599
25787900
25804619
25806830
25810175
25810242
25813366
25813807
25845796
25963381
26034119
26056202
26059271
26114716
26115231
26115967
26130024
26136144
26155447
26201601
26204230
26204426
26224031
26240278
26240392
26245309
26245473
26245618
26245631
26246101
26246131
26246643
26246648
26308676
26314792
26317167
26435747
26437421
26438041
26438044
26533703
26563630
26572379
26592690
26594535
26595612
26606184
26614821
26655052
26655064
26655658
26656155
26666902
26668528
26675247
26780311
26800806
26804250
26828801
26836245
26836264
26836292
26838104
26839057
26885015
26935059
26935424
27013796
27013806
27014206
27224435
27225002
27240676
27240735
27242212
27242302
27242350
27242806
27242905
27242916
27244724
27246384
27246683
27246692
27246959
27247856
27289655
27321338
27321909
27341437
27498775
27498803
27603914
27646118
27691544
27698469
27728518
27766995
27829875
27845240
27847696
27855898
27855907
27921073
28001288
28002417
28024716
28032666
28150106
28175776
28175838
28218413
28218850
28219030
28221192
28241547
28289916
28352103
28361360
28393832
28394441
28394444
28394468
28394780
28526079
28576177
28678568
28730975
28769551
28780108
29048419
29193696
29201319
29203479
29261592
29264614
29325029
29371089
29406529
29480884
29504401
29595894
29751897
29825728
29831907
29831920
29832033
29846076
29897325
29908253
29909017
29912292
30021337
30021502
30021950
30022155
30023083
30023135
30024017
30024579
30026682
30026733
30027387
30027510
30028076
30028134
30028229
30028333
30028406
30030326
30030431
30030513
30030550
30031460
30268299
30375932
30376233
30376745
30376982
30382105
30382227
30422289
30443226
30443587
30443656
30444296
30507294
30529843
30530344
30530605
30530664
30533157
30533292
30533424
30533477
30542493
30544838
30545825
30572585
30587183
30594544
30594866
30650142
30652216
30659214
30744854
30824047
30828397
30843413
31010390
31102975
31103183
31117604
31117645
31220586
31223819
31224184
31224650
31246430
31389255
31472843
31500849
31519086
31548457
31552992
31554126
31555692
31559795
31560493
31601053
31612249
31613123
31613460
31613624
31613859
31744807
31767829
31948582
31951134
31967724
32042855
32043180
32043202
32043324
32084546
32118600
32118677
32131308
32267151
32278888
32288511
32289840
32317972
32452126
32504866
32522257
32530051
32540033
32540036
32587059
32587335
32612386
32612653
32612967
32710414
32712042
32733363
32897971
33127703
33209580
33263210
33314216
33316288
33316783
33399165
33466331
33475553
33496747
33497135
33497847
33497853
33497927
33499963
33512487
33512687
33512796
33554148
33556211
33556238
33556275
33577524
33580499
33687902
33690001
33736226
33736523
33895469
33898450
33898559
33898683
33948954
33949932
33954714
33960724
33964228
33984630
34019612
34019649
34019792
34026510
34026797
34464285
34465127
34601162
34601495
34601556
34611458
34641138
34644344
34769959
34769978
34769980
34770160
34770204
34801533
34801543
34822567
34875004
34875215
34917179
35155600
35156935
35160805
35162145
35178130
35179799
35282326
35590961
35594099
35595359
35595863
35634563
35665213
35668717
35669754
35676433
35696112
35696533
35699099
35769847
35769940
35774346
35775579
35775848
35777741
35782255
35782881
35783099
35803942
35910876
36081237
36094980
36095044
36095082
36095208
36095304
36095330
36095344
36095392
36095394
36095401
36095602
36095603
36095916
36095977
36096002
36096044
36191044
36198194
36198250
36494352
36495360
36526663
36526664
36526665
36527111
36527507
36527919
36528006
36671835
36671885
36760971
36766942
36884854
36886190
36886197
36886322
36886576
36886883
36902052
36954409
36954805
36956662
36972187
36972404
37269003
37274131
37450945
37457156
37473557
37478198
37488412
37488775
37488803
37488947
37489203
37489215
37493448
37588990
37588991
37590306
37590733
37597444
37605251
37608560
37730379
37756214
37908509
37908769
37926041
37998086
38010215
38010837
38012383
38016022
38017568
38132686
38191968
38227057
38275738
38281809
38325777
38326636
38326659
38326972
38326980
38340361
38350371
38350487
38355338
38356777
38359548
38360030
38360037
38361004
38365957
38391272
38398389
38400597
38400598
38401479
38405079
38457160
38512062
38513398
38513541
38519264
38545583
38572755
38674937
38689745
38693051
38703133
38704241
38707624
38708529
38710061
38710640
38711273
38711736
38722759
38758929
38758968
38824927
38828627
38828936
38828968
38838078
38842555
38845199
38850005
38850013
38873665
38873745
38876995
38877233
38877274
39072897
39072899
39079664
39079667
39079696
39079699
39158403
39196783
39337267
39376759
39428298
39428491
39428738
39429088
39429144
39429145
39429232
39486274
39486312
39486352
39544665
39575639
39577319
39588181
39588452
39592513
39598097
39609588
39623057
39626790
39628447
39647492
39704304
39759443
39759532
39760022
39760161
39783166
39783236
39783330
39783333
39783344
39783345
39857727
39858064
39928814
39930488
39983993
40092798
40137670
40204886
40206034
40385661
40400504
40402464
40415466
40424384
40440874
40448544
40518794
40624846
40624851
40694461
40712528
40714034
40715170
40717601
40740005
40740011
40749506
40835609
40838970
40850858
40907014
40970284
40982712
40987293
41012292
41036972
41037465
41038404
41038896
41038920
41039088
41040085
41040900
41109018
41109020
41109084
41115066
41170982
41172153
41173945
41178414
41181005
41181095
41182441
41182455
41182579
41197522
41198019
41198189
41269976
41315417
41315433
41315623
41389034
41404116
41428458
41470838
41515818
41598991
41616052
41619690
41682831
41683692
41683700
41683704
41683730
41706001
41706002
41706260
41720602
41724654
41743186
41744486
41744487
41769157
41775777
41776380
41776621
41857830
41927920
42022182
42034492
42034510
42063718
42082536
42089206
42097014
42100417
42116205
42128230
42139928
42140953
42144291
42149092
42173060
42178964
42181768
42183070
42183093
42183123
42183124
42183355
42183461
42212740
42220597
42233457
42233524
42234021
42238975
42239209
42239646
42257141
42259161
42348746
42367107
42367118
42367184
42367329
42367439
42367547
42369052
42369332
42384026
42433683
42433734
42435993
42436112
42436726
42436829
42436872
42437192
42437726
42444865
42444867
42465004
42477915
42506375
42554663
42560493
42571565
42577287
42579916
42582421
42591862
42591869
42601195
42603412
42604739
42604752
42608574
42608679
42621360
42628670
42629242
42635120
42637145
42657430
42663779
42670972
42678910
42681480
42681989
42682537
42682539
42684793
42686172
42686527
42690462
42690506
42690538
42691484
42697702
42698247
42701037
42702568
42714744
42722897
42771216
42793068
42850407
42911883
42923818
42924384
42926712
42930464
42932310
42958815
43009656
43009658
43020063
43022592
43030883
43031020
43031119
43032560
43035741
43037050
43037340
43043322
43047537
43054700
43054702
43058477
43058705
43059561
43073777
43078651
43093776
43094948
43109799
43112762
43112987
43120572
43122476
43123112
43124954
43124970
43124972
43124973
43139811
43149510
43157723
43165039
43165074
43165747
43165756
43181650
43181717
43197604
43197605
43238025
43241289
43241296
43304506
43304738
43309114
43309505
43310046
43312957
43313941
43313984
43314221
43315406
43315848
43324163
43324326
43325836
43372833
43385186
43590380
43619126
43619231
43631141
43698591
44197872
44198055
1158957
1243825
1288936
1289511
1301883
1324679
1341146
1568508
1573027
1574063
1576599
1577940
1578448
1578455
1578484
1736040
1753969
1827673
2150917
2179774
2247049
2293955
2317040
2339459
2344317
2464965
2465397
2468218
2469404
2469662
2469777
2472104
2472449
2473029
2473926
2474312
2476274
2486721
2508303
2516254
2587856
2656768
2707049
2733185
2737595
2794573
3101100
3106142
3153747
3154371
3154953
3154957
3155052
3156664
3583792
3621893
3623538
3649066
3699937
3724987
3827845
3855926
3855952
3856270
3856446
3856853
3856875
3857144
3857553
3857554
3857677
3857879
3858231
3858245
3858249
3858278
3858439
3858511
3858847
3859260
3859370
3859443
3859514
3860541
3860562
3860602
3860652
3860970
3861072
3861456
3861513
3861770
3862120
3862754
3862936
3862971
3863014
3863310
3863589
3863666
3864017
3864022
3864025
3864183
3864375
3864658
3864967
3866935
3867445
3867478
3867631
3867729
3867819
3867911
3867962
3868473
3868781
3869110
3869198
3869972
3870317
3871003
3871407
3871415
3872140
3872402
3872811
3873422
3873436
3874307
3875200
3875287
3875529
3875593
3875649
3875651
3875652
3876215
3876222
3876661
3876706
3877266
3877284
3877397
3877407
3877451
3877601
3878437
3878694
3878702
3878867
3878981
3879427
3879889
3880116
3880174
3880237
3880421
3880564
3881037
3881307
3881362
3881770
3881903
3882567
3882635
3882808
3884611
3884765
3884913
3885024
3885082
3885700
3886158
3886695
3887104
3887541
3887775
3888001
3888745
3888782
3889288
3889290
3889453
3889809
3890207
3891005
3891395
3891472
3891946
3891962
3892111
3892455
3892456
3892744
3892840
3894315
3894470
3894530
3894707
3895240
3895290
3895357
3895423
3895439
3895563
3896137
3896850
3896985
3897025
3897203
3897337
3897342
3897382
3897391
3897874
3897892
3897980
3898006
3898697
3898712
3899168
3899173
3899174
3900021
3900074
3900355
3900405
3900500
3901040
3901337
3901460
3901479
3901725
3902595
3902753
3902771
3902791
3902835
3902839
3902840
3903553
3903811
3903994
3904507
3904608
3905056
3905100
3906400
3906436
3906539
3906576
3906592
3906974
3907023
3907546
3907604
3908288
3908314
3908561
3908619
3909153
3909611
3909620
3910032
3910162
3910171
3910239
3910313
3910365
3910563
3910577
3910578
3910660
3910661
3910994
3911258
3911376
3911418
3911466
3911504
3911725
3911802
3911804
3911865
3912547
3912855
3913329
3913551
3913810
3914040
3915058
3915183
3915191
3915513
3915600
3915712
3915741
3918578
3918837
3918838
3920404
3920610
3920756
3921048
3921471
3921880
3922322
3922952
3923694
3923700
3924089
3924128
3924249
3924504
3924505
3925236
3926303
3926410
3926793
3928006
3928235
3928857
3928919
3929544
3930155
3930255
3930384
3930789
3930802
3931069
3931413
3933790
3934580
3935783
3936428
3939760
3940440
3946478
3951659
3956314
3957712
3958541
3966176
3966874
3968000
3968336
3968489
3971316
3972374
4029486
4061322
4089963
4092688
4097575
4100940
4100967
4108334
4161960
4216829
4234004
4288550
4294788
4306200
4318925
4336123
4388913
4391376
4397952
4398613
4401414
4401723
4422338
4484255
4606188
4606671
4606816
4606841
4613950
4615647
4655509
4712585
4758968
4758979
4820490
4822940
4822965
4824837
4825191
4826115
4827938
4828595
4830753
4831110
4834974
4837407
4838153
4838461
4843598
4844448
4844450
4848910
4857156
4880274
4889208
4889209
4893391
4920480
5040466
5050404
5064313
5108134
5275380
5277467
5321902
6106948
6107811
6112245
6112923
6127515
6140973
6142815
6148692
6156124
6160206
6166601
6166669
6167909
6170204
6181391
6186849
6197963
6206859
6213935
6215138
6224881
6229057
6237942
6238000
6240131
6272073
6285654
6285882
6290136
6294063
6307409
6315378
6317693
6321190
6322922
6330400
6337880
6338808
6339166
6365588
6366296
6369987
6374565
6382239
6386273
6391356
6392362
6395485
6408282
6409692
6411112
6417881
6418947
6431933
6454994
6455032
6456215
6467785
6470104
6474497
6477688
6479086
6481025
6485182
6497516
6503215
6504810
6514230
6514992
6518387
6521039
6521501
6525493
6528093
6532049
6539708
6997635
6999432
7048922
7077911
7081454
7085129
7087555
7087961
7088433
7286168
7291410
7292713
7478706
7668345
7766369
7769699
7772103
7779920
7783702
7784489
7788098
7827343
7833543
7833735
7897981
7898342
7898534
7898726
7900536
7900930
7901038
7902190
7902892
7903147
7903236
7903665
7980969
7981103
7981169
7981590
7982119
7983574
7983847
7984166
7984231
7984385
7984388
8074094
8108746
8110600
8113194
8115178
8191050
8201431
8266657
8304593
8307982
8371703
8384063
8392958
8403581
8626072
8626222
8791584
8852919
9020741
9030958
9085377
9224557
9389501
9433173
9609378
9614181
9615124
9801025
9870974
9871575
9871876
9871980
9872032
9897440
9919990
9920034
9920336
9960948
9969544
9985809
10042638
10042667
10048827
10088941
10089015
10089016
10089540
10089728
10090681
10090745
10092060
10123594
10299504
10331195
10331197
10709243
10803645
10806121
10806285
10912703
11029617
11049412
11053840
11054225
11054252
11054932
11056830
11056930
11057374
11057833
11057880
11058674
11058728
11059082
11059710
11067137
11074550
11074564
11075060
11075110
11075156
11075218
11075415
11076396
11076785
11077429
11077526
11077824
11078892
11079574
11079981
11082933
11092210
11092726
11092788
11093476
11093517
11093870
11094687
11094779
11095232
11095433
11095836
11095915
11096002
11096187
11097141
11097208
11097351
11097638
11099241
11099403
11101354
11101570
11101664
11101933
11101971
11102203
11102219
11102248
11102709
11102773
11102953
11102980
11103163
11103202
11103224
11103243
11104542
11104822
11104926
11104935
11105057
11105461
11105762
11105874
11106017
11106129
11106174
11106296
11106813
11107538
11107823
11107853
11108023
11108044
11108369
11108628
11109188
11109572
11110751
11113449
11113484
11113659
11114016
11114059
11114079
11114187
11114506
11115186
11115273
11115451
11115565
11115929
11116174
11116424
11116592
11116972
11117364
11117803
11118341
11118711
11118736
11118798
11119276
11119637
11120818
11120956
11121075
11121388
11123726
11124335
11124338
11130171
11130799
11130839
11133073
11133588
11134315
11145992
11148696
11151826
11151928
11152363
11152826
11153414
11153526
11153683
11153845
11180125
11181340
11181532
11182638
11250460
11259502
11269720
11275004
11281231
11281307
11281312
11281332
11282208
11282804
11289607
11468294
11571350
11609402
11737933
11746040
11886738
11886981
11887028
11961420
11963782
11968051
11992730
12109976
12110968
12169650
12343135
12343151
12398690
12398889
12399772
12400227
12446617
12463565
12478889
12568532
12600043
12600495
12627918
12628089
12694886
12700921
12708166
12730064
12920009
12921493
12968201
12973320
12980101
12980655
12980710
12980724
13090399
13092039
13092206
13092874
13093455
13093707
13097077
13137227
13158695
13158761
13159314
13165209
13170273
13326548
13327473
13386072
13462126
13462949
13463253
13539667
13540032
13540054
13540545
13540762
13557594
13563328
13687785
13773935
13814390
13848619
13854463
13860971
13860977
13870373
13943502
13943571
14010655
14050807
14055129
14132823
14133037
14170863
14202008
14202271
14207156
14207248
14207523
14225064
14276520
14348280
14349776
14349780
14349781
14355664
14355793
14363841
14363934
14515822
14516814
14518841
14518942
14519423
14519433
14519616
14519685
14520129
14520887
14523065
14523799
14524810
14524878
14539306
14543921
14570445
14570544
14570551
14570748
14653153
14653678
14653827
14653843
14700508
14702044
14788499
14800455
14808927
14809249
14812483
14910359
14929427
14929429
14930622
14932084
14932096
14932134
14932715
14932787
14933153
14933655
14933934
14933945
14934680
14934685
14934769
14935232
14935424
14935426
14935435
14935506
14935560
14935643
14935699
14936011
14936013
14936035
14936127
14936190
14936215
14936218
14936444
14937876
14943027
14946106
14946954
14947026
14947559
14949916
14950407
14950548
14957051
14958444
14966852
14970673
14970772
14971141
14972861
14972994
15147287
15168585
15170558
15191717
15191786
15324455
15324473
15325149
15325855
15381543
15417766
15417836
15577475
15594388
15594752
15594785
15649664
15650331
15810008
15813931
15820225
15835044
15835714
15864557
15869124
15872113
15874241
15874965
15879026
15880866
15881965
15884074
15884432
15884433
15886136
15889298
15889299
15891643
15894379
15899158
15924300
15960175
16027087
16027101
16027159
16039148
16042650
16042687
16042741
16042834
16087597
16125818
16160988
16176507
16181055
16181308
16183757
16191503
16192695
16199831
16226402
16253479
16254186
16254265
16254278
16254325
16254420
16254433
16254703
16254710
16254762
16254763
16255113
16257213
16257261
16257440
16284940
16286299
16334888
16334906
16348014
16358173
16358536
16359757
16446418
16475449
16549728
16550524
16550619
16550787
16552908
16560330
16561859
16561928
16575394
16577767
16580054
16607577
16632648
16679973
16717168
16735855
16805863
16819998
16891275
16915837
16916190
16916234
16916383
16918201
16924274
16924293
16924512
16924688
16950678
16951451
16951475
16951596
16951612
16951872
16952157
16952230
16953660
16967618
16973280
16974271
16975269
16979035
16979584
17024679
17040905
17092406
17104108
17163327
17163351
17163584
17164021
17164285
17164301
17164438
17164509
17164729
17243856
17271005
17273252
17442646
17451630
17547079
17548750
17554323
17616682
17618608
17618702
17618715
17626942
17688540
17696736
17696909
17769228
17769229
17797374
17821589
17846693
17856959
17857784
17907552
17907638
17909002
17913923
18155947
18179793
18190162
18259893
18259905
18321621
18321673
18428232
18440432
18440472
18441420
18441561
18501257
18573074
18644847
18647330
18647333
18647478
18648331
18649038
18657225
18658858
18658876
18722672
18983482
18985940
18988835
19133331
19173618
19176033
19176090
19176477
19189100
19230004
19232849
19245831
19245914
19246155
19250250
19322421
19328076
19341155
19345573
19349765
19353908
19381796
19392524
19406120
19452046
19452444
19453973
19465642
19465650
19467812
19468864
19473654
19475727
19476258
19503517
19510030
19600181
19603637
19614811
19614813
19725779
19725780
19726357
19726360
19729719
19731182
19747115
19747683
19758248
19762564
19785926
19785931
19796256
19833786
19845830
19845928
19869412
19869479
19878009
19990931
19990940
19991072
19991459
19991827
19991865
19991978
19992231
19992920
19993318
19993372
19993474
19993658
19993929
19993939
19994488
19994491
19996693
20294027
20294032
20316289
20316977
20320280
20320456
20368415
20368424
20368501
20368679
20439218
20439402
20439440
20468555
20533485
20533840
20537616
20537672
20542522
20546667
20556528
20557172
20576639
20577238
20578079
20603760
20755052
20779110
20857595
21016768
21095373
21339484
21383507
21383804
21384052
21384222
21397397
21397419
21397825
21398171
21470963
21510195
21563124
21570731
21572065
21610603
21610757
21611448
21611451
21682973
21812126
21812298
21812693
21840607
22027907
22031672
22033220
22033231
22052838
22054659
22108186
22113567
22113568
22179253
22179278
22179655
22181170
22181281
22181328
22213077
22218355
22218430
22218437
22224161
22231969
22231994
22324897
22347986
22360369
22434579
22434691
22434926
22484329
22601392
22612431
22612688
22612815
22612817
22612835
22613001
22665094
22667338
22708452
22777150
22859128
22911650
22921185
22921231
22938729
22960605
22961334
22961888
22961934
22962036
22962429
22962699
22964475
22965084
22966534
22967052
22967090
22973199
23010705
23022107
23022328
23025599
23117893
23124824
23138606
23138722
23139135
23157776
23165618
23172227
23187794
23218521
23218853
23247557
23249451
23249675
23415114
23436015
23492274
23500299
23500416
23501071
23501092
23518025
23519461
23530371
23538011
23540868
23657969
23659315
23688618
23899205
23911218
23918865
23962092
23966054
23967883
23983897
24040708
24057425
24093363
24093576
24093697
24093706
24093860
24093923
24093937
24107674
24111611
24111691
24112051
24112347
24113672
24113673
24113827
24118730
24119609
24119735
24119801
24120063
24120280
24157119
24157130
24157159
24157215
24157248
24189059
24204796
24292266
24386625
24405236
24496735
24559399
24640765
24660958
24703163
24716524
24735797
24748406
24748532
24748625
24748717
24781924
24809470
24832882
24834620
24840585
24845235
24947765
24948874
24988843
24988944
24989068
25098124
25208056
25208624
25290437
25290511
25291582
25291751
25297069
25347342
25375710
25391573
25411924
25411965
25411999
25433702
25457340
25457341
25489722
25515870
25516946
25521613
25529484
25533430
25533827
25541563
25546946
25553717
25558002
25558158
25577198
25594090
25611162
25623853
25647454
25648747
25651884
25652048
25652143
25652176
25652220
25652684
25765393
25784534
25826190
25844574
25890384
25921097
25921424
25924037
26034496
26034731
26044020
26045219
26114511
26114535
26114611
26114613
26114621
26114622
26114700
26114761
26117067
26118384
26140946
26161116
26161186
26167169
26167396
26167706
26167707
26168155
26168157
26168994
26193328
26234120
26243290
26291372
26291374
26395002
26469174
26521914
26521970
26527415
26557937
26560194
26565952
26569706
26576647
26585189
26617981
26618137
26618212
26618214
26618215
26618223
26618266
26623001
26624133
26625439
26625447
26625555
26625601
26641253
26641254
26673888
26681205
26707863
26767538
26793354
26794383
26823881
26826788
26828989
26848808
26852901
26887805
26891555
26892100
26907501
26915873
26916045
26918314
27011098
27071391
27071395
27075396
27077084
27078348
27078425
27099435
27109661
27116969
27118186
27118225
27118229
27118281
27118350
27126095
27148985
27159402
27277081
27343924
27350490
27381348
27413254
27416335
27416355
27416468
27416504
27440985
27452676
27548110
27573476
27603463
27605083
27605168
27605178
27620250
27628256
27633293
27641117
27644108
27645870
27656823
27686590
27687147
27687381
27687688
27692823
27696390
27696654
27696833
27696917
27697134
27697154
27697512
27698797
27698887
27699181
27699659
27702565
27709621
27709640
27739837
27740804
27745025
27769881
27769891
27774555
27774558
27789294
27816334
27816361
27848924
27849743
27856864
27889859
27917898
27929476
27951228
28006497
28006604
28046625
28047526
28077475
28181116
28207677
28261129
28316886
28346740
28346870
28347047
28347129
28374614
28392893
28399744
28399770
28399949
28406649
28489095
28489633
28502169
28546260
28546390
28590659
28598176
28655462
28655515
28655692
28655876
28656180
28656462
28656702
28657893
28688750
28689023
28692818
28727553
28727567
28727569
29009566
29011820
29031549
29041718
29042078
29065853
29081095
29084903
29113108
29113254
29113269
29114374
29114702
29135631
29173079
29188772
29227751
29272516
29504191
29504234
29504953
29512732
29529819
29533573
29537257
29541157
29558396
29628243
29628595
29631044
29631134
29650413
29669303
29670387
29670409
29679029
29717894
29719511
29737355
29737376
29803924
29804209
29804569
29865258
30351182
30351186
30471572
30504994
30539049
30569925
30585598
30585756
30599373
30602161
30608853
30611466
30839917
30840195
30842994
30843620
30843979
30844382
30846403
30846515
30846716
30846914
30847098
30847151
30847155
30847158
30847163
30847372
30853148
30874054
30874580
30877611
30884159
30885122
30888219
31150215
31217988
31233404
31322422
31388448
31409921
31409991
31410073
31416479
31418831
31460347
31470239
31504532
31504839
31529913
31533243
31737445
32206331
493534
523870
652420
760397
768885
769828
771115
778253
778254
787340
819384
936068
939158
941919
941921
974618
975168
990908
992414
993881
1015983
1048740
1059869
1124878
1124936
1167526
1196648
1197674
1211234
1220791
1223700
1229086
1230695
1231835
1232695
1233568
1233612
1233741
1238924
1238945
1239011
1239950
1243210
1243557
1243933
1244309
1245009
1245014
1245113
1245718
1246263
1246265
1249760
1249919
1251981
1253112
1254469
1255974
1255976
1264151
1264555
1265785
1265915
1265992
1266065
1276902
1287854
1287875
1287950
1287953
1287972
1289705
1290424
1293262
1293644
1309150
1310073
1333389
1333555
1333707
1335540
1335725
1336059
1362040
1363734
1364090
1366143
1377316
1377488
1380557
1411569
1411654
1432953
1442614
1448491
1448519
1448560
1448608
1450858
1466140
1466159
1470880
1529560
1530134
1539439
1543613
1543616
1551809
1555854
1565181
1584048
1625222
1680307
1680686
1680695
1680719
1680726
1680728
1680733
1680760
1680765
1680766
1683914
1685062
1768229
1768378
1826403
1946344
1965309
2053505
2111036
2111091
2111161
2114205
2152563
2153088
2153317
2165030
2180648
2180677
2313074
2313268
2313269
2315291
2382007
2391599
2391607
2391812
2484909
2545315
2573987
2575141
2625072
2627492
2628263
2664333
2664597
2665713
2723017
2727552
2728517
2728539
2728618
2728638
2741219
2749986
2749987
2752184
2800509
2848800
2849306
2869166
2869174
2881717
2890266
2895429
2958092
2958227
2958536
2958796
2962554
2962555
2963279
2972397
2988000
2988326
2994098
3000953
3019920
3019937
3040136
3069995
3163063
3182032
3211468
3336540
3336931
3337435
3337824
3359814
3359900
3374690
3421790
3471753
3498120
3586378
3686629
3690123
3743719
3743849
3792574
3803913
3863997
3865382
3872254
3907953
4015407
4143410
4143432
4163884
4221646
4230590
4230680
4230791
4231036
4236872
4236947
4237141
4237422
4237763
4238894
4238945
4238995
4239372
4239499
4239730
4239818
4240752
4241224
4241382
4241384
4241408
4241597
4242068
4242151
4242191
4242943
4243675
4243906
4245258
4245372
4246221
4246644
4250362
4251483
4254924
4256105
4256445
4256493
4257361
4290128
4327126
4327247
4366415
4366496
4372069
4429826
4494344
4494826
4495207
4543232
4543259
4572434
4572627
4572895
4573083
4590301
4597882
4598239
4625464
4625486
4630260
4713212
4777100
4781126
4830443
4830706
4847341
4864799
4864911
4898756
4898827
4900138
4900266
4900694
4901146
4901162
4901350
4901569
4901708
4910843
4918791
5050014
5084318
5163151
5202554
5202732
5202975
5206851
5220004
5220014
5259903
5260121
5262823
5262919
5263974
5295446
5296576
5301051
5316041
5337226
5339513
5452046
5452066
5452067
5452071
5452085
5477789
5479802
5479804
5630905
5633658
5636146
5656288
5656293
5656560
5656561
5656657
5692524
5943752
5956715
5973604
5985717
6004758
6007977
6044693
6045307
6095100
6142955
6224181
6224913
6225056
6225380
6225663
6226087
6226126
6226581
6263797
6265637
6265858
6314004
6315736
6316455
6324265
6325008
6329377
6333154
6333399
6333654
6363068
6388073
6492230
6527050
6770419
6795092
6797810
6798084
6799849
6800170
6800193
6800305
6800942
6800947
6800978
6801216
6801797
6802011
6802103
6802183
6802192
6802242
6802258
6802296
6802621
6802716
6853989
6854481
6854555
6854718
6855206
6855270
6855362
6855380
6855405
6855409
6856081
6857508
6867592
6868164
6868468
6916328
6927675
6962581
6966694
6967974
6967992
6968125
6968283
6969300
6969782
6969928
6970260
6972503
6973588
6974691
6980813
6992615
7020582
7020757
7021773
7084195
7086672
7089614
7095338
7095341
7109961
7121889
7125718
7130492
7164279
7214584
7214651
7215395
7216452
7218753
7234030
7291641
7348662
7352862
7364505
7368292
7391690
7391831
7392235
7393874
7403919
7405459
7405983
7406030
7406190
7406349
7406944
7409017
7444599
7473506
7491020
7491423
7492180
7492946
7495949
7496897
7496930
7594314
7601003
7606697
7619027
7620154
7671477
7677902
7693119
7699062
7700370
7715218
7715654
7724885
7725499
7725728
7725765
7725855
7725896
7725913
7726361
7735110
7735358
7739459
7741250
7783506
7805117
7873121
7875749
7876629
7876702
7876800
7876836
7876918
7877901
7878067
7878811
7911588
7959995
7960012
8008479
8022723
8041175
8041184
8154062
8184683
8221846
8221875
8222148
8222556
8223177
8223185
8223278
8223279
8223432
8223524
8224490
8224648
8225471
8225925
8226525
8226611
8226699
8226966
8227579
8227705
8227749
8227766
8227833
8227859
8227878
8227886
8227946
8227956
8228159
8228234
8228241
8228242
8228357
8228655
8228660
8228942
8229401
8229431
8230917
8242399
8281008
8328073
8503475
8516485
8562777
8563548
8564256
8637759
8641527
8642446
8739102
8739175
8807999
8808011
8914353
8914553
8914556
8914644
8914981
8915164
8915209
8915367
8915372
8915518
8920128
8920433
9038936
9043123
9043359
9043810
9043892
9044803
9093008
9100037
9100192
9100193
9107959
9158497
9215390
9259861
9268690
9313485
9313510
9319324
9319565
9321672
9323251
9323557
9323980
9324195
9324959
9325368
9325616
9325630
9325709
9325715
9326037
9326207
9326281
9326314
9326350
9326470
9326555
9326808
9326845
9327338
9327434
9327444
9327555
9327723
9327936
9372570
9389290
9401071
9425775
9484639
9506368
9507386
9512594
9547127
9550118
9552014
9552912
9768683
9769041
9769255
9770927
9770993
9771028
9771038
9771055
9771057
9844782
9926377
9940546
9967930
9988858
10000748
10063397
10082021
10082070
10082252
10082389
10082768
10091768
10209743
10220943
10221127
10254062
10254447
10271310
10271875
10272243
10292281
10335384
10394697
10421365
10432976
10434462
10438499
10574152
10595940
10595983
10693135
10911322
11032522
11038518
11039628
11039815
11080131
11107914
11107920
11108130
11154836
11154840
11154997
11212495
11220906
11224094
11246476
11249674
11250003
11250149
11250601
11250643
11250691
11252374
11259689
11259708
11259883
11259939
11333162
11333164
11333540
11350979
11351178
11352720
11370436
11370439
11370530
11372368
11396353
11481035
11531832
11539401
11540347
11545149
11545296
11554613
11555060
11555315
11557072
11621943
11661216
11668747
11668807
11668852
11854242
11961097
11961325
11977602
12099282
12198811
12199286
12199499
12199760
12210623
12245843
12306032
12492791
12542057
12542577
12566752
12566863
12567409
12685822
12847189
12938711
12939092
13029143
13031860
13034136
13034143
13070703
13071219
13071649
13072554
13072567
13080005
13083569
13083712
13083764
13083776
13097967
13262135
13263092
13269448
13270053
13270279
13387773
13540637
13555208
13712346
13723409
13723445
13723463
13725895
13740332
13741720
13741981
13742476
13742585
13742624
13742920
13745267
13747040
13828790
13831006
13831197
13831419
13856028
13925033
13925831
13935204
13936017
13936061
13994940
13996043
13996077
13996514
14004547
14021976
14078435
14101878
14110469
14175820
14270728
14274236
14409638
14413600
14482130
14485064
14485214
14744659
14839311
14844030
14859540
14882514
14902638
14977884
14978067
15069082
15323104
15323474
15326830
15485692
15841134
15843641
15843760
15852326
15916557
15996362
16055506
16069092
16069887
16069924
16070902
16071049
16167715
16195814
16195921
16204311
16280266
16280351
16280377
16280605
16285990
16286640
16422639
16422879
16424622
16425855
16463727
16476093
16476382
16479278
16500175
16501466
16516957
16580356
16580414
16581166
16710542
16710543
16711200
16711564
16711736
16711875
16711984
16712000
16712011
16712558
16712700
16716679
16717676
16940456
17025900
17028062
17028631
17028823
17029080
17031879
17031880
17055641
17055646
17055744
17172988
17345455
17395711
17395895
17396486
17697210
17740073
17888906
17889119
17889986
17890328
17908094
17970829
17970907
17970938
17971251
17972746
17972750
17972752
17975597
17983893
17984124
18060231
18180828
18203515
18204592
18216572
18224952
18225762
18226812
18226964
18227073
18227373
18227769
18227816
18228145
18247908
18401412
18447044
18447583
18447608
18456393
18456647
18502823
18825954
18987281
19069093
19077475
19096252
19097501
19099423
19223003
19291859
19320723
19344359
19393733
19523608
19523655
19523975
19526545
19530104
19541178
19580920
19590038
19591535
19591684
19592850
19798236
19798408
19798909
19798948
19799018
19799126
19799949
19850513
19962319
20062164
20340806
20590834
20670514
20732895
20756500
20776294
20895100
21480623
21486400
21700518
22004023
22022426
22155959
22361082
23075718
23174082
23334129
23374141
23763756
23776306
23777748
23778015
23779205
23779617
23781945
23782470
23782521
23785191
23789911
23804482
24474015
24554347
24826533
24840191
24869420
24873431
24883243
24885082
24898944
24898947
24914718
24915632
24915821
24916098
24916525
24920288
24920706
24924631
25097794
25098680
25293694
25409072
25459639
25465647
25472277
25472338
25472573
25473048
25495273
25497433
25503332
25503537
25503587
25503758
25701520
25701653
25702316
25702365
25702386
25702421
25702454
25702482
25703155
25703706
25703708
25703761
25725730
25757307
25757371
25757873
25758196
25758958
25759088
25761299
25772570
25837226
26027767
26140210
26140325
26140985
26145022
26151561
26250826
26290408
26362124
26381604
26381643
26381658
26390171
26473481
26475105
26475353
26614621
26635389
26671605
26729469
26730293
26730886
26777519
26788406
26811616
26813592
26821272
26830018
27033435
27082179
27084420
27263250
27405681
27655157
27655525
27688988
27689510
27691230
27693058
27707445
27707836
27707887
27982900
28086537
28125567
28125994
28132724
28147199
28183431
28225055
28225578
28276723
28307592
28314768
28348381
28389325
28392502
28393120
28393207
28400931
28409424
28494890
28510771
28530324
28534585
28534589
28725847
28725955
28726223
28727525
28727591
28727592
28727598
28728481
28729234
28729370
28738269
28747352
28747488
28747841
28749530
28750922
28751610
28752420
28767843
28779192
28804565
28813661
28814059
28829004
28829150
28829606
28829735
28831139
28831723
28832031
28832944
28863861
28865016
28865029
28871189
28903497
28907016
28907235
28908848
28909533
28909543
28910063
28910092
28910627
28913661
28946616
28948533
28951893
29026260
29028708
29054717
29056296
29097088
29097581
29099186
29241689
29241864
29242898
29244351
29244836
29269396
29270145
29270239
29270854
29300161
29366941
29412287
29412377
29425636
29459924
29474963
29553611
29582940
29718447
29792910
29854428
29957476
29958941
29959006
29959123
30049567
30071129
30071147
30071288
30071505
30071685
30072169
30072503
30072822
30073278
30073812
30074175
30076406
30076416
30076759
30077147
30079886
30080387
30080483
30080646
30080655
30081143
30081311
30081589
30082164
30082186
30082790
30083179
30083969
30095575
30114958
30167922
30169604
30179954
30202570
30444174
30447552
30451079
30464709
30465022
30465082
30474624
30479772
30480208
30542707
30567606
30575941
30581948
30608452
30609606
30614425
30948284
31006191
31073918
31076202
31093824
31095718
31310539
31310636
31376135
31538321
2634448
2928519
3583308
3584269
3585450
3585961
3587169
3587458
3587655
3589027
3589691
3590451
3592200
3594232
3594399
3594946
3597263
3602557
3602603
3604127
3606664
3606764
3610166
3610340
3610634
3612659
3615177
3615567
3624134
3663690
3663752
3663754
3688858
3689568
3694115
3704871
3705492
3711171
3731659
3732189
4220412
4220609
4237336
4238822
4257837
4350681
4353386
4354474
4355764
4496630
4550585
4918231
4927451
4927457
4975133
6203960
6218370
6218445
6218458
6218481
6219917
6251424
6380417
6400386
6419985
6426813
6434540
6493032
6503358
6503362
6546155
6556023
6558671
6558774
6558777
6678029
6681426
6720232
6753902
6755201
6760447
6760449
6762265
6762438
6762666
6764595
6764601
6765614
6766661
6766750
6779624
6779811
6779813
6780172
6780541
6780747
6780846
6780847
6780849
6781002
6787703
6789853
6793142
6797971
6801361
6802080
6802452
6804083
6804633
6808966
6809250
6830981
6831035
6874045
6933637
7077117
7142097
7241480
7241705
7241989
7242486
7242733
7242850
7244008
7244203
7245415
7246429
7246558
7246562
7250001
7250153
7250277
7250294
7250584
7250593
7250596
7254625
7254822
7254967
7255563
7255608
7255615
7255646
7255707
7255781
7256562
7266297
7268454
7276683
7276758
7305027
7350148
7354342
7358875
7359058
7359400
7360426
7360668
7361175
7361768
7362930
7362977
7362991
7394714
7418846
7439099
7439349
7439350
7439467
7439469
7474333
7511227
7539334
7578022
7621350
7621431
7621456
7621589
7622849
7685795
7687273
7709302
7713582
7713853
7716519
7818490
7818612
7847994
7848104
7848110
7848447
7848693
7849068
7849414
7849624
7850315
7850867
7850987
7851132
7851868
7852003
7881867
7896149
7919309
7920404
7921213
7925429
7946962
7947005
7947084
7947107
7962348
8063731
8063922
8064195
8065146
8068612
8068623
8068718
8068773
8068819
8069209
8072713
8074028
8074079
8074923
8075277
8084147
8085227
8123105
8123691
8139167
8142084
8142156
8142488
8143276
8143364
8143700
8143825
8217653
8275738
8277226
8347383
8396167
8396466
8406479
8485445
8486343
8486561
8489100
8490510
8669781
8675031
8751375
8758912
8758997
8759242
8759269
8759361
8765497
8765915
8766411
8766504
8766717
8767071
8767122
8767547
8768111
8768132
8768223
8768551
8863998
8864873
8955179
8985514
8993186
9072597
9072866
9073116
9119297
9159881
9230057
9230339
9230481
9230525
9230994
9944580
9961377
10167145
10299120
10299382
10299481
10299582
10299781
10300020
10300281
10300414
10300433
10300532
10300646
10300768
10300820
10301041
10301427
10301723
10301841
10302045
10302132
10302587
10302632
10302720
10302960
10303059
10303236
10303384
10303387
10303426
10303702
10303961
10303968
10304204
10304207
10304279
10304292
10304360
10304641
10304713
10304844
10305635
10305907
10306270
10306363
10307322
10307356
10307616
10307723
10307731
10307735
10307875
10307877
10308432
10308534
10308578
10308599
10308601
10308633
10308642
10308662
10308670
10308689
10308932
10309025
10309164
10309178
10309287
10309322
10309362
10309704
10310129
10310154
10310492
10310547
10310743
10311171
10311552
10311955
10311987
10312180
10312209
10312220
10312228
10312327
10312386
10312529
10312743
10312910
10312940
10313011
10313394
10313798
10313871
10313873
10319802
10319919
10319997
10320114
10320160
10320605
10320606
10320632
10320654
10323200
10323320
10323331
10323349
10323391
10323588
10323646
10323817
10324011
10324268
10324837
10329789
10330029
10330702
10331107
10331610
10332325
10337177
10337382
10337613
10338594
10341065
10341266
10341448
10342648
10346973
10349056
10349979
10352075
10352089
10352798
10353116
10353479
10353491
10356357
10356407
10356655
10356723
10356730
10357200
10357969
10357989
10358074
10361796
10364139
10364729
10368187
10368360
10369845
10369998
10372089
10372987
10374404
10374452
10374598
10374899
10375963
10376309
10379069
10379088
10379095
10382289
10383809
10384089
10384261
10384538
10385802
10386061
10386183
10386467
10387267
10391369
10393167
10394327
10394638
10397720
10398611
10398698
10408083
10408140
10408148
10420006
10420346
10420600
10425145
10430431
10431854
10434066
10439421
10439941
10453298
10454814
10460674
10463406
10465440
10466333
10468180
10468860
10470564
10477958
10477963
10484683
10486697
10486734
10487208
10487856
10493369
10508085
10510087
10511606
10514693
10516820
10518764
10519969
10520341
10520418
10522756
10523116
10525844
10526010
10532730
10540449
10552488
10554301
10554941
10556348
10567088
10573185
10576799
10577364
10583690
10583744
10590440
10593609
10594409
10595018
10595850
10596045
10599514
10603675
10604341
10605460
10606032
10608602
10611930
10614114
10614145
10615922
10616021
10618890
10621034
10621241
10623047
10623987
10628128
10628172
10629753
10632634
10632853
10635696
10635901
10637159
10637220
10637408
10786992
10885849
10887033
10996653
10999321
11046691
11111901
11126657
11166506
11180114
11192700
11214671
11298602
11315602
11446506
11460535
11461157
11498860
11518377
11538543
11544568
11546850
11572447
11594989
11596020
11605137
11607995
11610539
11611939
11613012
11613615
11619451
11619792
11622183
11623940
11624495
11626636
11627168
11665717
11681852
11695609
11711874
11714933
11720358
11730352
11751457
11757713
11778289
11790396
11796545
11799347
11805199
11827380
11829017
11833783
11835129
11836456
11846313
11848969
11853180
11853683
11853784
11853965
11854464
11855608
11855682
11855739
11855781
11856112
11856167
11858448
11858860
11859309
11860465
11860576
11861641
11864982
11934653
11941536
11942066
11942932
11943493
11944384
11947247
11947496
11947528
11948029
11948049
11948448
11948801
11949017
11949148
11950090
11950359
11950564
11952733
11952796
11952883
11953056
11953081
11953770
11954018
11954785
11956038
11957071
11967994
11999119
12003556
12009328
12039365
12041570
12079244
12329982
12659003
12837169
12837533
12837650
12837794
12837908
12837962
12838030
12838135
12844609
12846001
12846052
12846412
12846494
12848111
12848196
12849174
12849562
12850655
12851514
12853839
12853843
12854213
12854631
12854968
12855117
12855551
12855587
12855698
12856030
12856446
12856547
12856782
12857606
12857880
12858035
12858283
12859711
12860072
12862935
12863058
12863062
12863337
12863577
12863940
12864059
12864388
12864407
12864863
12864914
12867000
12867103
12924271
12938563
12938569
12979611
13101497
13102555
13102642
13168621
13169035
13224461
13224878
13225725
13320890
13327697
13353409
13385676
13388120
13405305
13408564
13490889
13579851
13612991
13682807
13690218
13695013
13698846
13698856
13698949
13698953
13700165
13880153
13950015
13951415
13986178
13986193
13986575
13986603
13987063
13987347
13987349
13987351
13987419
13987441
13987474
13988112
14032227
14274712
14274719
14504025
14579181
14693604
14997847
14998079
15062101
15178421
15184927
15316484
15494789
15495688
15516050
15516103
15518605
15525223
15580237
15777989
15793028
15801779
15801790
15804831
15904532
15957261
15974307
16041087
16042717
16076159
16092814
16304312
16304705
16337915
16353189
16353204
16402960
16457127
16458413
16540963
16540965
16541429
16541800
16542414
16554030
16555111
16654113
16770498
16779964
16832297
16832383
16832810
16833959
16837570
16844622
16844838
16845534
16846066
16846098
16846133
16848175
16876899
16877754
17026656
17027574
17027619
17034563
17035472
17035582
17059265
17064272
17064341
17075151
17240046
17292936
17294338
17358702
17428762
17671869
17705133
17706837
17727280
17735412
17735872
17794517
17797089
17798692
17799344
17799799
17950811
17951485
18023998
18033132
18205597
18293890
18344316
18362661
18365667
18416226
18417096
18417714
18537698
18660992
18731440
18734848
18736055
18736372
18785242
19077981
19082097
19127581
19135741
19136364
19205129
19205861
19206059
19206141
19206731
19207032
19210778
19356487
19482067
19567048
19568864
19681923
19681924
19758752
19833455
19857230
19905753
19906312
19906908
19908929
19919531
19919691
19920501
19920637
19921127
19921377
19934155
19944882
19945039
19952561
19953347
19954140
19954465
19954614
19954622
19962244
19964210
19965418
19965924
20015151
20015158
20089690
20091050
20147405
20148715
20148750
20148762
20148874
20149043
20150391
20150403
20150647
20150853
20181254
20188235
20188593
20188594
20189221
20189292
20189623
20189687
20192494
20193449
20193615
20193822
20193861
20193951
20198394
20217697
20218398
20218595
20219734
20219810
20219814
20219827
20228355
20243558
20243732
20251089
20251228
20251495
20251757
20252085
20252092
20252125
20252831
20252881
20252938
20252984
20253546
20253849
20254389
20254462
20255185
20255666
20255689
20256086
20256644
20256723
20335431
20335478
20335484
20369440
20369672
20369756
20369893
20370353
20370373
20370386
20370388
20393280
20393387
20393395
20443647
20443960
20444208
20444730
20444808
20445771
20446439
20450117
20521095
20594308
20594468
20594534
20595899
20595940
20596515
20608655
20641755
20644700
20671893
20680015
20682952
20683302
20693186
20709648
20715267
20716358
20725587
20725661
20726032
20818498
20820105
20846410
20850120
20854106
20855029
20861225
20904717
20904960
20981670
20981968
21025561
21050987
21051541
21085281
21303311
21525343
21525359
21525381
21525427
21525627
21525912
21525968
21526059
21810259
21941587
21950288
22076260
22098631
22231327
22235435
22235516
22237136
22237446
22239194
22239243
22239551
22241378
22241591
22243978
22353720
22360040
22394637
22394989
22429535
22429574
22430486
22430495
22430672
22430853
22431048
22431180
22431271
22431653
22432485
22432492
22432595
22432617
22432661
22439623
22439640
22439641
22445212
22446167
22446274
22446306
22447037
22447705
22447978
22448104
22448973
22449936
22611720
22653744
22654092
22661520
22663485
22667871
22669746
22677812
22678135
22678309
22678310
22678333
22678385
22764005
22767933
22771009
22772239
22887591
22932166
22932351
22975582
22984581
22984724
22984827
22984830
22985310
22985547
22985742
22986018
22986372
22986594
22987838
22988026
22988027
22988449
22988514
22988515
22988558
22989317
22991678
23046333
23046727
23048813
23076458
23164172
23307542
23309387
23309473
23309479
23309762
23311577
23312188
23313532
23314814
23314820
23315214
23316058
23316443
23316799
23326234
23354168
23360337
23360813
23360851
23361218
23361326
23362307
23370861
23381052
23406460
23546988
23546989
23556553
23571867
23584618
23594273
23595241
24062233
24161579
24164103
24457088
24672321
24672499
24672566
24672834
24672992
24678280
24678769
24679068
24699082
24723395
24723848
24736671
25052294
25064665
25102276
25123410
25123654
25181357
25181368
25205711
25205894
25205914
25341127
25342285
25417176
25495808
25569385
25704814
25799266
25834662
25835395
25835539
25835556
25853169
25863677
25864300
25867963
25869843
25870222
25871232
25871255
25914766
25922029
25922075
25922348
25922451
25922476
25922488
25923030
26044876
26046137
26116850
26124951
26127292
26175147
26306583
26356535
26387819
26506540
26507423
26524882
26526380
26592438
26647155
26647421
26649376
26650202
26650223
26651003
26651061
26651062
26651136
26651279
26724878
26890779
26973976
26974534
26974635
26974637
26974693
26974731
26975224
26975778
26975861
27040919
27119727
27207355
27213971
27214501
27220948
27243155
27305819
27343210
27343322
27343459
27437049
27478451
27660835
27676057
27678296
27815737
27875380
27875395
27916248
27938386
27938504
27938664
27939140
27939335
27939533
27939600
27940483
27976148
28013358
28069033
28161597
28161640
28161900
28161984
28162874
28172738
28172785
28172905
28173365
28173450
28174175
28174653
28187278
28187331
28187450
28187569
28191851
28192207
28192812
28192913
28193012
28193216
28193409
28195086
28195923
28227114
28241382
28248798
28254964
28330481
28337103
28337104
28343770
28350786
28351121
28424158
28424162
28424428
28424505
28439792
28440190
28440241
28440287
28440502
28440751
28440956
28441365
28441517
28626159
28629273
28693427
28696188
28697484
28697486
28698195
28704351
28704520
28705284
28706599
28706932
28764559
28764786
28765419
28765436
28765556
28765825
28765885
28765952
28765961
28766039
28983519
29010848
29036957
29044564
29054386
29066131
29071194
29072243
29076386
29082023
29083426
29165571
29191214
29191219
29211649
29301988
29304479
29457731
29503880
29504692
29522467
29601619
29604473
29604522
29635459
29635486
29635559
29660276
29660346
29660431
29660567
29660619
29660642
29660728
29662687
29663008
29663854
29664164
29664169
29664227
29665312
29667627
29667639
29669468
29670081
29687692
29689956
29696090
29698240
29698372
29700866
29720929
29720942
29721860
29724451
29726075
29814091
29829929
29841746
29842001
29842472
29843132
29851182
29851741
29892858
29893262
29893834
29893937
29894042
29894063
29894066
29894119
29894120
29894137
29894490
29894606
29894773
29894817
29897616
29897697
29928174
29985703
29985771
29985944
29986065
29986517
30104213
30139236
30142716
30144054
30160761
30205405
30205526
30206003
30206958
30206961
30251303
30271654
30274001
30274814
30368191
30369620
30540603
30619042
30652038
30656190
30656906
30661469
30771436
30866347
30866409
30866479
30866815
30867106
30869012
30897499
30903560
31204374
31268190
31268218
31269590
31272505
31272746
31275496
31375553
31420100
31498800
31524466
31526697
31528409
31530699
31536099
31536280
31540882
31541968
31544197
31562986
31566683
31577889
31752613
31753521
31763883
31763940
31975876
31998537
32431031
32437409
32437870
32530568
32531845
32679104
32688147
32732342
32739451
32740854
32743577
32744340
32745347
32746296
32746387
32746978
32747594
32756914
32757294
32759683
32759984
32763864
32772593
32778878
32830345
32934416
32934478
32934508
32934689
32972276
32987732
32987784
32987849
32993635
32994162
33010705
33016486
33017414
33155628
33189920
33271034
33415942
33418440
33536165
33538636
33543934
33567302
33584497
33616652
33679292
33679784
33795394
33795470
33795947
33796003
33818617
33825468
33871392
33872289
33879971
33886541
33910502
33916212
34021198
34188539
34211098
34224035
34249252
34249524
34249527
34254182
34256785
34271777
34294034
34385783
34405738
34432132
34458452
34474202
34529414
34601017
34634651
34635511
34636258
34637667
34720223
34782775
34786424
34792964
34793100
34793408
34793633
34794252
34794859
34795098
34795455
34796058
34839054
34841368
34842314
34864584
35085628
35092883
35094403
35101737
35114166
35131063
35135387
35137153
35138481
35138943
35138993
35139185
35139290
35139741
35140315
35165668
35169522
35203126
35238218
35239153
35243637
35244010
35245094
35252002
35253098
35253122
35253243
35253308
35253570
35254654
35256637
35257038
35257428
35257776
35257860
35258323
35258373
35258376
35264690
35265311
35265692
35265960
35268451
35268499
35270475
35270758
35271634
35275590
35305575
35400537
35400648
35402715
35402845
35407084
35411154
35411401
35411644
35734602
35759972
35759974
35806621
35907000
36039287
36227273
36235768
36285296
36285423
36286375
36287495
36287802
36287803
36362066
36410463
36471391
36471447
36473136
36477081
36477258
36479022
36479536
36479661
36480297
36480527
36480753
36483116
36483181
36484192
36484657
36485080
36485137
36485787
36485907
36485982
36486070
36486120
36486121
36486459
36486538
36486545
36486774
36488194
36488522
36488657
36488924
36489204
36489282
36490992
36491353
36491964
36492121
36492199
36492487
36493845
36493974
36494712
36495077
36495202
36495306
36495332
36495690
36495731
36495973
36496043
36496112
36497326
36497610
36498544
36498731
36501307
36501550
36501599
36501893
36502254
36503191
36503469
36503818
36503951
36504122
36505028
36505110
36505280
36505482
36505894
36506975
36507018
36508634
36510898
36514737
36516501
36532044
36533136
36535380
36535529
36536842
36538110
36548868
36568635
36575018
36575517
36575685
36576058
36577350
36577555
36577572
36581354
36581389
36581390
36599306
36669980
36784386
36875564
36944162
36951955
36966450
36966900
37046877
37050573
37051150
37051263
37051354
37058544
37058602
37059114
37059129
37059230
37059611
37059670
37059726
37059736
37059807
37060366
37060471
37060472
37060484
37060490
37060617
37060665
37060724
37060756
37060761
37061448
37061517
37061680
37062099
37062117
37062279
37062344
37062475
37062625
37062628
37062800
37062818
37063882
37063900
37063914
37065354
37136299
37157764
37163150
37164492
37167675
37167822
37184057
37184403
37185268
37185277
37185368
37185430
37185435
37186313
37186476
37186708
37190110
37299950
37322601
37322606
37322676
37322693
37349714
37349717
37489731
37559077
37587569
37616022
37626021
37635160
37768012
37798714
37804092
37849700
37939555
38068798
38299306
38303721
38304033
38313161
38313724
38313844
38323942
38385180
38526495
38551911
38590993
38768656
38931002
38931040
38931266
38931334
38952615
38997369
38997595
39021272
39021295
39021547
39023882
39206720
39244391
39257442
39261721
39314022
39414295
39414459
39427327
39654955
39655115
39655124
39714849
39816947
39838121
39861026
39861616
39891708
39893415
39961023
39977901
40012905
40019507
40079548
40096681
40098571
40118652
40118675
40123025
40135319
40161784
40193657
40201479
40203042
40203288
40265957
40266131
40268571
40278992
40298358
40339486
40340361
40340631
40459395
40591426
40644478
40667803
40668020
40670700
40710978
40754066
41058172
41096906
41119162
41119165
41119194
41120225
41129638
41134226
41158378
41158409
41158434
41159381
41170893
41195700
41196107
41224218
41272534
41343952
41368822
41371404
41371459
41371467
41371471
41371630
41376374
41376384
41376390
41376422
41376423
41376436
41376447
41376452
41376454
41376491
41376547
41376711
41376757
41376941
41413899
41462104
41462148
41469985
41475644
41662457
41662636
41674813
41678398
41718748
41722953
41746035
41775772
41775775
41829185
41829436
41829497
41829648
41830163
41842554
41843024
41843033
41891888
41904406
41904408
41904460
41913395
41920106
41956310
41986034
42004988
42004994
42020056
42020076
42020124
42068383
42250149
42253675
42322208
42358919
42362141
42366529
42367611
42394411
42414942
42414986
42432926
42437569
42437642
42441295
42443893
42452867
42454168
42454243
42454248
42454354
42454636
42454771
42454862
42454868
42454894
42454971
42454974
42455197
42455408
42455539
42455563
42455662
42455871
42455883
42455937
42456188
42456231
42456545
42456561
42456586
42456690
42456852
42456895
42456912
42457213
42457372
42466775
42467119
42480254
42480607
42480624
42487952
42487997
42496032
42512164
42646905
42687818
42687824
42688522
42694085
42694166
42702494
42739988
42740355
42744736
42744871
42763038
42766857
42767080
42783756
42799623
42800723
42800732
42801747
42801910
42801946
42802080
42802102
42803163
42803193
42803364
42803888
42804169
42821086
42839985
42858437
42859398
42859399
42859400
42859406
42859833
42870363
42881521
42881665
42918264
42947239
42947368
42967846
42967847
43006394
43006399
43016907
43031117
43038525
43047604
43127384
43129715
43166255
43166731
43239008
43253552
43260653
43292592
43316555
43332101
43365761
43372381
43383938
43384004
43384062
43384152
43384170
43428373
43428376
43434311
43434333
43434446
43434857
43460370
43460732
43460940
43461297
43461329
43462465
43462625
43464585
43493545
43497040
43529418
43559532
43574810
43584450
43621541
43622353
43650316
43650407
43654209
43658715
43658739
43658753
43664508
43665369
43665378
43678505
43679716
43748238
43775981
43779594
43793835
43796923
43796991
43830890
43830935
43830955
43830958
43831231
43832826
43832832
43835425
43841048
43847151
43883118
43919671
43933899
43938749
43955642
43955648
43957234
43957502
43957526
43957653
43957796
43958953
43958956
43963306
43970797
43991473
43998458
44003061
44013681
44042354
44101045
44116289
44125411
44205818
44205919
44219861
44221903
44222527
44231952
44251794
44266066
44266267
44267763
44273509
44280083
44303610
44312363
44315662
44329570
44329654
44418945
44494130
44530186
44535503
44535631
44535636
44535649
44535658
44535659
44535668
44535702
44535753
44544473
44544475
44546469
44547152
44547189
44547223
44547365
44547373
44547577
44547956
44548027
44548079
44548145
44549744
44573566
44654496
44665775
44669493
44680046
44745421
44747058
44748479
44748604
44845380
44900082
45057516
45091193
45166986
45381163
45396763
45405847
45421977
45445732
45450080
45459533
45466052
45529219
45536176
45537212
45537254
45537275
45539627
45553736
45554262
45557053
45559537
45588581
45591129
45591293
45591294
45592261
45593023
45596203
45657842
45712542
45715743
45715821
45715849
45716078
45723199
45775657
45776127
45776129
45812301
45875096
45893680
46000669
46025886
46044777
46131450
46197706
343247
343253
343258
793376
1017102
1046950
1060426
1065346
1153103
1195461
1229742
1243257
1244758
1245493
1247660
1254416
1267659
1267669
1267686
1293522
1324418
1325844
1326463
1328440
1329748
1329771
1331470
1345712
1375938
1395992
1396885
1480055
1482449
1482780
1485542
1489227
1520951
1691566
1698582
1715056
1715364
1715402
1715740
1762240
1774878
1791421
1979290
1995092
2026284
2085482
2088666
2088857
2089079
2172334
2179025
2179181
2181649
2196987
2198850
2207335
2208771
2208851
2208856
2209452
2209699
2219910
2232745
2250984
2280491
2283349
2285451
2285473
2286068
2286453
2286514
2288518
2289392
2292825
2293199
2298567
2358389
2374813
2374975
2375033
2375761
2418767
2419119
2423307
2425123
2425167
2463798
2464134
2502854
2555953
2555958
2557784
2588352
2588639
2732454
2755610
2764955
2775244
2796440
2796610
2796821
2797458
2797866
2797867
2798022
2798778
2898261
2907194
2916861
2938328
2951176
2976103
3003282
3006899
3027318
3027434
3027438
3029946
3030776
3031082
3053311
3216406
3219235
3231689
3235248
3241547
3242060
3345830
3417084
3467411
3471435
3565768
3565989
3566193
3566200
3566239
3566419
3566420
3566438
3566534
3641999
3707416
3810109
3864976
3883940
3885092
3885413
3885432
3886454
3891361
3902085
4034287
4045112
4047660
4055979
4069542
4104685
4143090
4148794
4153058
4211871
4248950
4269158
4270345
4299017
4304324
4385611
4444383
4471437
4471507
4500190
4510824
4513484
4513530
4513720
4513787
4514692
4514712
4515324
4515346
4515390
4558146
4558666
4559755
4709925
4751784
4751795
4771231
4772095
4772096
4772144
4779100
4815798
4816289
4816295
4824237
4842988
4843135
4852085
4852097
4852144
4852201
4852508
4853355
4854461
4883291
4986038
5004078
5028972
5067964
5067978
5068814
5096670
5160129
5205223
5212432
5212646
5212741
5213036
5213538
5214624
5214655
5214688
5214915
5214944
5215112
5215188
5215241
5215251
5215514
5215518
5215521
5215604
5215650
5215736
5216225
5216501
5216932
5217410
5217622
5217672
5217831
5217849
5218333
5218367
5218374
5218456
5218549
5218757
5218860
5420229
5435111
5491937
5492156
5512677
5588201
5589106
5612870
5617788
5618936
5619280
5620554
5620765
5624701
5629687
5632447
5647454
5659157
5659918
5663735
5663958
5664668
5665689
5710789
5741368
5786430
5801977
5802344
5802580
5802685
5814173
5814994
5822434
5823361
5928035
5932607
5964033
5966715
5968596
5968876
5981090
5990701
5994962
5995360
5997254
5997265
5998375
6002993
6005980
6006879
6010418
6102125
6112533
6118524
6124785
6281655
6292512
6339390
6407155
6424924
6527865
6537444
6558045
6590126
6608441
6608752
6622647
6622808
6718054
6722196
6725288
6759699
6759769
6760212
6762868
6764278
6769719
6789383
6790649
6821131
6821248
6946968
6951811
6953073
6954530
6969735
6969910
6990222
7163500
7223572
7237929
7239021
7239823
7251473
7268752
7273833
7358470
7358530
7359700
7366520
7366567
7437717
7439396
7440081
7444997
7475497
7548511
7551195
7551232
7551345
7565662
7580421
7580442
7581667
7588391
7713998
7769547
7788549
7788728
7799843
7833666
7876253
7876274
7876287
7910964
7913329
7913564
7913821
7933692
7938513
8022362
8059655
8113582
8318716
8363446
8404785
8596739
8643600
8643830
8686725
8687045
8690682
8693524
8703282
8712901
8713269
8713270
8714401
8715567
8716067
8716072
8716300
8716565
8716780
8716787
8716981
8717193
8717984
8718273
8719647
8730391
8741358
8750813
8934250
8934408
8959151
8959520
8961561
8961659
9071398
9074811
9075041
9103030
9108030
9108032
9190446
9203892
9244708
9244743
9270647
9378491
9640324
9700427
9817027
9818574
9823437
9877082
9880391
9880455
9881416
9882350
9882402
9917387
9935496
9952061
10045066
10049848
10050028
10120241
10156527
10164706
10423818
10462320
10462388
10462798
10488786
10506266
10506602
10534335
10539672
10539860
10539964
10539967
10540004
10540005
10540497
10540508
10541002
10541220
10541587
10541653
10554284
10560310
10560349
10780754
10780755
10831091
10832262
10832891
10838684
10838757
10944153
10947094
10951406
10973437
11093648
11096104
11097663
11097664
11097671
11099981
11104548
11113886
11114700
11115043
11118676
11281017
11306229
11306393
11306404
11306441
11489705
11490018
11490522
11545723
11549130
11623561
11631584
11659127
11666053
11666189
11671896
11673148
11683913
11686222
11701873
11714112
11751956
11755491
12008439
12008531
12008605
12008649
12009716
12010623
12014019
12185818
12186257
12221077
12389916
12573659
12575336
12665987
12768236
12769673
12922657
12924723
12927147
12928432
12932323
12987730
13156034
13171144
13268219
13446454
13446575
13446609
13446679
13474026
13475456
13475758
13480095
13491211
13533728
13545105
13547590
13550942
13593192
13806241
13806257
13913564
13918284
13918527
13918533
13932611
13936099
13939326
13940691
14044867
14055182
14253705
14484768
14534322
14547082
14564108
14691530
14773063
14773353
14773655
14774126
14774276
14775161
14776807
14776880
14777077
14777224
14777234
14972653
15025506
15073830
15083527
15381320
15488021
15504809
15570643
15570835
15791357
15794152
15796776
15817552
15817610
15817906
15844777
15845858
15932829
15933742
15934474
15934808
15934841
15944017
15944034
15944331
15945228
16010896
16057740
16057935
16058121
16058419
16060847
16062666
16062669
16062850
16063961
16065418
16093743
16118649
16122094
16124094
16229571
16230218
16230347
16231963
16232052
16232259
16233901
16233913
16234469
16238686
16606411
16608117
16608209
16609342
16609390
16611880
16676414
16677327
16677366
16811342
16860643
16860721
17146068
17146069
17209296
17380402
17449414
17772045
17776295
17777162
17777705
17777893
17860088
17884373
17887123
17888161
17888196
17889122
17889827
17994589
18049572
18214878
18218830
18256389
18305897
18306350
18306479
18307043
18307331
18313426
18314804
18315026
18315228
18315678
18316110
18325707
18327444
18331289
18336342
18338445
18345843
18347413
18353306
18366463
18366829
18367231
18367675
18369457
18387258
18392819
18594898
18603874
18647031
18649151
18649308
18650256
18652712
18653843
18654016
18654175
18709164
18921009
18926562
19087187
19277156
19277252
19392103
19456182
19500613
19514171
19515424
19549400
19675799
19676109
19677019
19677037
19677461
19677611
19678302
19957885
19958571
19958847
20053042
20166147
20440993
20441000
20485525
20501074
20501924
20502510
20523746
20524146
20524326
20524668
20524701
20524825
20524874
20598693
20626566
20652208
20690649
20694733
20699661
20745732
20908571
21092069
21102364
21102742
21103262
21113976
21116313
21321080
21321199
21433916
21463487
21475983
21479480
21752780
21943158
21947724
21949460
21950248
22051509
22073446
22074006
22106327
22121650
22203215
22204624
22204695
22288396
22326795
22364112
22365474
22371708
22389509
22390808
22397513
22416512
22416764
22417129
22417223
22417269
22417502
22418744
22477032
22477174
22477219
22477258
22484880
22505953
22507738
22520841
22522015
22822341
22822359
22822560
22822658
22840346
22973174
22976337
23069247
23071865
23378121
23387561
23406392
23517647
23518339
23576061
23610280
23628432
23703700
23708960
23709164
23757240
23758853
23767152
23786022
23868129
23870719
23871468
23871615
23871795
23945614
23969548
23977709
23992588
24018628
24020180
24084508
24128560
24233364
24522283
24523818
24524421
24672338
24877378
24877909
24877912
24886109
24901037
24901261
24903280
24903408
25272838
25434124
25434720
25434910
25436098
25436411
25437231
25648293
25660192
25708619
25709659
25710568
25710715
25711013
25711285
25711742
25712458
25715792
25719835
25723879
25725810
25846186
25873849
26007769
26007862
26075446
26077369
26077415
26629427
26630201
26630278
26708288
26731884
26734173
26778251
26966496
26966499
26970282
26970905
26971037
26971507
26972517
26973754
26976427
26981526
26982783
27048134
27071108
27071448
27075930
27105618
27136720
27141353
27141482
27142120
27145600
27145788
27146180
27146259
27147346
27147726
27151085
27151663
27152233
27152302
27152448
27171748
27190102
27251549
27259427
27279819
27279915
27280210
27281396
27323138
27609797
27617987
27618037
27618289
27618290
27618767
27621793
27622767
27622886
27623509
27624886
27661482
27664537
27737686
27754858
27754879
27755421
27758035
27837604
27849522
28012729
28014027
28015439
28153515
28156716
28202407
28203790
28221760
28424238
28520256
28522419
28522489
28566870
28576318
28580131
28580468
28580567
28585422
28596325
28597071
28597579
28599100
28599196
28599660
28599815
28604471
28604668
28604679
28604680
28604812
28604821
28625040
28625043
28625056
28626214
28628657
28648208
28648682
28663441
28663603
28667917
28683364
28688544
28697947
28700400
28700761
28701411
28701691
28705084
28705385
28715000
28720758
28720763
28726671
28747197
28747909
28749630
28749939
28757966
28759959
28759977
28780185
28786019
28786827
28791793
28791859
28795074
28795815
28796758
28801229
28801300
28803481
28803778
28804052
28804147
28804148
28806277
28808541
28813745
28816406
28816610
28817339
28817563
28817576
28817746
28817918
28818141
28818176
28818218
28818917
28819229
28847454
28858326
28864354
28864665
28865297
28872497
28875184
28878693
28879413
28879822
28880002
28881093
28881809
28981186
28982879
28984485
28990759
28995420
29028094
29033669
29033671
29034524
29037283
29037369
29037374
29037375
29037380
29037813
29040454
29040644
29047197
29048000
29051127
29052128
29052242
29053373
29053467
29053532
29053631
29059969
29060179
29070921
29074597
29075230
29096375
29137598
29137599
29152734
29153827
29154272
29154380
29155075
29155311
29156807
29178548
29179416
29179425
29187624
29199462
29199892
29201922
29218048
29218934
29225403
29228862
29229423
29234981
29235400
29238061
29243538
29243539
29255610
29262602
29264139
29273286
29273999
29274114
29274619
29274631
29274638
29274904
29275188
29275770
29277331
29278729
29282529
29315718
29323771
29323795
29328692
29358889
29359275
29361864
29391659
29398989
29418027
29448510
29495462
29508038
29512650
29617296
29617547
29617563
29639911
29641077
29730275
29731055
29731482
29731671
29731675
29769401
29800420
29834630
29871851
29882460
29882614
29883037
29890615
29947794
29957169
29959844
29960199
29960589
29960901
29960912
29960915
29961067
29986002
29989346
30004797
30007975
30012399
30013842
30016643
30020671
30024453
30030700
30031918
30034831
30045084
30050933
30056065
30056158
30058108
30065492
30095339
30095380
30107666
30127882
30134032
30146678
30149024
30251167
30308117
30330420
30343386
30358179
30396725
30402636
30407016
30416778
30417861
30419251
30431247
30431258
30436359
30459147
30477222
30486698
30518190
30524219
30579468
30590996
30594139
30595465
30597525
30597833
30598916
30605742
30617791
30617817
30643551
30665197
30673563
30681151
30698181
30709017
30713209
30713987
30715625
30724982
30743521
30759174
30761967
30770689
30789210
30789447
30804772
30822269
30824946
30930279
30948366
33210738
33857990
33860870
33862410
33862551
33863023
33868529
33890487
33895354
33898882
33900508
34315544
34324203
34601291
34682866
34717726
34825499
34825527
34825642
34826229
34826422
34827592
34858249
34858969
34912124
35046129
35150319
35150547
35150704
35150918
35173225
35188009
35188557
35188614
35188683
35188732
35188819
35188851
35189042
35189316
35189656
35189669
35191627
35191785
35191870
35192154
35192224
35192817
35194156
35194968
35194976
35199945
35201890
35207878
35209222
35209444
35209536
35209562
35209579
35209585
35209589
35209596
35209598
35209603
35241996
35256242
35281802
35281809
35282072
35300834
35330773
35340803
35416231
35418546
35594879
35594890
35642830
35643150
35643185
35643466
35643475
35643617
35649462
35649721
35651817
35652098
35652260
35652593
35652986
35653074
35679927
35699797
35704261
35826685
35827618
35827628
35828168
35830776
35832081
35833068
35833679
35835603
35838345
35839014
35900197
36175667
36227923
36228075
36275452
36288594
36378245
36412730
36485971
36512049
36665068
36665522
36667321
36667327
36668973
36894169
36941094
37066085
37066534
37083166
37084979
37201636
37201907
37202120
37228087
37228096
37228110
37228525
37228795
37228808
37228849
37228891
37230118
37230119
37230130
37230446
37235723
37292305
37447092
37449203
37493825
37501425
37548520
37699451
37709384
37760082
37760813
37766094
37870808
37892974
37894486
37974608
38108267
38108495
38135310
38146382
38167309
38168997
38169000
38169001
38203055
38270627
38325470
38544183
38544922
38546861
38648409
38674545
38674896
38675115
38683461
38686682
38687853
38688461
38689891
38689904
38690293
38691150
38691187
38691338
38691359
38691457
38691494
38691610
38691862
38692032
38692813
38692849
38692973
38692999
38693142
38693920
38772681
38826345
38827586
38911003
38911057
38911072
38911194
38911211
38911217
38911248
38986565
39058000
39099604
39108033
39117509
39148670
39148878
39171651
39172542
39172851
39172862
39172914
39189152
39189417
39190259
39206730
39207439
39223955
39260793
39440898
39475942
39496770
39525672
39526226
39563804
39563848
39564136
39564376
39565288
39565781
39570004
39643769
39657056
39657104
39657279
39657281
39695662
39887445
39889162
39889442
39889592
39889807
39890287
39892146
39892512
39918281
40042662
40043229
40043295
40043334
40127443
40165429
40299241
40472784
40520715
40520762
40578533
40581257
40644586
40645306
40645487
40645638
40646677
40646758
40646941
40648676
40651620
40651644
40652176
40652340
40652456
40652791
40659908
40680876
40681097
40688569
40711598
40712061
40721022
40739795
40739806
40791182
40793218
40797382
40819909
41020115
41042425
41250619
41251028
41251134
41251301
41251959
41252035
41252095
41255411
41378574
41378812
41378819
41378949
41379552
41379744
41380078
41381137
41382655
41388731
41394238
41394363
41437985
41439315
41441970
41442785
41474080
41476090
41607293
41607479
41608423
41608453
41608521
41608538
41608544
41608662
41608663
41608674
41608727
41608734
41608739
41608835
41608996
41612227
41612320
41612323
41624109
41640223
41640681
41641651
41645201
41645265
41645614
41645655
41645918
41645962
41646303
41646332
41646794
41660504
41665026
41668938
41718644
41723427
41723431
41723442
41723445
41776176
41776209
41776212
41828694
41828991
41837976
41879580
41880145
41880170
41880171
41880445
41880517
41880523
41880573
41880666
41880672
41880705
41880865
41880935
41880944
41880980
41881040
41881064
41881108
41881110
41881227
41881252
41881287
41881290
41881359
41881361
41881404
41881728
41881932
41883126
41883272
41884867
41885486
41891003
41891104
41891414
41897885
41901788
41902532
41911368
41911971
41911973
42066951
42066952
42067257
42067680
42067785
42071864
42072716
42074992
42081151
42081882
42082005
42082155
42082440
42083079
42091100
42093559
42093659
42093794
42093848
42098856
42099520
42099910
42099998
42100080
42100140
42100145
42100240
42100291
42100302
42100342
42118779
42118880
42139501
42163192
42202073
42202406
42224584
42248654
42258634
42330257
42330588
42330781
42331530
42331801
42332987
42345331
42382164
42429140
42504022
42504253
42572152
42602058
42602062
42608826
42611066
42690624
42690918
42691222
42691344
42691362
42691409
42691721
42691788
42691887
42696093
42696230
42713506
42777347
42797726
42797731
42797744
42797819
42800201
42800203
42800220
42806079
42820377
42831316
42833683
42884362
42918667
43030004
43030264
43030333
43071226
43073185
43102637
43157113
43181043
43181076
43263430
43267216
43277652
43277967
43277979
43278463
43278535
43278583
43278907
43279111
43292637
43293860
43308300
43308444
43312855
43315957
43315958
43316881
43316884
43317599
43318153
43318156
43323982
43363322
43363785
43366776
43402388
43405957
43414513
43414527
43424314
43424433
43424449
43424454
43424733
43425224
43525782
43559860
43606527
43625556
43678606
43689798
43689816
43690671
43690723
43691071
43695854
43697342
43697361
43697372
43697475
43697552
43697728
43697746
43697796
43697820
43697997
43712950
43747917
43747996
43748011
43748475
43922865
43930265
43932186
43935821
43941142
43941214
43941547
43941566
43941608
43941679
43954462
43955251
43961691
43961791
43967655
43983189
43988183
43989248
43996574
43997268
43997435
44007294
44007353
44054250
44089911
44119761
44192037
44192099
44198463
44199896
44200017
44301101
44301114
44375934
44412251
44412305
44412331
44412347
44412355
44413305
44443557
44444790
44445008
44445017
44449665
44461912
44468911
44498926
44499072
44548406
44592978
44593014
44642229
44682485
44682547
44753423
44763832
44765415
44765444
44779376
44788130
44792565
44805566
44831251
44836769
44839312
44858729
44864534
44869214
44870105
44878581
44972279
45006123
45090278
45113661
45148079
45148395
45250301
45256027
45277017
45289370
45289587
45289590
45289629
45290805
45290823
45291051
45303064
45305595
45305916
45306217
45306461
45363290
45411083
45411125
45411950
45412152
45414415
45414416
45414729
45417031
45417246
45432247
45433741
45452981
45662130
45664585
45665065
45672539
45672711
45686991
45686996
45735088
45739046
45739474
45739808
45744571
45748540
45771039
45904879
45905674
45911066
46045075
46131080
46184949
46300069
46300071
46300073
46334762
46336043
46336060
46423494
46423541
46423790
46429162
46462550
46639100
46671497
46672411
46686884
46695571
46711520
46711531
46712962
46712996
46722974
46885118
46886142
46904225
46909815
46931807
46974230
46984001
47066182
47066194
47072611
47163464
47172911
47173881
47187094
47293220
47293224
47309113
47309207
47313262
47353195
47353207
47361447
47361468
47364239
47365336
47365342
47387633
47390607
47391168
47391194
47391306
47391560
47391976
47392429
47400367
47402658
47402660
47403109
47404303
47404944
47405171
47406068
47406815
47433076
47439332
47440513
47448234
47454599
47462015
47469202
47470363
47471421
47473930
47475009
47475883
47475952
47486107
47488518
47488559
47499925
47550794
47560449
47577723
47580696
47580697
47582732
47592548
47599744
47607213
47611808
47624994
47626357
47628275
47632611
47635157
47635573
47636782
47637363
47638447
47638463
47639263
47668886
47668927
47668980
47669305
47676470
47687079
47688273
47688347
47697138
47697483
47700997
47707827
47712470
47736164
47736870
47751082
47765560
47767561
47767705
47767906
47769415
47769613
47769772
47770047
47770943
47771286
47771392
47771834
47772229
47772510
47772528
47774571
47782823
47783805
47784322
47800789
47814741
47819348
47826159
47850350
47935760
47962208
47976578
47991895
48010444
48031965
48047282
48156208
48156432
48156436
48166308
48168936
48192184
48200211
48258598
48288326
48295963
48306794
48307187
48307510
48309275
48321634
48322336
48327517
48359160
48370555
48370733
48372637
48378295
48382080
48416773
48429912
48438499
48461294
48462849
48467353
48472228
48472554
48474695
48474836
48479288
48480273
48481676
48482057
48482595
48482722
48485681
48487563
48493730
48495574
48501936
48512070
48514548
259918
263795
295431
535028
535030
535099
535104
548682
606454
641455
680123
909237
910047
928327
929091
929658
938910
939923
958411
960251
974183
984283
984289
991922
994882
995701
996351
1001325
1001420
1002375
1002391
1002655
1008984
1009334
1009385
1011744
1013195
1013885
1013886
1014216
1014217
1016316
1016385
1017146
1017740
1018079
1018085
1018203
1018511
1018835
1019850
1019855
1019873
1020134
1020488
1021192
1021838
1022137
1022266
1022271
1025954
1027291
1046115
1046125
1052492
1059839
1074953
1077236
1082604
1082842
1084263
1084353
1085355
1086644
1087518
1089958
1090591
1090594
1092257
1097079
1099924
1100298
1100894
1101335
1101336
1101405
1102877
1103274
1103559
1120272
1123045
1126338
1128751
1128752
1139296
1141962
1151113
1192191
1218732
1246083
1539281
1539342
1539347
1545703
1623186
1629601
1629903
1629912
1648262
1666072
1679604
1683324
1683336
1684442
1684460
1684510
1684963
1894837
1895038
1924730
1946431
1958730
1960841
1964691
1992137
2010802
2032864
2064371
2083990
2084060
2084197
2084260
2084267
2084276
2084295
2084312
2084313
2084318
2084410
2084444
2084510
2084526
2084600
2084629
2084635
2084643
2084672
2084924
2095560
2096110
2096123
2109884
2151221
2153047
2156483
2271489
2271638
2271759
2271762
2272204
2290484
2291327
2292203
2312752
2312850
2347949
2409141
2409205
2409475
2410338
2414212
2542561
2542562
2582674
2582898
2583049
2599776
2656459
2732140
2774553
2774554
2774768
2897953
2949358
2951469
3007674
3012030
3017479
3036462
3086508
3086757
3156680
3241617
3262307
3272522
3367901
3408521
3421346
3426972
3429147
3429149
3579547
3617212
3617760
3642476
3642521
3688177
3698778
3707513
3707553
3717999
3728515
3739917
3758614
3781965
3803288
3804310
3804818
3805301
3834224
3835237
3844188
3844795
3844889
3846110
3847888
3850366
3853784
3854234
3859145
3861390
3861874
3862464
3879029
3880098
3883956
3886264
3886862
3897799
3904537
3906223
3908799
3910814
3911022
3912636
3920182
3920300
3920402
3921408
3921545
3922247
3923481
3924157
3926341
3929156
3929242
3930397
3931965
3932234
3938672
3973009
3995048
4000120
4069574
4069617
4069750
4124045
4172186
4177848
4178062
4178099
4178238
4178267
4178272
4178298
4178361
4179690
4180171
4180172
4180443
4181503
4181731
4182050
4185346
4192965
4193039
4195663
4215348
4218737
4221420
4237733
4277162
4278776
4281245
4283554
4376922
4379791
4417389
4435220
4465541
4465549
4465568
4525976
4526024
4548678
4549989
4570386
4594477
4596314
4596712
4600836
4600846
4609160
4609514
4609527
4609787
4609877
4615650
4615859
4616333
4618024
4618025
4618735
4618833
4619291
4619825
4620345
4623729
4636129
4640787
4641107
4641593
4641732
4641920
4641970
4641977
4642011
4703492
4755880
4757233
4760816
4764276
4769209
4839731
4853693
4854207
4900794
4953494
5011068
5017953
5081999
5082274
5082277
5082397
5083572
5084531
5092107
5108673
5131631
5131788
5134647
5135972
5136576
5218721
5258069
5258072
5259396
5259738
5260755
5263251
5264552
5268058
5268844
5268910
5269799
5270054
5272355
5294773
5295209
5304201
5305427
5328201
5349078
5349083
5362943
5369660
5376809
5377040
5378225
5378548
5402149
5413721
5416492
5419566
5437728
5449096
5449102
5449538
5451816
5459387
5487438
5487439
5491005
5492215
5504328
5504667
5510698
5510699
5510727
5511306
5540422
5543186
5544162
5544210
5544538
5545182
5565243
5579273
5631475
5631874
5642685
5648960
5649123
5649149
5664931
5670661
5670704
5672656
5676403
5678402
5678863
5678982
5678999
5679465
5679501
5693260
5694302
5729515
5730600
5758803
5765245
5785718
5810506
5827560
5839246
5839647
5839674
5839732
5854593
5858736
5858862
5872894
5895843
5903608
5903609
5904313
5904321
5905979
5905996
5925344
5925520
5925914
5925924
5925968
5944957
5946548
5946747
5946832
5946912
5947030
5948964
5951363
5968274
5987054
5988281
5990831
6009576
6012285
6017599
6018849
6020541
6028729
6032053
6043696
6066427
6073979
6079603
6113227
6113882
6115778
6116792
6132439
6132810
6158585
6158640
6159493
6159745
6160118
6187763
6193782
6194394
6194850
6194894
6196164
6249734
6264384
6265597
6266090
6266115
6267007
6267459
6268769
6269097
6269271
6285160
6293489
6351067
6351398
6436424
6533432
6533672
6545541
6567323
6594622
6594632
6608861
6621621
6660262
6677012
6678358
6681408
6695019
6698569
6717603
6733485
6734091
6745420
6761716
6762173
6778853
6860841
6899384
6899721
6899821
6900384
6957433
7023785
7024312
7024452
7024563
7024601
7024693
7025950
7039679
7161940
7223588
7248851
7291399
7320607
7431094
7433333
7434927
7450632
7506840
7507790
7508944
7509321
7509330
7509429
7509660
7509733
7509738
7562659
7568050
7598190
7648851
7649016
7649429
7675103
7675185
7675697
7675706
7752190
7763624
7768628
7795629
7830867
7838790
7845689
8032242
8050541
8050638
8051078
8149639
8149671
8161214
8161415
8163230
8163865
8163866
8222081
8243769
8267237
8392319
8422543
8440948
8452931
8490133
8565044
8597953
8815675
8922732
8922743
8966744
8980068
8980846
9088141
9114579
9120406
9134728
9208202
9210950
9297177
9297891
9327066
9327273
9328083
9328447
9328756
9330343
9330451
9338607
9338797
9339070
9339102
9339251
9339465
9339737
9339815
9345489
9345940
9445035
9527329
9557974
9565408
9565414
9566456
9574637
9576484
9576575
9613254
9613634
9613717
9613903
9613999
9624311
9642686
9651386
9693620
9697320
9776928
9778935
9779385
9779386
9779501
9820700
9823665
9940985
9949094
10013783
10014182
10014928
10027302
10044211
10045455
10049856
10055252
10076609
10087875
10100379
10100382
10211220
10214417
10227552
10227823
10227835
10227955
10227994
10228098
10228294
10230982
10231154
10231763
10253963
10255168
10255360
10258399
10258972
10259228
10259549
10262010
10265046
10352149
10378876
10393496
10400719
10423452
10477261
10478098
10507489
10508529
10569863
10600037
10616761
10670762
10670947
10671219
10733603
10761329
10806325
10806360
10984082
10984358
10986026
10987472
10991336
10992309
11114484
11114528
11115491
11138245
11146030
11164213
11164309
11164312
11164400
11172962
11180167
11371188
11372978
11391449
11488072
11574200
11576999
11577008
11614128
11806270
11815564
11849385
12005893
12093621
12094025
12094306
12094375
12142945
12143233
12153216
12153311
12166549
12166554
12166591
12166991
12167144
12174700
12175057
12178579
12179670
12179875
12303949
12332559
12355804
12459995
12460848
12498106
12498819
12514440
12514730
12514924
12515593
12516001
12522731
12545959
12546034
12548158
12632866
12661613
12661708
12665557
12682341
12777186
12985236
13125313
13125646
13125647
13125654
13127430
13127557
13127910
13170682
13294102
13294633
13294726
13299518
13302567
13308226
13308916
13309568
13315690
13315700
13327300
13379178
13442514
13460852
13541537
13616158
13657995
13658353
13658382
13658390
13658514
13658550
13659047
13659055
13659185
13659290
13659311
13659561
13659715
13659809
13701383
13718802
13740002
13781480
13986917
13990938
14031327
14032563
14032614
14108916
14122046
14136299
14141548
14181146
14201067
14211003
14211032
14212844
14213977
14230723
14231173
14231378
14231398
14295828
14295901
14352288
14352360
14353648
14353889
14354177
14354187
14354312
14463435
14485536
14491865
14500805
14501030
14542875
14582384
14587572
14588348
14588733
14591732
14627452
14628071
14643538
14689527
14710268
14714425
14724215
14724341
14724348
14724948
14725035
14727063
14735410
14743640
14743771
14746748
14746893
14746894
14791350
14814631
14828732
14850230
14854773
14854776
14854785
14858123
14864909
14891432
14891521
14894491
14894521
14996542
14999260
15004168
15009860
15118818
15118826
15145343
15145486
15146382
15147943
15202299
15202958
15207255
15208943
15208955
15208970
15209164
15209167
15210923
15211049
15211600
15213812
15216157
15265444
15265576
15265776
15265928
15265954
15266038
15266052
15266346
15266372
15266416
15266431
15266646
15266647
15266651
15266685
15266698
15266750
15266803
15266974
15268073
15287663
15296269
15304186
15322411
15338086
15344664
15350024
15464745
15464802
15477052
15482211
15484664
15485494
15488379
15503269
15614173
15614375
15617325
15730197
15786976
15872638
15875634
15895032
15897711
15897725
15937132
15982948
15993916
16005067
16013054
16019871
16055369
16058833
16059042
16084631
16111036
16275454
16304545
16328155
16364144
16382815
16382903
16401872
16401931
16442197
16512781
16678121
16752420
16758848
16827662
16827898
16920388
16921177
16936503
16936600
16936799
16936922
16936969
16937388
16937402
16937544
16937699
16937968
16937972
16938305
16938311
16938314
16938346
16938359
16938431
16938478
16938691
16938875
16939124
16939156
16939185
16939346
16939461
16939585
17177450
17350544
17366261
17370546
17382362
17382744
17383037
17383039
17402694
17611494
17676536
17690012
17690106
17690243
17690481
17690679
17691381
17736092
17736809
17736825
17737195
17737657
17827302
17867018
18070809
18070811
18070812
18072215
18076489
18194829
18194858
18225443
18225791
18356928
18356938
18485507
18619238
18619753
18620692
18631586
18631691
18631757
18632754
18654109
18663006
18664277
18665502
18669053
18669579
18670925
18683091
18683117
18683338
18684358
18684722
18686011
18686074
18687235
18687401
18687630
18687798
18737329
18747424
18747543
18754985
18784290
18784365
18785258
18805080
18942019
18945775
19019204
19067173
19082694
19082819
19082858
19083009
19083011
19083151
19083335
19091977
19092033
19172978
19302503
19320012
19320622
19335961
19336421
19363122
19393549
19425839
19425975
19426292
19427854
19435920
19435966
19436815
19441891
19442537
19443748
19443759
19443816
19463182
19463763
19545031
19545156
19545326
19698899
19712149
19712524
19712856
19713393
19731463
19732578
19763783
19773035
19937833
19939614
19940039
19943216
19944082
19944508
19944714
19945173
19946018
20016754
20138443
20161596
20254479
20319099
20333227
20350196
20350491
20350922
20350968
20351085
20392319
20413127
20536588
20537156
20627656
20627706
20627752
20627766
20637158
20637191
20637221
20640217
20642585
20642950
20697224
20697230
20737777
20747808
20747865
20748298
20778077
20778609
20781174
20785375
20844873
20874655
20931275
21074231
21116337
21150297
21349026
21378344
21481243
21489678
21521940
21588302
21654829
21676089
21686888
21749496
21786190
22051936
22054887
22055220
22177516
22184441
22338149
22338206
22774130
22901501
23010203
23033666
23038324
23071101
23086007
23086692
23176588
23290994
23292326
23298446
23298748
23376156
23385165
23465323
23466449
23466956
23467684
23468965
23558296
23588047
23636211
23636632
23636760
23636957
23636990
23637212
23637275
23637335
23637418
23637865
23641051
23641122
23644365
23844846
23904412
23905055
23919410
23920446
23920724
23921648
23921653
23921655
23921899
23921910
23922019
23922414
23922486
23922625
23923368
23923446
23923506
23923529
23923851
23923920
23924456
23932859
23933604
23934574
23934623
23935020
23935216
23936658
23940863
23945038
23946209
23947885
23948009
23948136
23951146
23951847
23973671
24071719
24072903
24115987
24118898
24122375
24143071
24171400
24219071
24318090
24323239
24323788
24327678
24329070
24349979
24436430
24437134
24623370
24650835
24652018
24652091
24652457
24652490
24652702
24652879
24653921
24654420
24654509
24656461
24657827
24935606
24935745
24935822
24935824
24935852
24936125
24951621
24952558
24959404
25191653
25194393
25199412
25273882
25356997
25446064
25447143
25447180
25447427
25508809
25512468
25536864
25536879
25537869
25617609
25618047
25650686
25656632
25656945
25657328
25658381
25658388
25658422
25659078
25659917
25659989
25660031
25660384
25660756
25735182
25800318
25876797
25976489
26007296
26054029
26055593
26087775
26150510
26252585
26315011
26416961
26455342
26536874
26536913
26537394
26537493
26537668
26570190
26572162
26577002
26580981
26581136
26581419
26581547
26581608
26581960
26582032
26582096
26582202
26582340
26582421
26582425
26582426
26582560
26582666
26583983
26584109
26587382
26594328
26623833
26624251
26625973
26628906
26644095
26720362
26722523
26745663
26861156
26880892
26899790
26909374
26909588
26933850
26936024
26936702
26937298
26968176
26972313
26973457
26973537
26973960
26973962
26980834
26990166
26990173
27009286
27020919
27035821
27046733
27056874
27057008
27067373
27068921
27201733
27207646
27228033
27228310
27228487
27229132
27229966
27231023
27235152
27238534
27239314
27254171
27257044
27257210
27260680
27260707
27262770
27264351
27340978
27346691
27361114
27455158
27455816
27456616
27582111
27656071
27676665
27682793
27697558
27852080
27878514
27916611
27917296
27917831
27917853
27920231
27920489
27956356
27965260
27972576
27975715
27975739
27975986
27976761
27977226
28180110
28193038
28196397
28232224
28503813
28503824
28503890
28559880
28606970
28607227
28612779
28619429
28660074
28660111
28660112
28660572
28660664
28694684
28699640
28700383
28747452
28759253
28759666
28759714
28759811
28760444
28788603
28801764
28802670
28803391
28803551
28803555
28804953
28809586
28819803
28822737
28827167
28827184
28827188
28827192
28827215
28827899
28827911
28828100
28828148
28829023
28830412
28833796
28835473
28839183
28839199
28840212
28840296
28840384
28840444
28841161
28842407
28842748
28843119
28866604
28867612
28869541
28919488
28925664
28942874
28957146
28975212
29034934
29050717
29051139
29052545
29081673
29084392
29094438
29154246
29154673
29162506
29320893
29320901
29320996
29322481
29327187
29327534
29372165
29752638
29755419
29755735
29783155
29785436
29852425
29852440
29854694
29986912
29996046
30048131
30186958
30188243
30273549
30292471
30293299
30293856
30354229
30537785
30541988
30543547
30545654
30545766
30545782
30545961
30559374
30560923
30563529
30563548
30563814
30563815
30564876
30565543
30566164
30567485
30567595
30581551
30590698
30610958
30644357
30662455
30663487
30665505
30665580
30666429
30668417
30669253
30669390
30669486
30670439
30830036
30835327
31141419
31209333
31210307
31210309
31230595
31233348
31235130
31259042
31363227
31369285
31387049
31404648
31404694
31404954
31426105
31426706
31426948
31427467
31428206
31428334
31429207
31429256
31452836
31463925
31484820
31656208
31952009
31952021
31954179
31971004
32071604
32091918
32125447
32125738
32299325
32576547
32577189
32723757
32725942
32727935
32978802
32978840
33048990
33101740
33120653
33120815
33121107
33123082
33123579
33127450
33128728
33128792
33128888
33129468
33129799
33135224
33135345
33205369
33215346
33218141
33344809
33345022
33403853
33403989
33403995
33407458
33443553
33446446
33492102
33516325
33516385
33516394
33516427
33517164
33517166
33517278
33562701
33594582
33594803
33595061
33595123
33595205
33595511
33689652
33725808
33729053
33747104
33776708
33826526
33826959
33827249
33866632
33899907
34040899
34128480
34157736
34214051
34244765
34252278
34314621
34314627
34314634
34341151
34343177
34380402
34380749
34400424
34402067
34402739
34419452
34438907
34447399
34449677
34449869
34449881
34449992
34450089
34450109
34488369
34527684
34670210
34670211
34670247
34670704
34681290
34681316
34683265
34764264
34764313
34769162
34770875
34771160
34778050
34779148
34780337
34785294
34825356
34837020
34838186
34838234
34859032
34862862
34863266
34872534
34872782
34932027
34932129
34934789
34936054
35006009
35041915
35042104
35055618
35060491
35073211
35181388
35181973
35200295
35201035
35211098
35211163
35211398
35211539
35211773
35212234
35212236
35212653
35212684
35212739
35212799
35212864
35212871
35212934
35212969
35216343
35224588
35228571
35232687
35232762
35232833
35232993
35233128
35233496
35233535
35233587
35233655
35233720
35249655
35268563
35335389
35335687
35337245
35365106
35380972
35406608
35408957
35430957
35444311
35467750
35493859
35503205
35503754
35597886
35599628
35600136
35600223
35600609
35609214
35728279
35765177
35768131
35768429
35769238
35769414
35769733
35770005
35770108
35770196
35770338
35770882
35771041
35771166
35771611
35771701
35771712
35771848
35771938
35772331
35772364
35772858
35772882
35773155
35773412
35773501
35773502
35855577
35936928
35937001
35970132
35970313
35970627
35998433
36016451
36020513
36021654
36021928
36022089
36022359
36022362
36022635
36022695
36022748
36022761
36022768
36022776
36023009
36023013
36023016
36024802
36025512
36025838
36027033
36027149
36028161
36033699
36090061
36095833
36096094
36096385
36100212
36101534
36102194
36102221
36102627
36154889
36159229
36159236
36166225
36166848
36170926
36170930
36261333
36261537
36261547
36263752
36454064
36459832
36475262
36708826
36813358
36839983
36923652
36924205
36926698
36957027
36961330
36961458
36965891
36965914
36968729
37156918
37159787
37178205
37179622
37179754
37179963
37180167
37181021
37181067
37189844
37189933
37191250
37193067
37194705
37195099
37196448
37197238
37197797
37197940
37198783
37198794
37199033
37201401
37201980
37203723
37206889
37207710
37208355
37208961
37209416
37209559
37209700
37209907
37211649
37211654
37212692
37213031
37213231
37213844
37214314
37214678
37214700
37214852
37214853
37214928
37216139
37216263
37217793
37219204
37219580
37219654
37220512
37220572
37242735
37243314
37244759
37244809
37244878
37247577
37249126
37269733
37269800
37271294
37272423
37272780
37273985
37274500
37280746
37281335
37282529
37283838
37284299
37289610
37297928
37298310
37299317
37304823
37304953
37310701
37313631
37315980
37316547
37320942
37322551
37322823
37331281
37334260
37334633
37336468
37338466
37339361
37342818
37345125
37349204
37351582
37356630
37362368
37373925
37374334
37374357
37374360
37376106
37378380
37382503
37391112
37470361
37687595
37907520
37941665
37943503
37944348
37947350
37948683
37948687
37978701
37979746
38017010
38112832
38161200
38182182
38214405
38271205
38279255
38285337
38297903
38350205
38392517
38397111
38400011
38403196
38407229
38457181
38463664
38476261
38486302
38540862
38565596
38567851
38570477
38575928
38577291
38581329
38581552
38583827
38585751
38595481
38607666
38607713
38615831
38617949
38619641
38621058
38621287
38622270
38622475
38622815
38623133
38626195
38629824
38650843
38650882
38651789
38652896
38653245
38653287
38653471
38654169
38654532
38654845
38655477
38655792
38656002
38656102
38656239
38656248
38657561
38658851
38658940
38661247
38662624
38662879
38663883
38698936
38702655
38727621
38737605
38755304
38779311
38781563
38811028
38812223
38815440
38815650
38825800
38832457
38859824
38877887
38890335
38909716
38935195
38936072
38945137
38951031
38951736
38955372
38956001
38959176
38970618
38986872
38996846
39005666
39021565
39031727
39039922
39046324
39046351
39100351
39102157
39103795
39113019
39127816
39139784
39141027
39150056
39153374
39171235
39172678
39174303
39194627
39201269
39330609
39332588
39349845
39353009
39373657
39381917
39388540
39389209
39390106
39400670
39415741
39416143
39429552
39430502
39443403
39443970
39475251
39504402
39506475
39541135
39546328
39549685
39552295
39567221
39582935
39594717
39605697
39623667
39625318
39626481
39628731
39630286
39632847
39636185
39639332
39644171
39654346
39655319
39663948
39665056
39666345
39670070
39678570
39678709
39683913
39691208
39704594
39709942
39714234
39725503
39727915
39787301
39823084
39884648
39888845
39890662
39896710
39897691
39900887
39908205
39908212
39908992
39926521
39929367
39930432
39945255
39949000
39955309
39955373
39960958
39971241
39972549
39982858
39983296
39984862
39995530
40003341
40004820
40023369
40035266
40035536
40037867
40040703
40044532
40047647
40058070
40063286
40064825
40130191
40216388
40216421
40273808
40302656
40339788
40364190
40369760
40369922
40518754
40532833
40549686
40578738
40589806
40595560
40625636
40629228
40629350
40629444
40638954
40639247
40780812
40793886
40794301
40794910
40796388
40796408
40850034
40862467
40936018
40949058
40957706
40957749
40957923
40958695
40960996
41212465
41212539
41212935
41213153
41213239
41232565
41232771
41282398
41289837
41289908
41289915
41291251
41291379
41291534
41291610
41291657
41291680
41546122
41546136
41546690
41548186
41548979
41549021
41549035
41549078
41549372
41549449
41549559
41550144
41550145
41550673
41552962
41552983
41554912
41599334
41599784
41629407
41713639
41719633
41735936
41736095
41737480
41755574
41837037
41850344
41855402
41856527
41929311
41931419
41931422
41931561
41931613
41931639
41931723
41931805
41931954
41933900
41934133
41934280
41934315
41934594
41934802
41934852
41934924
41935328
41935452
41935673
41935890
41936423
41936924
41937249
41937268
41938904
41939039
41939079
41939122
41939149
41939283
41939490
41940283
41940312
41940699
41942351
41942379
41942461
41942512
41942920
41943874
41945038
41945157
41947372
41951976
41954428
41961606
41962554
41968248
41970251
41983103
41983104
41983645
41985288
41985343
42020201
42020813
42038041
42038059
42038513
42038532
42038738
42038797
42038821
42039496
42039563
42039573
42040112
42040207
42040285
42040569
42040928
42041017
42041037
42041124
42041495
42041503
42041537
42041538
42041550
42041716
42041896
42042546
42042562
42042563
42042773
42042785
42042935
42042941
42042977
42042979
42042981
42042985
42042986
42043170
42043229
42043299
42043358
42043364
42043415
42043430
42043492
42043500
42043515
42043541
42043549
42043578
42043598
42043606
42043609
42043644
42043672
42043676
42043681
42043696
42043756
42044187
42044324
42044360
42044489
42044596
42044616
42044637
42044640
42044661
42044667
42044672
42044675
42044696
42044739
42044763
42044803
42044889
42044900
42044912
42045473
42045610
42045613
42045645
42045683
42046037
42046193
42046207
42046244
42046246
42046247
42046276
42046295
42046355
42046510
42046511
42046539
42046589
42046623
42046754
42046792
42046854
42046860
42046887
42049722
42050648
42050665
42050687
42061594
42069725
42073496
42073510
42074430
42074771
42075112
42075477
42075714
42075835
42076014
42076015
42076908
42077078
42077456
42078852
42079957
42085337
42087168
42088536
42088806
42093270
42093527
42102004
42105266
42105298
42108258
42108343
42131143
42131845
42135590
42136068
42137230
42137737
42137977
42145465
42145620
42145693
42145863
42145891
42146040
42146044
42146166
42146187
42146197
42146198
42146208
42146210
42146232
42146249
42146260
42146269
42146299
42146322
42146359
42146371
42153640
42153710
42153744
42154004
42154033
42154078
42154873
42159324
42159471
42159484
42159581
42159672
42159697
42159704
42159725
42159771
42161343
42165316
42166202
42166298
42173607
42196185
42198689
42394235
42446441
42563136
42600670
42602474
42602967
42603299
42604492
42605557
42611274
42612445
42613439
42614312
42614370
42614405
42614436
42942399
42958082
43073343
43090251
43103509
43104737
43105270
43106937
43109256
43115143
43122734
43124393
43124414
43124427
43125726
43127449
43127697
43128005
43133231
43133377
43133765
43133767
43134198
43159025
43159233
43159281
43159309
43159386
43159584
43159899
43159954
43160119
43163793
43167646
43167709
43168096
43168150
43168171
43168466
43168501
43168600
43168860
43169006
43169574
43170205
43170342
43170554
43170749
43170779
43170879
43173135
43173168
43173194
43173203
43173982
43174054
43174172
43174222
43174312
43174325
43174374
43174375
43174418
43174542
43174759
43174840
43174869
43175199
43175231
43175293
43175317
43175361
43175624
43175809
43176508
43176631
43176869
43177262
43177271
43177285
43177321
43181783
43182035
43182347
43182355
43182701
43182862
43182902
43182969
43183164
43183416
43183583
43183834
43185907
43186164
43186411
43187021
43187041
43187352
43187694
43188117
43188734
43188785
43188948
43188975
43189002
43189323
43189501
43189665
43189788
43189917
43190305
43190390
43190731
43190944
43191627
43192226
43192284
43192780
43192981
43192990
43193113
43193115
43193259
43193798
43193799
43193856
43194353
43194447
43194615
43194825
43194828
43194919
43195904
43196373
43196393
43196410
43196587
43199022
43199346
43199605
43199955
43200095
43200717
43200999
43201611
43201954
43202141
43202639
43203437
43203883
43203942
43204089
43260449
43265745
43293981
43307409
43383773
43616897
43626348
43628417
43718619
43721356
43731453
43744016
43744618
43754574
43773363
44436430
44473185
44542031
44581080
44585472
44622709
44768880
44772127
45041709
45225700
45231441
45463494
45531514
45552091
45618946
45625413
45644143
45644231
45645771
45665250
45692129
45712141
45786151
45873187
45907646
45968212
45979471
45992164
46021210
46021564
46021589
46021667
46021676
46021706
46021755
46021788
46021791
46021840
46021886
46021961
46021962
46023286
46023325
46023329
46023334
46023789
46023855
46024001
46024003
46025787
46025825
46025944
46026034
46026938
46026942
46026966
46027030
46027032
46028562
46028765
46028786
46029879
46032303
46047963
46050294
46050306
46050336
46052300
46055221
46169397
46171094
46171442
46171527
46171762
46171963
46172036
46173204
46173637
46173711
46173753
46174004
46174493
46174522
46175152
46175311
46175682
46175923
46175939
46175985
46176064
46176182
46176211
46177577
46177772
46177900
46178895
46179097
46179563
46180095
46180674
46181561
46182139
46182428
46182640
46182696
46182834
46182936
46184943
46186521
46187350
46187386
46187490
46187936
46189466
46189643
46189894
46190002
46190013
46190150
46190188
46190447
46190678
46191049
46191073
46191860
46191883
46191888
46191910
46191921
46191936
46192342
46192354
46192407
46192466
46192503
46192563
46192663
46192770
46193041
46194756
46194941
46195090
46195092
46195093
46195406
46195444
46195552
46195613
46195788
46195828
46196614
46196743
46196856
46196959
46196992
46197006
46197093
46197368
46197455
46197948
46198169
46198185
46198526
46198591
46200225
46200270
46200490
46200806
46200922
46201212
46201281
46201819
46202115
46202534
46202841
46203165
46203177
46203341
46203404
46203585
46203733
46203917
46204031
46210406
46211538
46214164
46214167
46215804
46220799
46221058
46226909
46230311
46230323
46230352
46230754
46230755
46230930
46230955
46231125
46231827
46231931
46231975
46232120
46232129
46232183
46233276
46234146
46234160
46234173
46234270
46234463
46234475
46234500
46234520
46234525
46234626
46237532
46237538
46237615
46240871
46240930
46241922
46242700
46242733
46242807
46254209
46268534
558903
818802
854218
893648
901316
901318
901325
901333
901863
906081
909394
910467
918211
934349
950689
967425
1000796
1018088
1023741
1085883
1386439
1387902
1461397
1539274
1637976
1641555
1852116
1875955
1877756
1882610
1882907
1890020
1907307
1919297
1919305
1919425
1931044
1932601
1940874
1941052
1966950
1967863
1968229
1971651
1978633
1982880
1984826
1986409
1986828
1987760
2003320
2004083
2007353
2026085
2026711
2026929
2026964
2026972
2039498
2075247
2077969
2080817
2097876
2099438
2114759
2115741
2117948
2123030
2124472
2124747
2125785
2128052
2131543
2133457
2136478
2136730
2149831
2235847
2311485
2520679
2523582
2564390
2618521
2698351
2713066
2758827
2825685
2922869
3102363
3104248
3182799
3383549
3383554
3383557
3384061
3384120
3384129
3725419
3725754
3729889
3729940
3733101
3733215
3733843
4120353
4157813
4218071
4402606
4407813
4412196
4413897
4414234
4414288
4414446
4560278
4577074
4723291
4743301
4797923
4805974
4809899
4810151
4810399
4816935
4858618
4871853
4871926
4872215
4876417
4876473
4876539
4876598
4876668
5007819
5188179
5188796
5189293
5189710
5192699
5194543
5218853
5218942
5218952
5219670
5234293
5254842
5255584
5255668
5258589
5404317
5410140
5766714
5766919
5768370
5768683
5770728
5797953
5797981
5799625
5799707
5799788
5799789
5800248
5800396
5800917
5812899
5813268
5813336
5818159
5818208
5818561
5844778
5940482
5989468
6053457
6054560
6054856
6060251
6061090
6061428
6061667
6062217
6062437
6062446
6062658
6063106
6066100
6066552
6070776
6073785
6114469
6120111
6235389
6253439
6272565
6294827
6417998
6445898
6445948
6446259
6446611
6457444
6498160
6520717
6647904
6736089
6736094
6841022
6878300
6925615
6925921
7041644
7130474
7130743
7131816
7131876
7137411
7137413
7139512
7147426
7182955
7183020
7183252
7189662
7189716
7189843
7189853
7191098
7191193
7205789
7207340
7298797
7311649
7338937
7349669
7350232
7350405
7350959
7380138
7381090
7703987
7734312
7734332
7734333
7735002
7736482
7758660
7763666
7785428
7785539
7785678
7786562
7802379
7802620
7802636
7802716
7838261
7861090
7881007
7882021
7882496
7883275
7883377
7883407
7883487
7885101
7885323
7885355
7885356
7885369
7885603
7919589
7920151
7923093
7924223
7924705
7926323
7926331
7930626
7931170
7950488
7950587
7950664
7955938
7978197
7983591
7986636
8003909
8012451
8013184
8013347
8022805
8023463
8023976
8081902
8087923
8088690
8103405
8103884
8104640
8123602
8376033
8376631
8428728
8445511
8457377
8457443
8457936
8462414
8474936
8475129
8475168
8476588
8476745
8476840
8477433
8552455
8567698
8567736
8568057
8568073
8568151
8568924
8578636
8578647
8579004
8579080
8706299
8706623
8707543
8725125
8729913
8747894
8750867
8750871
8750983
8753304
8760305
8794958
8795152
8795285
8795468
8795602
8795680
8877163
8877632
8879902
8880152
9212971
9243062
9245473
9246123
9251987
9252961
9253226
9274592
9278005
9291981
9389587
9389638
9389977
9456787
9456844
9456945
9456975
9457116
9469049
9481878
9493277
9547976
9620079
9625210
9626787
9626798
9629721
9649201
9674695
9803985
9813111
9813605
9813946
9814745
9817278
9817878
9834334
9837580
9943383
10012304
10016888
10152561
10157221
10195900
10195999
10196886
10198323
10198434
10198625
10198626
10198655
10198657
10198736
10198737
10198743
10198784
10207557
10212749
10212759
10215794
10215866
10215887
10215949
10216275
10216405
10216447
10216621
10219890
10220668
10220673
10220789
10260609
10309570
10396305
10396562
10396570
10396573
10396906
10396936
10396983
10397163
10401919
10437445
10648737
10670031
10684066
10731792
10732256
10733265
10733522
10746102
10876956
10912344
10913495
11081540
11092177
11092387
11092587
11092591
11092693
11092773
11092842
11101645
11111331
11352703
11352813
11352949
11353538
11354168
11354680
11355626
11356945
11357439
11357530
11357864
11358875
11390490
11391240
11436024
11438064
11465989
11467187
11467188
11468125
11485261
11485454
11486388
11486512
11486599
11490848
11491461
11491534
11491778
11491783
11519252
11520562
11521822
11522040
11522046
11522201
11526925
11528979
11534988
11541370
11785690
11785746
11785795
11793189
12030527
12032015
12041816
12044964
13343510
14443502
14661926
14821916
15408084
15574312
15670695
15726101
16073200
16081191
16081292
16085799
16101466
16374391
16465488
16465490
16556218
16627614
16635266
16733889
16733901
16739473
16782857
16843018
16869810
16891503
16893102
16894813
16982688
17102165
17107835
17252293
17264416
17268037
17280163
17280559
17280573
17280650
17282638
17282705
17285296
17341588
17341728
17342448
17345486
17358773
17426389
17438513
17552516
17604748
17604991
17605106
17612190
17738232
17742391
17746668
17747019
17787114
17789416
17791021
17865296
17890260
17902662
17938277
17956566
17957294
17957361
17957424
17958719
18002510
18003014
18006819
18041190
18056122
18184598
18244253
18244792
18245819
18245903
18246257
18246946
18248787
18249156
18326356
18327139
18327148
18327154
18327250
18327360
18342669
18342871
18342924
18343419
18374255
18375065
18375772
18409094
18409369
18409959
18410584
18411596
18412228
18421531
18496657
18600026
18600058
18600084
18627562
18705620
18711855
18765975
18788637
18788692
18788760
18789012
18789133
18791390
18791504
19050276
19074159
19083671
19473020
19796071
19819320
19820123
19820370
19841032
19887307
19902039
19902782
19903001
19905733
20060172
20060181
20060487
20060959
20060981
20061025
20061039
20061604
20061622
20109941
20169930
20194319
20217260
20217262
20217276
20227249
20291957
20321308
20380856
20446024
20446789
20446956
20446959
20447018
20641286
20681983
20685015
20686491
20687525
20687532
20687797
20689134
20689246
21036492
21199263
21200209
21205733
21206567
21213243
21214540
21230318
21230337
21230447
21230665
21230890
21230905
21245593
21534572
21534658
21535920
21535921
21536241
21541827
21580381
21583501
21607582
21651380
21736551
21749185
21818424
21837251
21837820
21838081
21838344
21849799
21914062
21914369
21914727
21914871
21915083
21926720
21929690
21938399
21940260
21940877
21941198
21941282
21945590
21989166
21991286
21991383
21991483
21991646
21991892
21992308
22088853
22145157
22181496
22221275
22223604
22324110
22325894
22445480
22446629
22661455
22804000
22806102
22807818
22818334
22825254
22829379
22829570
22829587
22829593
22830250
22830288
22830313
22830350
22830413
22830490
22830504
22831311
22831550
22831771
22833297
22833322
22833893
22833956
22833966
22834001
22868790
22885905
22886013
23062759
23140997
23141057
23141955
23172598
23315336
23324649
23362844
23362862
23363083
23366139
23377248
23556586
23639708
23640161
23640191
23640543
23640898
23641131
23641625
23641674
23641926
23642085
23642917
23643348
23644011
23645540
23686883
23734174
23734176
23735251
23738165
23739137
23739339
23764090
23764109
23764240
23764601
23764616
23764923
23765084
23777066
23792329
23813527
23844340
23844380
23959612
23959667
24023544
24093609
24180014
24180195
24180222
24180582
24181045
24181703
24182468
24221904
24299449
24306354
24347745
24348967
24349410
24349474
24349516
24349596
24349652
24350078
24375889
24381380
24382010
24382101
24395037
24395038
24476826
24477494
24482853
24493562
24694327
24753126
24785247
24785256
24785450
24785472
24785612
24785635
24785701
24785768
24785790
24802921
24807591
24849438
24849480
24880175
24886177
24886414
24896215
24915092
24916952
24920458
24922337
24942442
24962646
24999065
25080626
25087007
25087370
25087412
25176736
25187489
25272468
25275818
25278708
25537527
25561197
25562570
25563204
25563273
25563294
25564030
25564157
25564782
25569436
25572939
25598610
25610793
25630489
25718919
25816270
25822650
25827189
25829607
25829630
25835278
25838277
25843480
25843871
25843951
25844307
25844835
25975026
26071810
26085743
26099836
26101000
26101040
26158049
26197951
26198100
26254294
26254299
26255344
26256283
26257064
26464323
26535263
26614739
26642277
26643020
26643479
26643794
26746278
26746678
26747408
26747461
26754043
26754333
26756081
26852604
26852609
26852656
27119980
27213666
27213723
27330134
27649846
27650390
27650900
27651072
27655954
27752980
27770679
27794398
27866430
27866772
27866778
27866854
27866886
27867227
27867506
27867707
27868094
27868885
27870292
27919887
27920041
27920044
27920063
27920095
27920515
27955919
27957529
27958388
27958622
27959259
28000127
28000722
28000995
28002486
28004412
28006693
28007150
28018201
28018363
28018606
28019198
28019654
28021150
28046821
28047265
28260658
28267964
28268155
28463812
28469892
28470070
28470307
28473567
28473984
28476764
28476896
28477113
28477253
28477318
28481090
28481917
28481929
28484081
28484382
28484670
28484807
28485221
28497192
28510643
28515297
28515720
28515801
28547499
28627604
28628875
28680944
28682752
28683206
28697298
28699720
28699812
28742890
28751438
28985981
28995901
29038277
29038303
29038308
29038364
29038558
29038561
29038804
29039199
29039885
29040494
29040721
29080618
29081794
29081946
29082051
29082066
29084910
29163549
29165721
29169033
29199500
29265565
29279270
29282430
29282816
29319266
29337859
29342025
29360508
29590979
29673358
29695124
29780494
29945221
29975641
30053729
30053924
30082047
30103375
30103549
30138308
30142593
30191007
30210889
30211443
30211616
30243134
30285297
30345606
30350470
30350495
30406080
30560776
30579288
30717461
30822795
30888881
30920632
30991288
31137812
31200113
31264186
31267334
31284179
31408671
31432701
31432719
31515952
31531407
31545138
31555707
31556085
31556178
31660048
31766814
31767651
31770552
31770850
31792615
31792955
31793799
31793981
31794019
31794020
31794097
31794189
31794195
31794306
31794313
31794602
31794819
31813543
31863369
31921844
31935339
31935439
31935710
32149034
32149037
32149100
32149312
32154039
32154576
32154734
32154788
32156118
32176076
32228120
32396957
32462862
32559191
32578611
32580221
32661464
32697408
32697526
32728235
32756880
32802147
32802212
32826119
32949101
32957514
33150103
33150126
33150138
33179616
33246010
33260696
33260770
33415104
33415234
33418755
33466465
33482189
33482617
33496581
33635508
33635522
33649345
33659285
33716016
33912467
33939172
33940577
33941229
33947903
33987136
34001312
34001344
34001381
34001577
34001594
34001650
34001973
34002042
34011591
34017643
34022859
34022891
34023358
34023889
34024196
34024530
34024725
34025391
34025882
34026101
34026681
34026743
34026747
34026962
34026990
34027036
34027075
34027076
34027079
34027108
34027112
34027114
34027122
34027123
34027124
34027140
34027164
34027169
34027184
34027209
34027335
34027465
34027937
34028099
34028307
34028360
34028485
34028493
34028510
34028548
34028624
34028697
34028945
34029181
34029400
34029454
34033093
34033105
34033267
34033628
34033630
34034102
34034155
34034240
34034574
34037069
34084561
34090662
34092251
34096011
34096395
34096412
34096906
34119252
34119481
34124613
34128157
34129378
34130898
34131013
34131029
34131794
34146782
34151540
34152930
34167599
34168601
34190159
34194104
34195657
34196504
34196551
34196780
34197404
34198259
34229656
34257483
34291662
34382535
34405391
34405612
34405627
34413516
34413900
34423307
34460384
34460468
34484471
34484538
34486848
34487217
34509341
34561001
34610512
34613251
34614672
34614891
34619262
34624102
34714874
34714958
34716006
34722643
34737860
34738115
34740177
34752109
34755515
34756544
34756762
34757400
34757452
34757456
34757469
34757966
34762037
34762058
34762544
34762605
34763415
34797066
34828762
34838141
34984013
34984016
34984493
34984546
34984588
34984814
34984862
34986023
34986314
34988312
34988316
34988351
35044731
35096120
35107366
35114074
35186784
35235321
35235890
35236485
35245200
35270266
35270327
35476603
35494955
35494983
35495042
35495044
35495047
35495105
35497594
35499608
35530420
35530538
35530603
35543108
35582595
35582978
35583424
35583425
35583660
35583663
35583665
35583675
35583680
35583778
35584553
35588459
35588471
35588486
35616781
35634121
35650147
35651488
35665258
35673225
35677273
35677666
35678280
35678383
35678512
35710961
35752751
35755095
35843669
35843844
35844116
35852327
35853505
35884309
35887153
35896047
35896050
35896058
35939668
35955855
36235573
36263120
36263183
36299098
36316340
36333184
36335541
36437031
36450594
36501630
36503194
36551790
36551940
36552727
36562540
36612321
36612845
36625976
36631538
36631597
36631877
36632169
36632186
36665921
36898852
36900219
36916021
36917787
37054422
37111233
37215031
37357461
37390960
37416048
37416203
37464590
37500990
37508763
37519020
37525436
37617571
37617624
37622425
37639235
37639373
37642295
37655130
37667541
37672337
37672822
37672824
37672826
37672828
37681008
37699515
37705183
37705213
37734507
37736510
37774789
37779791
37780805
37785593
37785618
37815450
37844655
37844656
37846175
37892760
37914012
37934427
38086107
38184359
38184861
38185028
38185056
38185139
38212489
38222354
38305841
38305843
38306892
38415185
38415197
38521129
38521136
38523252
38536565
38558585
38558949
38561232
38588383
38603927
38699664
38702674
38702952
38707882
38708102
38708175
38708373
38708469
38758337
38758894
38824250
38834401
38870512
38883542
38941263
38941388
38946656
38954769
38955599
38973790
38973811
38973839
38973851
38973991
38974033
38974123
38974212
38975198
38975409
38980461
38980475
38980582
38980892
38981730
38981933
38982349
38982978
38983625
38984735
38984903
38984992
38985865
38987022
38987162
38987395
39010218
39012283
39012397
39047650
39057308
39064706
39177977
39209851
39210404
39219179
39233714
39234058
39242977
39247247
39249890
39265623
39271273
39275962
39286864
39290351
39290734
39290775
39295294
39302229
39302358
39302458
39302717
39303045
39305309
39320705
39330067
39338124
39419546
39429712
39437152
39438899
39440528
39469551
39486246
39508552
39508580
39508854
39508879
39509553
39509613
39509649
39525080
39526491
39533503
39626642
39626850
39628212
39637523
39648238
39648417
39650084
39653372
39713055
39982937
39991950
39994930
39997106
39997586
40000966
40004399
40004678
40006228
40006230
40009324
40009562
40013908
40014709
40020107
40021638
40033397
40125295
40128951
40135080
40142717
40163500
40171355
40174111
40192799
40282741
40284305
40328508
40401657
40419044
40419045
235891
280310
337521
344089
349280
415910
415971
457268
519683
610055
662867
706906
706908
706912
819986
823032
825245
825248
838956
872833
874571
875519
876427
887000
895180
895194
909713
915932
919683
942779
944713
971598
1003255
1008402
1013965
1023520
1024142
1048400
1069244
1069427
1100433
1102338
1116067
1121978
1134279
1213281
1219261
1219715
1220905
1223759
1233838
1244342
1247548
1249181
1251267
1254763
1259349
1261737
1261891
1262469
1263140
1265185
1269751
1281379
1283107
1283848
1284448
1291337
1293977
1300261
1300500
1311626
1314062
1315901
1317019
1317220
1436692
1475075
1524800
1550888
1551086
1560867
1561966
1676496
1676813
1679955
1684658
1709717
1896133
1923474
1923476
1933465
1935081
1937584
1975762
1976027
1987957
1990229
2121707
2160323
2160405
2160454
2160511
2160538
2185649
2186343
2189200
2189379
2189564
2189603
2189607
2189702
2189848
2190254
2190694
2190710
2190755
2191593
2192033
2197242
2197304
2197430
2205886
2245202
2263457
2270639
2270839
2270898
2270994
2274119
2283006
2300544
2343200
2466639
2466764
2467973
2757744
2760573
2864437
2914441
2962344
2965751
2979498
2979692
2993750
3054850
3121681
3122276
3122701
3123500
3125229
3153561
3222372
3862972
3863078
3876837
3878524
3878996
3894278
3919141
3921575
3922097
3944263
3944282
3944353
3944459
3963720
3980597
3998469
4019141
4031992
4034559
4035227
4060297
4060706
4060969
4096611
4096626
4098044
4098091
4098217
4098338
4098360
4098932
4125376
4125378
4159186
4218219
4238958
4278677
4284990
4291407
4344306
4396836
4396896
4411782
4480364
4485332
4486812
4508141
4541440
4545640
4646172
4657984
4723172
4727949
4750107
4750311
4755850
4756774
4756830
4756904
4758657
4758658
4758697
4759458
4760106
4760133
4761119
4761425
4762185
4762293
4762312
4762387
4762657
4762769
4762796
4762846
4763200
4763206
4763386
4763410
4764180
4773284
4778775
4791617
4842003
4845145
4845240
4845241
4932523
4934733
4934734
4935238
4935351
4935548
4935551
4936350
4936487
4936553
4938188
4938208
4967020
4967977
4968395
4968418
4968558
4969156
4969803
4976884
4976922
5015607
5015610
5042049
5042139
5071762
5087361
5087510
5158240
5223269
5223567
5223589
5223620
5223714
5223720
5223827
5224004
5224244
5224748
5224864
5246878
5248718
5249535
5265962
5321504
5321992
5321997
5322019
5331339
5333471
5333496
5333522
5333523
5333667
5334017
5381735
5381760
5381972
5381992
5382099
5382112
5382408
5382411
5382448
5382462
5382614
5386184
5386226
5386372
5386540
5386555
5388465
5388538
5388539
5388613
5388660
5388670
5388763
5388812
5388931
5391635
5391919
5392652
5392866
5392875
5392894
5393079
5393131
5393244
5393273
5393296
5393301
5393307
5393412
5393494
5393535
5395042
5529742
5529814
5550873
5559223
5573952
5601172
5630253
5671279
5671316
5696369
5722773
5747870
5748114
5765105
5765154
5807372
5808853
5810182
5810252
5810257
5810354
5810375
5814647
5814724
5814740
5814837
5814888
5815148
5815180
5815486
5816066
5816265
5816801
5817111
5817339
5822084
5823137
5823206
5824232
5867596
5867901
5867914
5931236
5936781
6014470
6043930
6059101
6061450
6098706
6098716
6158623
6159134
6159144
6223351
6265202
6265203
6289531
6329474
6329488
6351799
6369200
6439194
6445101
6450474
6455172
6499445
6513417
6574930
6576411
6581703
6610236
6665178
6667679
6668045
6668077
6668364
6668712
6668770
6679005
6714691
6743075
6745625
6759922
6760580
6761495
6762288
6762293
6762294
6762314
6762319
6771514
6771526
6782798
6798494
6851210
6856965
6993153
7024449
7058119
7074312
7140087
7140201
7140207
7153673
7193805
7193887
7198478
7261942
7261995
7284117
7421730
7423411
7423868
7424005
7424084
7456078
7456081
7476853
7498340
7526033
7590636
7622760
7674208
8171633
8226146
8243960
8329626
8508062
8508149
8508385
8508399
8508789
8519284
8623153
8623272
8623439
8624492
8994942
9058524
9218439
9384448
9384696
9414765
9421334
9623251
9745011
9745785
9746150
9786427
9850090
9850091
9985693
9989784
9989909
9990220
9990326
9991213
9991748
9992253
9992278
9993306
9998485
9999485
10026109
10028543
10034808
10056473
10056581
10116519
10116532
10116771
10253804
10253812
10256101
10327482
10389458
10454150
10463432
10477480
10535874
10582129
10582265
10584353
10588215
10588378
10588568
10601707
10674639
10735163
10744099
10774164
10774179
10774289
10774448
10774617
10774939
10775002
10775680
10775779
10776104
10776208
11047662
11060920
11060922
11060938
11127771
11150624
11201422
11201459
11203550
11203586
11203647
11373125
11380430
11382011
11383394
11385099
11385327
11385338
11385671
11390503
11397542
11397563
11401450
11401706
11401858
11401934
11402010
11402255
11402634
11409172
11410821
11426178
11564586
11593477
11601175
11601176
11624221
11631586
11632004
11632343
11632856
11650345
11703010
11715570
11719517
11758053
11760429
11852601
11852806
12256511
12258603
12296666
12386154
12412642
12473898
12473975
12501667
12504502
12555204
12603467
12766963
12788766
12788858
12897753
12897760
12924716
13038915
13098539
13106494
13106495
13165497
13165831
13165926
13283420
13312392
13323362
13325690
13328424
13329071
13329190
13337142
13344440
13351747
13352502
13404294
13439731
13472448
13562492
13584568
13614276
13743748
13746287
13761317
13802941
13803723
13807660
13857699
13857758
13857934
13858167
13858284
13858816
13859405
13860499
13861171
13861795
13863659
13865570
13939118
14008084
14128778
14276415
14452299
14452637
14452877
14453013
14454257
14455017
14455172
14455336
14569062
14570410
14598889
14689682
14689686
14689697
14721995
14722589
14726595
14726635
14740124
14743626
14755337
14887013
14887816
14966647
14974375
15057366
15058069
15058114
15071131
15071691
15073333
15147909
15163783
15173504
15173505
15173564
15173627
15173632
15173698
15173795
15173830
15217351
15223552
15233007
15396686
15679951
15680205
15690959
15690961
15693901
15694031
15694886
15694918
15694988
15695406
15695840
15697657
15697658
15698312
15698504
15699003
15700712
15700729
15703717
15704575
15734758
15764040
15765418
15872024
15882039
15884694
15884862
15889207
15920425
15988631
16053965
16057094
16057391
16058965
16061446
16065374
16116245
16157301
16166264
16333003
16350590
16423645
16430051
16430060
16430374
16430381
16430697
16431365
16431774
16431854
16431866
16432463
16432944
16433063
16433142
16433639
16433719
16434662
16437039
16437456
16542212
16558260
16577017
16707163
16729671
16733142
16747614
16785320
16785560
16786434
16787558
16788418
16788975
16788999
16789136
16789254
16789428
16790126
16825766
16838491
16838976
16864276
16934102
16940657
16940659
16940742
16940750
16941010
16941802
16941830
16941837
16942239
16942324
16942325
16992927
17053808
17054003
17054403
17054476
17054500
17056963
17056966
17157167
17322459
17346510
17533638
17566007
17566074
17615541
17615556
17617108
17617603
17618123
17618185
17618193
17618400
17619084
17619180
17704007
17757073
17840019
17840806
17840936
17841096
17845456
17876417
17937309
18074730
18082040
18152199
18254973
18259873
18420442
18812137
18857480
18860547
18926620
18926728
18926748
18926777
19128599
19128617
19147481
19158826
19180142
19182426
19184969
19208421
19293847
19305181
19319819
19322854
19322873
19323155
19323158
19324079
19324424
19346220
19346519
19346635
19346646
19346661
19348826
19348879
19387027
19750461
19751778
20040408
20040492
20041021
20041143
20042131
20048526
20218219
20229349
20247800
20263384
20263716
20263792
20265706
20434099
20532242
20533208
20633655
20658645
20658704
20658802
20658829
20659351
20659602
20659609
20659657
20659801
20659810
20660340
20660429
20660605
20660621
20660685
20661196
20661233
20661265
20661726
20662480
20662560
20663570
20663571
20714413
20743965
20744514
20744538
20744591
20744696
20744731
20744790
20744853
20744876
20746239
20747020
20747121
20747553
20756044
20756068
20756095
20756116
20756283
20756545
20758955
20759613
20759897
20794925
20795009
20799213
20893901
20896996
20900667
20918376
20969647
20978950
21018663
21059597
21075353
21230362
21231063
21231445
21273764
21289680
21301198
21337441
21417991
21464156
21505433
21505617
21511996
21530524
21530842
21538033
21548829
21554272
21568240
21576394
21591967
21643328
21644334
21644603
21646843
21646913
21647178
21647252
21647717
21647963
21648022
21649662
21663924
21663941
21675237
21675826
21685112
21709722
21711670
21711945
21742931
21774627
21861927
21866088
21916202
21918760
21918952
22115602
22115604
22115715
22138388
22144141
22173811
22251798
22256421
22270976
22272281
22272944
22347069
22348334
22349604
22473183
22474329
22477209
22485756
22487323
22488772
22488880
22489740
22490210
22586245
22629953
22642424
22696860
22697298
22698035
22709870
22710037
22710108
22710329
22710375
22710664
22711006
22712558
22748393
22775119
22775329
22778273
22789198
22834272
22834611
22837806
22838154
22850590
22852067
22894448
22895141
22898746
22909761
22938468
23003514
23004621
23018717
23021435
23021934
23044131
23065322
23140100
23174845
23188542
23188625
23200870
23203278
23203676
23206235
23209059
23209454
23216378
23306658
23318189
23328577
23329400
23562381
23596130
23632503
23659544
23660107
23845040
23861964
23862158
23990246
24045292
24111239
24161418
24161834
24162068
24162219
24162864
24162921
24163261
24163281
24163557
24165384
24165467
24166951
24166975
24167143
24168000
24168015
24169210
24169302
24169322
24173701
24173952
24174301
24175345
24175966
24176090
24176170
24176235
24176401
24176440
24176678
24176973
24177079
24177121
24177507
24177891
24178655
24178659
24179040
24179189
24179322
24256565
24286839
24528236
24567960
24624183
24641050
24674368
24674424
24674448
24680815
24680858
24680899
24681080
24681331
24682133
24682263
24682301
24683066
24683451
24683656
24683797
24685425
24685531
24685607
24685641
24685711
24685747
24686683
24883366
24891203
24891407
24891556
24891611
24891943
24892023
24892556
24892848
24893170
24893200
24893799
24894059
24894572
25124915
25127755
25128176
25246323
25367653
25406497
25427151
25445506
25445777
25468566
25471530
25476108
25487542
25491575
25491955
25492088
25492421
25492718
25492731
25492894
25496419
25496603
25498419
25498778
25499170
25561267
25564364
25715913
25727688
25729166
25737378
25753905
25756284
26178159
26178479
26262470
26262472
26262833
26263757
26281105
26301051
26301083
26314791
26315739
26316251
26325053
26327546
26346870
26347102
26347638
26348113
26348237
26348293
26348321
26348559
26349056
26356630
26373309
26392710
26397080
26412051
26413975
26429277
26461793
26502639
26503297
26541334
26590530
26851101
26919927
26946883
26997137
27193197
27382781
27463895
27497076
27502897
27503153
27603335
27605774
27662096
27663830
27664194
27664412
27699265
27707239
27722582
27811546
27854789
27854944
27858450
27967578
27967651
27968429
28054869
28073679
28078259
28078374
28079241
28079317
28079729
28079799
28136947
28137146
28137333
28138377
28138793
28138974
28139030
28139114
28139118
28139189
28139316
28139347
28139382
28139455
28140171
28140193
28140715
28143957
28143980
28144048
28144260
28145374
28145410
28145609
28145658
28145688
28145792
28146009
28146235
28186800
28213995
28346292
28349389
28391712
28391922
28392032
28392401
28392619
28392636
28393310
28393634
28394395
28413658
28415302
28415327
28416454
28418249
28418250
28419465
28478825
28524186
28524553
28528144
28528167
28528261
28553813
28634087
28651620
28653292
28655519
29060272
29064606
30947542
30951073
31000587
31014360
31016652
31305117
31310079
31324534
31330808
31330827
31332184
31335642
31341337
31341344
31347455
31351676
31354298
31553332
31615620
31720744
31747983
31751050
31752644
31752680
31752807
31752838
31791640
31899783
31901034
31902538
31904363
31910277
31923053
31951479
31953029
31953449
31953529
31953755
31953871
31954096
31954536
31954626
31954650
31973055
31978357
31982470
32050863
32051230
32090731
32101869
32104480
32126385
32247105
32247213
32248130
32248244
32248246
32254144
32257058
32279083
32279316
32314759
32331515
32334126
32338942
32339770
32342210
32351632
32356757
32466710
32467522
32480613
32483960
32483969
32489858
32651194
32852667
32854747
32932665
33005508
33090234
33167637
33167968
33178536
33178792
33224435
33225410
33226513
33227746
33227899
33228022
33228276
33228330
33229208
33230930
33231469
33233749
33234301
33234409
33234498
33234591
33235288
33235431
33236117
33236278
33236279
33236439
33236467
33236713
33237176
33237732
33237836
33237880
33238373
33238874
33239151
33239351
33239509
33239738
33239763
33239880
33240304
33240378
33240711
33240953
33241091
33241553
33241766
33242018
33242049
33242104
33242179
33242327
33242328
33242456
33242464
33243974
33244185
33244364
33244628
33244898
33245144
33245303
33245435
33245757
33246179
33246646
33248929
33248941
33321948
33322916
33323330
33323476
33324175
33325239
33328111
33332367
33369980
33477097
33695944
33704545
33720024
33738721
33744867
33745935
33823794
33831023
33845950
33888286
33889112
33889393
33889570
33890728
33891091
33901167
33942553
33942932
33943784
33980731
34000064
34017130
34019311
34019319
34033659
34037982
34042621
34053030
34053796
34053973
34054065
34068686
34115337
34120500
34120775
34122557
34123053
34123132
34123405
34124091
34124123
34124170
34124533
34124551
34128501
34128529
34129290
34146807
34147317
34154056
34158836
34159000
34225648
34228544
34321037
34328412
34337247
34351000
34395720
34421831
34504440
34707821
34710679
34712800
34721384
34731707
34733235
34733344
34733397
34733449
34733604
34733790
34734083
34749487
34751912
34857137
34857725
34857912
34858529
34858986
34933811
34981737
34984358
34987998
35029754
35033064
35043635
35048446
35048588
35048728
35049073
35049146
35052296
35052458
35052487
35054299
35055886
35071539
35071739
35073719
35073781
35076032
35076094
35180671
35181075
35254807
35266586
35311477
35338764
35344107
35344299
35344366
35373932
35380962
35381243
35383013
35383146
35401616
35435903
35445256
35462517
35634826
35644809
35644916
35644980
35646288
35646580
35646596
35646622
35646934
35735834
35769910
35771395
35771836
35772086
35774138
35776081
35789437
35789702
35790631
35813939
35839954
35851434
35862132
35927961
35968287
35983789
35984002
35984157
35984342
35984656
35984662
35985172
35999234
36137515
36138700
36222299
36307820
36357627
36424983
36425431
36425662
36437064
36483125
36494255
36494722
36717186
36815199
36815423
36815830
36846005
36887516
36933830
36945783
36948355
36956054
36959553
36962932
36963762
36965482
36966400
36967187
36967507
36974105
36977189
36981359
37000980
37057337
37250223
37493739
37524623
37524761
37524871
37525008
37525067
37525083
38433589
38434988
38435369
38439798
38443746
38443963
38444086
38444088
38444123
38444163
38444182
38444209
38444245
38444420
38451122
38452210
38919382
39053738
39062813
39284030
39286695
39299409
39299528
39299589
39299654
39299714
39300148
39300184
39300425
39301113
39301196
39302626
39302795
39302887
39302994
39303128
39303157
39303575
39303610
39303616
39303661
39303700
39303833
39304707
39304726
39304736
39304898
39304937
39304943
39304945
39305027
39305156
39305507
39305530
39306824
39306858
39306866
39306997
39307134
39307236
39309067
39330895
39456652
39456778
39456817
39497914
39497982
39550721
39599437
39608126
39615612
39704800
39704814
39704837
40079851
40094852
40100591
40100846
40149341
40498303
40909280
41645020
41701347
27002
69804
451325
1755155
1755174
1761596
1779811
1789102
1797296
1797382
1797498
1816465
1817149
1819768
1819964
1869112
1887945
2032918
2059265
2063382
2165544
2176865
2196965
2202927
2235553
2311180
2313090
2320002
2351039
2353796
2364740
2384064
2389589
2392164
2393518
2394963
2398585
2401735
2414895
2428312
2434821
2465204
2474564
2542273
2548531
2593648
2626630
2632671
2710651
2715886
2866344
2869702
2891951
2892641
2901657
2901670
2901690
2947538
2959370
2961054
3232293
3419576
3465207
3465955
3478328
3530291
3534160
3535121
3584543
3587423
3587690
3694328
3770369
3770641
3770685
3771724
3772012
3772100
3772154
3773091
3773347
3773407
3773502
3773874
3773896
3773911
3773950
3774078
3778432
3778577
3778705
3918018
3928143
3952959
3954248
3954732
3954986
3955046
3959753
3969119
3970628
3971460
3995775
3998602
3999112
3999218
4001457
4004302
4005396
4011625
4173765
4252640
4271640
4275804
4276037
4276129
4278967
4279560
4339244
4379319
4434296
4435234
4436494
4436499
4436647
4437575
4437744
4438563
4441606
4498352
4503170
4703280
4707992
4711480
4712310
4786130
4820457
4827912
4827920
4862334
4867019
4924660
4972708
4973995
4984237
4989745
4989772
4990327
4990441
4990585
4990881
4994611
4994995
4995200
4996119
5002235
5003122
5014460
5017703
5021821
5031958
5042070
5077264
5082497
5086969
5090625
5092781
5092848
5092901
5094241
5094369
5094387
5094389
5099364
5099408
5099484
5099610
5099800
5099830
5100312
5100789
5128474
5128480
5129304
5162055
5173805
5190602
5191668
5229454
5229931
5231495
5231644
5286161
5563296
5567062
5567825
5567983
5567985
5567988
5568019
5568242
5569757
5572991
5575614
5576491
5576681
5577308
5577880
5577963
5578157
5578170
5578320
5578575
5578607
5579287
5579330
5581289
5583582
5584200
5585583
5585943
5587889
5587909
5591322
5591419
5593156
5593200
5593490
5596012
5596376
5597596
5601439
5602583
5603040
5603065
5603148
5603171
5603424
5603425
5603554
5603657
5603741
5603770
5603886
5603890
5603997
5604063
5604124
5604133
5604151
5604201
5604339
5604627
5604628
5604918
5604959
5628121
5628202
5628480
5636661
5679253
5703625
5711734
5797415
5808865
5885143
5895656
5901732
5905676
5908410
5910608
5951704
5959253
6023518
6034765
6035153
6035279
6037065
6037779
6296283
6299368
6305964
6307932
6308005
6308824
6309895
6310434
6310541
6310555
6310565
6310610
6310678
6314849
6315481
6317980
6318141
6318232
6340244
6342231
6342670
6346844
6346989
6347163
6458893
6458920
6459064
6459586
6470875
6494157
6501024
6506741
6507946
6515568
6518121
6518676
6531090
6531773
6531786
6531979
6532834
6540420
6540974
6541116
6541183
6541479
6541482
6541492
6541533
6544246
6545322
6553987
6554397
6554402
6678977
6901185
6939845
6940304
6940624
6940638
6959205
7010613
7018131
7204732
7204887
7206798
7207259
7207455
7208904
7333311
7345301
7354838
7366460
7369333
7387569
7419674
7419878
7420232
7434778
7444404
7464355
7478943
7485423
7496120
7496320
7496615
7496943
7497052
7497284
7497314
7497539
7591654
7674652
7848847
7872787
7876355
7891965
7989873
7991654
8000477
8006464
8020809
8139042
8206839
8263792
8305167
8324975
8419152
8527012
8766103
8776792
8848858
8849254
8849302
8849332
8851122
8851746
8851763
8852963
8877844
8992702
8998642
9000584
9000772
9012424
9021688
9034911
9034925
9101612
9113015
9153553
9255030
9363058
9376499
9401181
9620594
9620600
9730711
9803755
9905222
9910322
9961282
9961288
9961409
9961425
9961669
9961692
9961804
9961807
9999298
10079198
10337606
10337696
10337785
10462424
10529537
10529804
10543966
10553463
10554495
10554545
10570870
10598542
10613705
10613709
10657803
10728246
10800769
10879686
10880935
10948815
10950205
11014650
11023559
11037192
11258091
11263433
11272996
11300798
11334015
11378738
11624229
11628523
11638045
11805180
11805268
11805372
11805403
11805404
11805410
11805468
11805475
11832057
11832072
12031324
12034488
12077042
12078880
12108793
12114543
12133474
12175319
12175876
12177451
12180791
12182486
12183337
12185958
12186361
12189057
12189520
12189554
12189663
12190838
12191540
12197844
12200858
12428294
12437549
12500400
12505060
12508328
12524040
12530866
12530876
12547796
12549099
12549292
12549407
12549521
12549616
12581878
12662309
12664156
12665290
12668006
12740673
12758130
12891888
12924638
12948403
12948712
12948963
12949128
12950403
12950608
12950713
12950731
12950773
12950825
12951324
12951729
12951761
12968357
12968628
12968697
12968847
12969340
12969591
12969909
12969925
12969942
12969989
12970089
12970165
12970530
12970537
12970605
12970608
12970626
12970850
12971049
13144363
13161405
13165924
13175405
13187027
13321438
13512340
13512693
13519025
13519115
13519712
13519819
13520091
13521423
13521427
13522418
13522581
13522938
13524367
13525327
13637827
13640347
13645126
13647964
13650125
13652879
13653073
13668110
13675625
13700010
13744743
13748691
13755914
13790233
13860084
13874907
13892996
13895784
13900699
13906542
13930398
13948461
13954587
13958456
13958726
13984368
14000088
14000102
14020697
14027846
14028816
14031475
14047277
14055435
14057626
14077242
14083851
14084050
14122058
14137977
14148492
14170656
14172255
14175072
14191853
14196322
14227910
14236496
14238786
14250038
14250941
14254076
14271301
14280423
14297051
14301113
14302687
14328388
14340511
14346914
14375557
14404724
14410245
14419974
14435200
14438483
14458335
14476980
14480137
14496592
14498293
14506745
14511730
14521603
14522282
14551154
14590826
14598006
14633206
14665803
14693517
14838169
14877317
14947670
14948415
14950486
14975894
14983757
14986153
14986888
14994681
14997866
14999102
15007096
15024650
15037770
15038516
15053970
15097418
15108453
15137966
15192208
15231184
15237014
15239920
15242004
15263079
15275875
15288220
15320670
15350448
15391896
15392253
15397659
15426438
15426459
15426462
15426466
15426468
15426472
15428604
15463801
15503579
15507666
15509387
15525671
15548878
15571181
15571862
15574810
15592723
15612806
15613337
15619900
15620121
15622985
15626569
15626973
15639313
15642192
15647152
15658420
15670312
15673714
15826896
15834130
16162846
16165051
16165118
16165300
16267023
16270479
16357760
16492517
16511549
16521881
16592781
16858055
16858847
16861173
16861619
16864099
16864201
16864621
16865695
16867533
16868823
16869262
16870355
16873470
16875121
16875163
16875353
16875647
16876051
16876226
16876269
16876388
16876488
16876726
16876888
16877906
16878264
16878303
16878815
16879882
16879915
16880086
16880103
16880506
16881414
16881570
16882789
16883024
16883424
16883513
16883905
16884308
16884450
16884492
16884877
16884972
16885200
16885280
16885308
16885834
16971838
16988642
16994655
17009967
17009975
17010448
17010531
17010990
17011994
17019881
17019957
17035145
17044267
17153474
17365318
17569222
17588075
17616309
17616799
17618809
17619674
17619828
17636577
17660144
17660284
17668021
17668107
17668236
17668384
17668600
17668650
17668800
17669467
17671906
17671917
17671928
17672148
17672411
17682367
17763132
17763395
17763737
17763740
17764023
17860730
17892864
17893333
17963300
17964215
17975017
18035142
18035217
18035507
18035971
18036509
18036545
18036584
18039046
18039057
18039099
18269359
18304949
18601267
18601495
18616252
18623593
18762380
18762381
18762385
18762578
18762594
18822473
18830727
18831319
18831676
18831827
19021498
19022333
19023337
19023342
19575322
19671271
19694834
19776448
19776529
19805683
19807207
19807260
19808095
19808885
19864192
20065851
20073937
20154793
20187282
20195413
20211672
20398305
20399401
20403959
20432092
20432128
20440408
20440729
20442332
20557480
20745902
20755885
20756107
20756333
20756674
20823685
20824110
20858260
20872447
21136063
21140963
21207508
21210831
21224137
21224879
21225399
21235622
21238969
21240680
21241246
21241255
21241288
21244673
21244701
21249333
21250997
21252267
21261535
21261782
21285180
21285457
21293486
21305607
21306577
21306861
21359712
21360506
21360649
21374632
21375085
21375538
21375996
21376091
21376096
21376191
21376279
21377110
21377362
21377363
21379191
21379598
21379739
21417896
21440609
21443198
21447127
21468607
21469459
21469485
21471095
21472079
21472702
21473707
21475828
21534483
21534672
21579984
21580015
21580243
21581087
21581088
21581225
21582319
21582370
21583941
21585677
21585722
21620541
21620603
21620808
21620950
21621334
21621514
21621580
21622171
21622196
21634074
21634419
21634877
21639237
21711307
21834187
21840956
21841302
22022538
22394512
22402160
22427439
22429325
22492715
22568337
22584088
22584208
22659279
22688306
22730697
22785209
22839275
22876597
22880636
22918476
22918816
22918825
22918847
22918968
22919219
22919329
22919359
22922536
22942047
22942049
22948096
22948726
22949084
22949278
22949343
22950277
22950298
22950789
22951410
22951497
22951693
22964331
22964358
22964614
22986291
22986304
23021706
23021719
23022419
23022437
23022795
23022811
23022812
23022837
23023864
23023972
23024266
23024280
23024750
23024983
23025027
23025209
23025704
23025905
23025907
23025915
23045007
23045111
23045119
23045204
23045336
23045358
23045634
23155012
23246946
23281339
23281794
23281845
23282100
23293417
23355527
23395990
23396756
23478279
23478337
23478671
23577292
23591978
23721384
23839181
23931423
23938700
23938908
23949898
23950549
23958172
23960716
23960845
23960923
23960964
23961184
23961390
23961639
23961665
23961964
23962660
23962818
24014107
24014119
24014589
24014649
24014846
24014966
24015085
24169574
24169964
24170191
24170335
24170948
24182467
24222498
24320180
24320541
24321721
24362525
24362920
24363003
24414467
24428557
24428587
24429070
24429641
24430028
24430039
24430488
24430705
24431019
24431054
24431265
24431809
24433264
24439816
24440048
24441892
24442233
24442597
24443695
24467439
24478425
24533153
24574541
24622975
24631658
24656400
24659368
24659374
24685979
24720161
24720645
24720789
24746468
24748657
24748803
24772913
24773114
24874337
24877858
24878451
24878536
24878898
24879199
24879285
24882735
24882771
24882894
24883606
24886180
24886537
25343906
25343960
25349051
25630495
25672445
26021664
26024883
26072235
26072340
26072342
26120400
26120525
26427413
26444217
26595101
26614829
26614830
26663511
26700565
26700598
26700709
26701059
26701391
26702286
26703284
26714577
26730297
26730570
26730578
26730598
26734246
26904591
26957018
27027188
27027395
27027404
27027408
27066173
27084523
27129179
27130058
27193858
27194118
27194463
27194983
27195833
27196031
27201123
27201192
27201196
27201804
27201927
27203474
27204331
27205883
27206110
27206380
27210914
27210915
27210924
27210982
27211944
27211953
27212190
27212568
27212604
27226825
27226840
27227771
27266647
27491429
27502088
27573353
27580019
27602502
27603451
27667272
27667716
27667746
27667854
27747171
27765569
27765640
27765883
27800445
27805802
27822874
27847870
27858865
27858892
27859597
27859717
27859892
27860191
27860522
27860698
27860802
27861181
27861335
27861729
27861751
27885626
27981345
27981713
28203240
28203241
28203247
28203263
28203270
28203320
28203853
28204122
28204127
28204366
28204761
28307610
28308671
28312192
28333138
28346055
28377722
28403572
28404091
28404376
28406159
28413875
28466246
28492043
28507833
28508023
28508125
28508189
28508292
28518909
28530967
28640344
28656164
28734622
28736771
28756468
28761068
28761871
28762778
28766487
28767043
28767744
28821176
28832518
29351447
29351894
29352815
29398320
29414038
29414042
29528829
29663698
29671544
29673753
29676424
29772794
29819753
29835789
29923090
29954402
29954838
29954896
29954905
30098121
30182535
30244836
30316746
30320333
30320496
30320936
30321178
30357928
30372786
30579174
30633060
30776082
30776338
30791502
30800138
30812082
30838764
30889832
30889976
30890507
30992704
30999230
31000258
31009540
31015650
31068971
31069103
31069108
31069244
31069586
31121729
31121821
31122256
31122467
31125831
31171444
31174837
31175415
31211258
31211275
31378208
31413624
31413877
31490163
31554176
31560388
31560420
31604938
31625163
31625375
31625385
31625428
31625458
31625562
31625807
31638362
31665567
31665568
31665688
31665755
31665821
31666048
31684600
31739733
31739871
31739883
31749347
31794434
31794502
31811267
31811663
31958736
31958867
32186627
32188538
32188546
32190571
32190985
32191782
32192153
32192181
32192202
32245507
32246602
32246651
32255940
32275674
32277246
32278913
32278923
32278973
32279432
32279495
32279727
32280298
32297649
32297696
32426371
32457756
32458231
32515545
32580461
32592742
32657492
32754826
32778110
32780887
32781280
32781521
32794159
32815286
32815343
32815433
32851863
32851864
32852225
32936372
32936447
32937557
32937658
32938362
32987880
32997105
33045057
33140925
33312769
33448643
33451349
33451362
33453408
33457411
33459160
33462031
33462201
33462608
33462882
33462914
33462919
33463460
33463486
33626645
33641277
33648997
33649007
33649377
33649743
33649762
33662192
33711871
33713378
33719998
33742325
33771079
33773075
33843872
33871059
33871246
33872327
33872704
33872777
33939259
33945131
33963110
33963480
33967525
33967567
33999954
34023886
34028706
34028765
34028845
34028899
34029266
34029474
34029897
34029969
34029996
34078866
34104428
34110851
34110854
34134322
34134607
34179922
34216895
34356359
34381963
34448191
34467918
34482290
34488120
34495305
34499420
34538384
34540028
34540089
34557639
34559499
34613911
34614084
34667641
34667862
34667890
34667909
34671297
34733861
34758865
34758888
34761636
34809291
34891272
34891971
34892309
34968795
34969592
34985067
34990842
35028934
35037259
35037620
35043494
35056535
35170802
35172250
35173139
35197022
35211546
35219783
35300910
35301324
35302038
35319248
35319258
35363152
35392962
35440958
35454203
35454791
35465584
35465882
35471006
35478397
35482203
35484780
35489065
35489209
35489242
35490208
35490233
35492745
35504610
35506836
35506910
35507246
35507533
35519784
35519887
35522852
35527470
35527513
35527688
35527833
35528044
35528071
35528888
35529010
35529448
35537979
35538632
35538799
35539057
35551636
35551739
35551801
35552234
35552235
35557674
35562460
35562761
35563340
35614428
35614560
35662183
35662589
35686928
35688683
35699727
35749557
35757623
35757666
35757703
35759610
35774520
35881562
35881605
35939078
35951310
35953294
35964401
35967077
35997045
35999405
35999773
36002105
36011867
36011875
36011970
36085802
36098946
36104402
36111409
36162175
36180033
36186486
36230042
36386624
36421949
36441823
36448913
36487730
36515890
36517688
36540813
36557869
36665993
36666969
36678390
36752423
36753901
36762499
36857905
36904055
36904271
36904467
36904490
36904597
36904611
36984394
36984482
36993663
37017177
37017811
37029050
37029260
37029322
37029864
37030030
37046957
37084505
37136302
37174424
37245457
37298980
37299902
37300620
37300643
37306132
37327716
37332172
37356582
37358892
37398197
37398911
37399009
37553854
37554706
37561256
37562254
37563014
37564378
37573231
37580314
37588201
37588327
37588993
37589075
37589407
37589811
37591053
37593098
37594036
37595248
37597450
37615722
37658411
37662527
37670229
37673359
37673433
37679098
37679746
37679777
37684230
37684453
37701680
37704954
37705034
37707881
37710669
37742573
37745613
37745904
37745977
37746117
37746200
37746393
37746494
37746529
37746565
37746753
37746754
37747255
37747261
37747269
37747302
37747309
37747504
37747561
37747617
37747656
37747662
37748491
37748774
37749335
37749524
37749528
37750029
37750568
37750989
37752059
37752750
37752811
37753086
37753210
37753370
37753898
37754110
37754138
37754227
37754358
37754403
37754632
37786709
37787165
37790547
37852585
37858415
37864287
37963200
38053530
38057996
38066110
38103683
38116263
38136767
38137007
38140715
38206303
38206444
38206955
38217918
38237613
38302900
38364001
38364079
38377504
38430974
38536801
38537958
38538258
38636757
38732942
38811276
38843107
38843385
38843390
38843395
38938106
38984267
38991817
38991912
38998391
39008113
39008697
39032293
39032340
39058665
39061296
39062057
39062108
39076401
39081445
39090148
39122495
39202845
39203989
39500439
39549190
39549646
39549800
39549961
39550402
39553763
39655941
39659008
39689367
39695865
39695913
39701532
39701533
39797210
39806117
39856609
39876760
39876781
39877114
39880996
39892415
39908021
39918082
39918104
39922235
39923353
39930475
39934799
39934803
39935084
39935212
39935240
39935241
39935261
39935267
39935271
39991044
40010151
40010773
40010840
40010927
40010978
40010979
40011102
40011842
40012468
40021988
40031029
40032101
40032196
40032329
40032366
40032403
40032439
40032865
40034348
40034898
40034902
40035220
40035221
40036218
40036597
40036739
40036977
40037451
40037884
40037967
40038237
40078223
40088822
40090306
40090514
40090558
40140278
40140911
40185740
40185741
40221710
40222514
40224149
40225250
40225439
40225517
40226611
40307701
40307737
40307894
40308074
40308518
40309059
40311317
40311320
40311978
40312352
40312523
40312860
40313227
40314050
40314094
40314162
40314514
40317389
40317763
40318070
40318072
40318457
40318614
40332613
40337094
40338850
40338883
40339049
40339711
40671803
40683369
40684773
40696698
40697997
40756677
40760527
40764262
40822598
40877945
40878041
40878096
40878127
40878131
40878591
40879190
40879469
40880180
40880204
40880259
40880620
40880886
40880893
40881679
40882241
40885696
40885720
40885964
40889272
40889737
40889796
40889926
40889946
40895444
40895453
40895928
40981072
41011470
41012700
41014038
41016088
41017965
41018638
41022260
41026041
41039064
41043401
41045930
41048907
41056542
41064101
41068187
41069740
41070221
41071015
41072452
41072739
41073132
41073622
41082618
41093868
41103228
41189497
41258633
41259258
41272685
41353173
80609
223612
231355
232294
234601
234759
237825
241420
242078
242599
242759
245514
247131
247284
256475
257056
257064
257700
259793
261333
265216
265468
266564
267304
268156
269282
270366
270368
279811
280360
280450
280500
281139
281752
282785
284167
284351
285473
289275
293430
293945
293946
296875
298858
299089
299215
302628
302675
302708
303830
304095
304108
304228
304230
307706
313592
313619
314279
322089
322212
326156
326280
327704
331877
336008
336157
338263
340439
341429
341736
344371
345393
347928
348114
354853
357045
364874
365033
372998
373003
374203
374634
376584
381525
384081
384090
384109
384111
384480
390478
391558
391616
391775
394316
395253
395359
398997
399000
399527
399598
399628
399653
400552
401308
405898
407873
410885
411414
420999
421894
424126
424857
434019
438732
438818
438842
439940
443671
444627
445476
448259
450423
458996
459139
459437
459534
459554
460647
461899
462389
463888
465314
474132
474259
475610
478140
478219
479238
480495
481900
482061
482090
482196
484181
493176
493181
493892
496079
497654
497986
499230
499293
501854
502451
503175
512636
521279
522018
522989
523177
524195
525582
525680
527804
529943
531585
534176
535475
535692
538794
541285
543632
545260
546937
551727
552124
552135
557480
562594
563436
565956
566045
566745
570700
570701
580674
586987
587057
589935
590614
590890
590990
592206
592244
592483
594450
596415
602167
612944
613001
614583
615421
617074
617237
617304
617539
617975
619833
621067
621628
621631
624501
626556
631592
808900
848561
871224
1050025
1063684
1072171
1078841
1079435
1080553
1088059
1089405
1089422
1089424
1089432
1092216
1103491
1104258
1104367
1104444
1105313
1106638
1106639
1106713
1107071
1111983
1119313
1119695
1123098
1123543
1124373
1125213
1137091
1137173
1142047
1142170
1198090
1198479
1246347
1350523
1441053
1511989
1513870
1547888
1549668
1550925
1551056
1551088
1551167
1551405
1553300
1553310
1553317
1553433
1553434
1553448
1556913
1558978
1559784
1560272
1567029
1575293
1607182
1608721
1964218
1965208
2047653
2050866
2298594
2474636
2474703
2504039
2586058
2609288
2845815
2919746
2919886
2921233
2938629
2979697
3009468
3009747
3009881
3033259
3033262
3110332
3122214
3122251
3122432
3122443
3122769
3123008
3123306
3123597
3123805
3123999
3124885
3125905
3126710
3130853
3131222
3144617
3144914
3146334
3147991
3148060
3149013
3149994
3149997
3149998
3154853
3158628
3158634
3158853
3162377
3166319
3176614
3176622
3177166
3177217
3177389
3177696
3181533
3181921
3182072
3182918
3183052
3183291
3183569
3185126
3185321
3185379
3186065
3186079
3186132
3186786
3186929
3187317
3187455
3188381
3188393
3188689
3189070
3189075
3189385
3189557
3191210
3191305
3191388
3191683
3191704
3192036
3193678
3194023
3194774
3195861
3195940
3196223
3197078
3198856
3198891
3198896
3199228
3207238
3236193
3236499
3236507
3237846
3237867
3238306
3239089
3239770
3249262
3345671
3364709
3392175
3393547
3393840
3420353
3464697
3487741
3507935
3507941
3508487
3514468
3533609
3550504
3556791
3562494
3567757
3578046
3580689
3580760
3580837
3580867
3580870
3586276
3586647
3586764
3586767
3587245
3587667
3587699
3588166
3588976
3588982
3590862
3596641
3596689
3611638
3612440
3612602
3616845
3616858
3617276
3618718
3619109
3620481
3632605
3632609
3632619
3632640
3632785
3681544
3683577
3707630
3708687
3709097
3709502
3709565
3713294
3713635
3713808
3714105
3714657
3714911
3717552
3765218
3780572
3780585
3789166
3789710
3790078
3790260
3794137
3804302
3890695
3891535
3893514
3893515
3924359
3925359
4055778
4057728
4090352
4097721
4183765
4202201
4249431
4293522
4355035
4355045
4414524
4443454
4454988
4499655
4499688
4530682
4531619
4531679
4534192
4588471
4609147
4716487
4726938
4726949
4727576
4731333
4774688
4783096
4826771
4835555
4841336
4849121
4865356
4918027
4918868
4919617
4920865
4920866
4960078
5151354
5152947
5190622
5199256
5200324
5201227
5201645
5201868
5209131
5235820
5245408
5272500
5272756
5377532
5391652
5401777
5402193
5411207
5423806
5423888
5423904
5432383
5436550
5498415
5499083
5500465
5506473
5608670
5644011
5644041
5644558
5644827
5647449
5647540
5660092
5700179
5729603
5761216
5761727
5761728
5819482
5830535
5893511
5926818
5950322
5985274
6015760
6015800
6018937
6029282
6029684
6054825
6054938
6055064
6055104
6055147
6055578
6058660
6063291
6065643
6142445
6252073
6252192
6252226
6265433
6265447
6265454
6267132
6267134
6267157
6330974
6367782
6449498
6531680
6547330
6551192
6551387
6551507
6643654
6643731
6645813
6645880
6645945
6677513
6707947
6709686
6717289
6744810
6745075
6748540
6798562
6798569
6820206
6870779
6870858
6879115
6882751
6898525
6906623
6912011
6916710
6917738
6917828
6923394
6923395
6924354
6924526
6926113
6981580
6989507
6990563
6992378
7038941
7060574
7068716
7069410
7069420
7070271
7070458
7071000
7071960
7072037
7073521
7073523
7073683
7073852
7074110
7074225
7074319
7074370
7079873
7079888
7131062
7131723
7131877
7131922
7132250
7132383
7132461
7199834
7234310
7277795
7315974
7316209
7402793
7425542
7425555
7436529
7438308
7438907
7438908
7439445
7439482
7442126
7492435
7659652
7669596
7703229
7767696
7772418
7773651
7874401
7874641
7874828
7965232
7994256
7994586
7994672
8003442
8004739
8149952
8356956
8436569
8501539
8544812
8548855
8549707
8551084
8571270
8575420
8575488
8577003
8650791
8651272
8651309
8683890
8684170
8684174
8697656
8729712
8750568
8771660
8785496
8788556
8971819
8998544
9075389
9115560
9115564
9163713
9163997
9191040
9300641
9300643
9362246
9369013
9369168
9418604
9426453
9431259
9431629
9436342
9484534
9558243
9615175
9667470
9668670
9687410
9692740
9693480
9753093
9762645
9767148
9767474
9771679
9772805
9793504
9794181
9798298
9802209
9802426
9803740
9803829
9804986
9805939
9806278
9806337
9806619
9806869
9807098
9808840
9816127
9828243
9861084
9946856
9948424
9961109
9961123
9963597
9963614
9963636
9963694
9963709
9963760
9965741
10002219
10036562
10036679
10036860
10038835
10039202
10041678
10068582
10069490
10079040
10079682
10080486
10093987
10095188
10108347
10111983
10112424
10112586
10120383
10122780
10125307
10143261
10379237
10379294
10506779
10507497
10512168
10512321
10514114
10514583
10515478
10515530
10550304
10701447
10747020
10749067
10893128
11142677
11164956
11165177
11166159
11166900
11229635
11229673
11276515
11340097
11350885
11351250
11360775
11416010
11472014
11481081
11484978
11497876
11507861
11509015
11511206
11511252
11511735
11548060
11548080
11548083
11548094
11548225
11550286
11550329
11550613
11553892
11554560
11555016
11574843
11574853
11574887
11576418
11576844
11577127
11582290
11584653
11598484
11607517
11618794
11618832
11618924
11622075
11622945
11625404
11626023
11626221
11627034
11627130
11627187
11628078
11628240
11628364
11628538
11628554
11629315
11629543
11629652
11629685
11631498
11639348
11640321
11643797
11661959
11724348
11725136
11726684
11751351
11773938
11776437
11776964
11776980
11779764
11779874
11780073
11789398
11800619
11804479
11805040
11807096
11809018
11826361
11829843
11835826
11835867
11835893
11835904
11836543
11836660
11896091
11901802
11927874
11946654
11951542
11952894
11957163
12033947
12106505
12328216
12331264
12400133
12401406
12410482
12420848
12420854
12421784
12422193
12422215
12455336
12506634
12506794
12507030
12507045
12536464
12536788
12541539
12559634
12569622
12593490
12654332
12660352
12661518
12661728
12670395
12670495
12684996
12685190
12685406
12686866
12698233
12698657
12720926
12742530
12742881
12798436
12822489
12847254
13035343
13036944
13046877
13048811
13142915
13142981
13165574
13268899
13269353
13269384
13285276
13293009
13306202
13329326
13336362
13336363
13405026
13405426
13405910
13407110
13422021
13573759
13632634
13634318
13634614
13634833
13634846
13635256
13636121
13636694
13639747
13646183
13646370
13646725
13646802
13646809
13647016
13647048
13647147
13647183
13647206
13647564
13647855
13648551
13648758
13649088
13649903
13650093
13650118
13650277
13650812
13651196
13651559
13651891
13652298
13653147
13653157
13653192
13653379
13653700
13653716
13654346
13654424
13654447
13654724
13654741
13654784
13654951
13655159
13655612
13655654
13655833
13655881
13655908
13656270
13656327
13656336
13656393
13656407
13656432
13656437
13656487
13656578
13656586
13656614
13656656
13656669
13657130
13657137
13657254
13658329
13658543
13658711
13658956
13690573
13691734
13691975
13693856
13693911
13693939
13710737
13712348
13712477
13713397
13713513
13889545
13889599
13889624
13889673
14300499
14424631
14475471
14654298
14667370
14668145
14669229
14675596
14684565
14692133
14692238
14693546
14695998
14768037
14813290
14813370
14814247
14814541
14814712
14815371
14816567
14819978
14820036
14820308
14832013
14877187
14884445
14889645
14935562
14949045
14964966
14964970
14966855
14970926
14975232
14980303
15060155
15107881
15187473
15188645
15219137
15219138
15220148
15220334
15220477
15220855
15224436
15228562
15259368
15260862
15339628
15503581
15503815
15504054
15548775
15567969
15631166
15655865
15655866
15685578
15685906
15686024
15686042
15697672
15699212
15833802
15834220
15834221
15935863
15992108
16070330
16070340
16098654
16165610
16165624
16271815
16271914
16272072
16272120
16273096
16273229
16292174
16292647
16302136
16328705
16357145
16368785
16391162
16392227
16409571
16598155
16598270
16598473
16714623
16714696
16715678
16770919
16780600
16785817
16820387
16832732
16832932
16900878
16900918
16904063
16904164
16904212
17015784
17038375
17040352
17041388
17042119
17042513
17043257
17050439
17051754
17184360
17185733
17287145
17409812
17440528
17554835
17618900
17649198
17667803
17669232
17669723
17670062
17670240
17693917
17695104
17698852
17704332
17704455
17704688
17704693
17705414
17705429
17706093
17712185
17716203
17724177
17743039
17745112
17781714
17783643
17814105
17817009
17852217
17852338
17852366
17857283
17863581
17871741
17877403
17879002
17884603
17887032
17890851
17891384
17891406
17891540
17895052
17896620
17913887
17927026
17927469
17927879
17928078
17936744
17937074
17954176
17957142
17967020
18016713
18053477
18056108
18056176
18056265
18056649
18057478
18059615
18063464
18067994
18068850
18072090
18072368
18072661
18072663
18072690
18072826
18073038
18074047
18074114
18074132
18092112
18093228
18153917
18165017
18184271
18185804
18227441
18232572
18254501
18268942
18269128
18269495
18272654
18314123
18314366
18324462
18325182
18325642
18325823
18326042
18328261
18329525
18435318
18435516
18435571
18435632
18436176
18436586
18437386
18459579
18459640
18459766
18459879
18459885
18460123
18460188
18460673
18460689
18663564
18666246
18666322
18668058
18668369
18668398
18669707
18670278
18670305
18670331
18670449
18734327
18734362
18734423
18734611
18734632
18735061
18735174
18875898
18913101
18966057
19019742
19039503
19067492
19072023
19075092
19079510
19101514
19101559
19101815
19116812
19131452
19136978
19142070
19143371
19143375
19143388
19143449
19143509
19143512
19143602
19143734
19143735
19199738
19200946
19200990
19201194
19201316
19201550
19201704
19201713
19201845
19202624
19202632
19202760
19202825
19202859
19203059
19203150
19203336
19203357
19203381
19203382
19203397
19203539
19203563
19203577
19203644
19204004
19204096
19204128
19204339
19204368
19204685
19205091
19205574
19206401
19206452
19206567
19206608
19206669
19206678
19207132
19208944
19212356
19212627
19213354
19213900
19214279
19216196
19216512
19216743
19217197
19217507
19219908
19220017
19222798
19222861
19223239
19228758
19229109
19229209
19229743
19230212
19230421
19231267
19231268
19238585
19247786
19250454
19261428
19261659
19302826
19324760
19341122
19354199
19354685
19354904
19398447
19399436
19402725
19404351
19404539
19404723
19405119
19405530
19408615
19409453
19409555
19409638
19409644
19409696
19443490
19443548
19453002
19453261
19453269
19453272
19453358
19453411
19453413
19454120
19454205
19454470
19454575
19454737
19454795
19455213
19455401
19455458
19455688
19456780
19457472
19457539
19457729
19462708
19466659
19476906
19477990
19505091
19517079
19521424
19541224
19548677
19554359
19554850
19554899
19558609
19565704
19566103
19566385
19567363
19623364
19627703
19628689
19630834
19630835
19698760
19713461
19757725
19757770
19757797
19757812
19760939
19800052
19800366
19800420
19800548
19801120
19801183
19801723
19801947
19804162
19817751
19818741
19819620
19819627
19827465
19986756
19995189
19995389
19995449
19995623
19997613
20079064
20079184
20097170
20105495
20159841
20175395
20265224
20309988
20385323
20388185
20388465
20432935
20466197
20466200
20466994
20467269
20467501
20467504
20467535
20467576
20468007
20479589
20479979
20488015
20495073
20497833
20540983
20543970
20549543
20568653
20580013
20585773
20654836
20655214
20655253
20655264
20655353
20655399
20655404
20672444
20732282
20732322
20732528
20732592
20732629
20732644
20732646
20732671
20732770
20732805
20780434
20846386
20846523
20914871
20917059
20938244
20945786
20963551
20969471
21024690
21042907
21051013
21051035
21051089
21051099
21056503
21087171
21087226
21087229
21088516
21089356
21089516
21089574
21089837
21090431
21090614
21090617
21090618
21099905
21100895
21115371
21116565
21130680
21131148
21132082
21136619
21141987
21169016
21169442
21174344
21176734
21183928
21191765
21193604
21198549
21198570
21198617
21199092
21199102
21199329
21199619
21199746
21208339
21208355
21208356
21208993
21215883
21319414
21322595
21358525
21359541
21361229
21361268
21361275
21361298
21361825
21361827
21362665
21362746
21362989
21363159
21364340
21364483
21364841
21365019
21365039
21372477
21373249
21373595
21373839
21377079
21382116
21388017
21388147
21388188
21389061
21415195
21470652
21477121
21570276
21572574
21583295
21589806
21751745
21753700
21754755
21755923
21756362
21756583
21758327
21758339
21758412
21758472
21759189
21759408
21759871
21762393
21828918
21828974
21852386
21858528
21889719
21897947
21923736
22074625
22092097
22092214
22118427
22168448
22183203
22189689
22206403
22281151
22289704
22289958
22290003
22312341
22312342
22316107
22329116
22373928
22380424
22381868
22469533
22474125
22474616
22475792
22485862
22494369
22494570
22504521
22528842
22530502
22549683
22575876
22613708
22674672
22692089
22692480
22700890
22703968
22704304
22704305
22705296
22705386
22705408
22744037
22745023
22745273
22745419
22745672
22974114
23004722
23013472
23053718
23054657
23196841
23197502
23298558
23421566
23435829
23461960
23670952
23671191
23687120
23701122
23726603
23727215
23730493
23731637
23737165
23752794
23785554
23873110
23913744
23938579
23938602
24077175
24129740
24166702
24168216
24254950
24265597
24354120
24401821
24403028
24496769
24560857
24561803
24564677
24564939
24565300
24566533
24606410
24643520
24643775
24644879
24648795
24648797
24648799
24648825
24649157
24679643
24828901
24829387
24895288
24897888
24922779
24937420
25035996
25036107
25065556
25081379
25213063
25230695
25259063
25306390
25334662
25343941
25384725
25633204
25634405
25686200
25701581
25724229
25725614
25726583
25812802
25813133
25842925
25954867
26188306
26191364
26263103
26310592
26359619
26396421
26400288
26400355
26406462
26406851
26417407
26417756
26418965
26419063
26423558
26423924
26475913
26476369
26476764
26477085
26477379
26477384
26478328
26478600
26488752
26536320
26537158
26538862
26539969
26540123
26540144
26540168
26540282
26540584
26540725
26542578
26542607
26568194
26594692
26618889
26716943
26720588
26898531
26991719
27190522
27191527
27192312
27192371
27192388
27192779
27199386
27209083
27213146
27228610
27228625
27264389
27267558
27268532
27268624
27269138
27272750
27480085
27480410
27488831
27488934
27510922
27554256
27557362
27637295
27680038
27739046
27767027
27775939
27794918
27795079
27795231
27835331
27835436
27855915
27895510
28080674
28186498
28349937
28362962
28363010
28363035
28363202
28363341
28364908
28365041
28411470
28694416
28840615
28945096
28977207
28977535
28979220
29042260
29042292
29043016
29043110
29043195
29043473
29043628
29050744
29051032
29051096
29051241
29055761
29055840
29055976
29056401
29078364
29132357
29163696
29164036
29164110
29164649
29164815
29213489
29236327
29239913
29289179
29381457
29441906
29666578
29674209
29675515
29675537
29676412
29849856
29928820
29929210
30043756
30120976
30121239
30144890
30146583
30312495
30315281
30319143
30464585
30817756
30820739
30933326
30933331
30933468
30933520
30935131
30939451
30939610
31298618
31334647
31377586
31437710
31444686
31654594
31785451
31905369
32589683
32594792
32717113
32717424
32717709
32718440
32718448
32718667
32718856
32719702
32736146
32896826
32935289
32938516
32938618
32938660
32938688
32939479
32939480
33002232
33002254
33071677
33089243
33089244
33120592
33121314
33121438
33200580
33804080
33819415
33830155
33853214
33854286
33858396
33861866
33875691
33876888
33887255
33900343
33904244
33905767
33908420
33908421
33910293
33910684
33910690
33948587
33949085
33955275
33979462
33982441
33983830
34059745
34061945
34078192
34079829
34103165
34168734
34175179
34200630
34228663
34259988
34291074
34299427
34301744
34307756
34318423
34323780
34327358
34328005
34388379
34392728
34395188
34395189
34418768
34419157
34425412
34429541
34442924
34444368
34447091
34447737
34449104
34450943
34456441
34460418
34470419
34474288
34478997
34479021
34481368
34483029
34485029
34488996
34489351
34490971
34492214
34502250
34506675
34512820
34515393
34519485
34529255
34536948
34548174
34551193
34551320
34552278
34557333
34558754
34568505
34578712
34581281
34582129
34584783
34584849
34586126
34586652
34591547
34593973
34599596
34601460
34601599
34602867
34608794
34610643
34619981
34627542
34627586
34635809
34637010
34639214
34642111
34646975
34648894
34649300
34650083
34653107
34653558
34658560
34659390
34670458
34670915
34673134
34673770
34676425
34707619
34710601
34727849
34748279
34761897
34941145
34996944
35002521
35034707
35053389
35062243
35106622
35110688
35236772
35247389
35254827
35312491
35313884
35435096
35441794
35464560
35499455
35499456
35517514
35538537
35559665
35579756
35580112
35587140
35588092
35612701
35616852
35670517
35676395
36321011
36414549
36481733
36631373
36636668
36662542
36746242
36759452
36768868
36769298
36858034
36862611
36866513
36966718
36968452
36977847
37077131
37092359
37155709
37178564
37413982
37663413
37793871
37797948
37851812
37916340
37992579
38236083
38259632
38372276
38373333
38373482
38374242
38376768
38377262
38378510
38379356
38379506
38380641
38380879
38383224
38383287
38383305
38383593
38383850
38384547
38384713
38384851
38385089
38385145
38385232
38385510
38385671
38385750
38385835
38385896
38385942
38385952
38386259
38386302
38386398
38386592
38388112
38389263
38389319
38389592
38390699
38390888
38391424
38391635
38391993
38392156
38392249
38393139
38393517
38393690
38393767
38393830
38393987
38394297
38394323
38394331
38394415
38394631
38394733
38394795
38395393
38395493
38395931
38396383
38396510
38396535
38396666
38396881
38442314
38446107
38586049
38661528
38662135
38662367
38662536
38663091
38663172
38663561
38663593
38663598
38664024
38664053
38665265
38665510
38665706
38666118
38666397
38666421
38666453
38669797
38711528
38729093
38736789
38741125
38741537
38741775
38741915
38753463
38773062
38794505
38809476
38846231
38924833
38966800
38967025
38967180
38967378
38967608
38967672
38968018
38995614
39008201
39008258
39020465
39020527
39022500
39023939
39025155
39032501
39172781
39413884
39415363
39481161
39487806
39531245
39538237
39596635
39603360
39725954
39726347
39726777
39726908
39728489
39729119
39729185
39729326
39738304
39738431
39738854
40102103
40174893
40241185
40299932
40324043
40324062
40330470
40347281
40399566
40586789
40610547
40610959
40643478
40670052
40671464
40677643
40677901
40678796
40679173
40679657
40679695
40690141
40727272
40752287
40752740
40793022
40811023
40811138
40811143
40811589
40821508
40821895
40900094
40908185
40909354
40909749
40909810
41024765
41144736
41175111
41208682
41211995
41212232
41212309
41223840
41227225
41230163
41231255
41232148
41232467
41232590
41232769
41233270
41233387
41233388
41233605
41233772
41234426
41235579
41250659
41251119
41251120
41422893
41498837
41544103
41544221
41544246
41555531
41558976
41608828
41612322
41619262
41622343
41657617
41725807
41783573
41824169
41848050
41853908
41853971
41858153
41865699
41893448
41996638
41996733
42015586
42023783
42359783
42366358
42411548
42471771
42481198
42481218
42587346
19007
115072
139421
144451
145234
145991
156261
156381
157077
158016
158280
158313
158366
158547
159043
159285
159331
159435
159564
159743
159896
160983
161176
161355
161506
161769
162917
163925
164451
167987
168703
171002
171037
171278
172005
172173
175724
178126
178346
178390
180666
183145
184094
185972
188917
189752
319684
325195
325255
452276
463623
467403
497956
516362
535180
546793
573379
579629
589232
599144
766662
768616
783975
805938
811189
813974
952200
955616
955864
1346581
1566803
1578468
1609408
1612554
1688612
1702520
1702614
1717942
1718723
1758688
1759357
1759364
1759365
1781815
1851189
1894660
1917173
1923985
1936176
1936690
1937199
1939262
1940396
1941043
1942179
1945929
1953753
1958372
1958403
1977226
2037881
2038801
2040291
2044357
2046381
2049400
2075779
2089894
2091426
2094705
2095453
2096641
2100407
2101328
2102026
2102197
2130003
2130209
2135786
2140969
2140977
2148282
2153364
2153385
2154237
2162746
2182659
2183347
2210635
2211660
2339804
2342011
2365732
2419691
2422882
2423489
2423968
2424031
2467203
2467262
2467518
2467903
2468060
2468089
2468103
2468541
2468595
2468705
2469073
2469078
2481902
2623621
2645641
2670895
2672653
2771350
2776281
2776807
2776812
2776872
2782199
2782249
2782375
2783411
2783420
2785381
2787709
2787742
2787827
2787830
2787869
2787870
2787924
2788092
2788094
2788463
2788604
2788607
2796364
2799850
2809787
2810102
2811136
2811483
2833237
2851348
2864660
2946848
2947423
3200300
3201168
3350311
3434625
3444613
3467461
3896407
3922276
3922430
3922432
3922434
3922578
4024391
4028406
4061410
4135945
4199663
4200184
4208588
4237153
4295265
4298363
4298693
4299480
4313127
4328441
4428516
4442346
4522658
4525705
4526233
4529688
4529720
4543141
4543755
4543886
4575264
4575325
4579944
4580570
4587051
4587053
4623264
4635981
4668985
4676572
4676578
4676612
4676648
4676684
4676720
4677085
4677660
4677863
4678176
4703721
4715951
4715956
4716972
4720663
4724360
4731304
4747392
4747880
4747949
4747963
4750989
4753776
4828307
4829977
4852428
4856960
4868780
5008699
5010668
5014493
5082215
5091599
5091712
5091716
5106911
5107047
5107180
5107181
5107229
5137308
5230408
5234798
5309952
5311245
5365824
5420134
5421939
5422248
5422582
5475201
5494929
5507186
5509832
5509871
5520141
5520353
5561786
5563191
5565554
5566569
5567895
5568722
5572264
5631818
5633449
5641734
5644949
5657292
5657345
5659942
5660063
5660082
5660107
5660108
5660368
5660394
5660523
5660726
5662484
5662726
5662749
5662873
5662991
5663023
5663208
5663366
5663411
5663484
5664533
5664606
5666891
5667164
5667654
5667684
5667758
5667799
5667912
5668259
5668261
5668629
5668650
5669512
5669665
5669803
5706524
5710224
5725792
5726016
5726073
5731242
5731244
5731297
5732259
5740635
5744577
5748985
5749175
5749572
5749573
5749590
5750030
5750097
5750098
5750102
5750132
5750337
5750461
5751144
5751586
5751598
5752925
5753214
5753257
5754018
5757827
5761128
5788562
5789414
5791119
5792914
5849454
5849525
5849668
5849778
5850351
5850489
5885874
5896192
5899325
5905971
5944772
5947391
5947514
5949926
5950041
5958990
5959573
6068624
6090612
6221220
6222939
6223344
6223529
6223872
6223962
6285702
6287521
6287698
6291753
6302119
6302796
6302800
6303001
6303002
6356561
6385383
6419341
6419918
6517140
6807428
6890806
6998916
7074845
7127535
7128221
7134887
7266079
7266393
7266800
7266877
7267020
7267200
7273622
7287735
7303392
7313333
7319965
7321635
7331153
7333099
7335533
7335565
7335880
7335973
7360035
7394457
7399517
7403934
7407930
7415507
7415672
7416011
7416493
7416525
7416560
7416573
7416585
7416708
7416724
7417255
7418254
7419266
7423057
7424297
7449416
7456633
7543457
7621651
7699599
7811662
7811908
7913866
7943140
7943211
7943259
7943289
7943453
7979041
7999396
8131088
8146550
8236482
8236722
8237217
8237281
8237316
8237680
8238275
8238797
8239028
8246170
8246759
8247547
8247642
8248594
8248700
8249008
8249139
8249896
8250834
8251155
8252819
8345679
8398478
8398496
8478341
8481532
8491870
8501531
8501580
8584964
8585901
8592147
8659766
8663524
8732859
8733586
8735353
8903754
8906920
8906970
8907183
8907551
8923738
8940718
8957307
8958172
8968170
8968325
8989342
8989400
8989402
8989404
8990071
8990234
9008256
9008682
9015226
9015573
9023173
9023372
9023567
9035392
9038816
9071097
9075478
9075832
9076247
9110604
9149502
9152081
9152192
9197970
9232230
9280464
9280880
9280911
9281117
9294904
9294939
9296566
9297915
9298597
9370232
9370670
9371019
9376627
9393577
9503446
9525191
9556813
9635152
9672164
9734219
9753074
9762703
9763090
9763669
9764592
9768136
9768270
9773050
9774173
9774248
9775846
9776732
9781412
9781446
9833160
9850179
9870392
9903435
9936198
9941572
9959058
9968211
9995705
10051550
10051557
10057512
10064596
10112497
10112950
10119975
10120089
10369640
10384639
10404419
10405069
10405944
10406126
10409817
10410940
10413576
10454237
10475792
10509484
10519141
10583282
10652337
10710472
10710991
10875820
11007830
11013173
11021164
11021560
11021587
11021594
11021819
11031902
11214564
11215173
11237487
11238964
11238976
11247225
11247283
11259019
11259206
11259422
11259464
11259671
11259829
11260299
11260695
11303468
11303566
11563531
11565677
11566823
11711939
11726115
11731445
11736026
11736378
11737845
11737870
11738036
11738211
11738918
11739149
11739324
11739340
11739391
11739430
11739511
11752883
11797128
11797787
11798895
11798912
11798936
11800113
11864169
11925844
12102093
12198852
12261171
12271515
12469103
12469595
12469640
12593278
12593596
12617640
12618541
12618589
12619237
12620259
12621650
12940907
12945813
13090588
13129757
13133400
13134002
13331772
13342829
13363619
13363665
13363809
13364878
13365051
13365435
13365436
13365517
13366150
13366169
13367721
13371271
13375264
13375468
13375643
13375675
13375730
13376700
13377659
13377669
13484005
13484384
13571023
13571074
13572856
13589481
13717217
13717219
13717223
13717232
13717250
13718186
13724112
13725154
13725168
13725212
13845243
13853024
13854883
13866341
13870808
13873068
13962744
13962746
14003316
14004851
14012580
14013234
14128591
14139196
14140949
14146433
14147067
14202671
14203340
14315591
14321054
14390570
14390752
14390844
14390850
14390864
14390956
14390968
14391008
14391047
14391049
14391246
14403422
14457099
14457107
14514355
14629048
14633617
14633901
14634232
14637279
14646109
14748381
14965409
14967231
14967269
15004370
15019135
15019298
15019333
15019820
15022041
15022339
15022819
15022892
15022961
15023029
15025206
15025211
15025438
15025981
15027111
15027437
15027588
15027688
15102264
15178937
15192235
15192356
15192430
15254764
15301608
15440892
15512724
15523783
15595414
15664205
15821580
15902377
16215896
16216783
16217035
16305312
16305343
16305470
16305581
16430615
16506170
16508466
16510252
16512222
16518358
16523761
16526548
16529976
16532391
16532780
16532895
16533142
16533243
16534165
16534166
16535303
16535901
16535922
16536172
16537560
16538195
16539947
16540249
16545428
16546782
16566595
16574635
16574701
16580255
16581108
16582469
16582677
16584041
16584255
16584473
16599121
16633455
16773114
16968344
16972351
16990042
16990047
16990101
16990103
16990118
16990165
16990620
16991368
16991621
16991859
16992072
16992255
16992332
16992683
16992712
16993060
16993256
16993362
16993790
16994062
16994175
16994387
16994530
16994645
16994667
16994975
16995168
16995445
17015348
17020235
17026113
17028420
17029139
17029193
17029636
17030196
17084250
17093825
17093834
17171585
17266034
17325096
17448924
17482098
17519762
17530615
17532812
17536359
17536419
17536867
17563444
17564072
17564381
17565230
17565321
17565491
17565531
17629688
17820011
17946806
17955496
17955659
17964338
17965502
18082964
18096797
18106886
18160146
18331586
18331677
18331882
18392064
18393082
18394985
18431769
18457159
18457257
18484553
18487410
18507892
18508040
18514964
18515306
18516841
18625281
18625303
18651815
18671446
18864244
18864472
18864886
18917234
18918987
18922448
19005642
19006265
19007484
19007682
19010941
19016436
19017825
19018791
19020176
19022665
19023579
19024470
19025388
19025744
19026921
19027071
19027130
19027817
19027982
19028752
19028783
19028784
19036443
19036486
19036880
19038405
19038485
19038500
19042039
19042481
19043678
19044062
19044947
19044959
19045322
19050767
19055128
19055632
19055651
19055783
19055848
19056090
19056092
19057950
19057979
19058030
19106357
19110413
19125094
19169433
19173574
19183216
19183384
19247784
19270148
19270534
19356049
19356310
19357916
19360735
19432275
19433478
19497185
19497485
19531183
19653466
19653703
19653710
19653713
19653813
19653826
19653871
19654515
19657956
19658600
19662435
19682979
19683379
19704285
19751992
19752041
19760602
19763895
19764280
19765282
19765320
20051903
20052490
20138867
20142573
20146481
20146526
20146655
20147600
20301092
20341273
20341332
20343378
20497550
20519152
20667785
20670825
20670836
20670865
20671076
20671178
20696205
20698178
20751623
20755483
20757210
20786598
20787856
20938199
20975369
21078362
21079655
21109134
21128431
21155335
21156192
21156205
21159580
21159731
21161159
21161235
21176714
21177149
21177896
21204201
21306121
21369650
21419411
21420457
21421172
21425373
21445379
21445512
21445756
21446078
21446288
21446439
21447598
21447692
21447784
21450415
21501188
21505496
21505507
21507047
21507239
21507901
21676657
21696316
21696370
21824269
21834457
21970105
21970139
21978884
21982232
21982635
21987586
21988994
21990470
21990535
21990538
22150498
22310664
22354774
22364065
22364066
22364721
22561228
22561229
22807177
22964020
23123674
23123676
23124279
23127380
23129594
23283066
23453709
23454024
23502715
23672293
23673129
23674213
23780765
23791235
23889287
23919285
23957803
23989754
24088023
24089502
24099164
24099975
24100695
24490664
24524854
24527621
24528706
24529710
24556271
24581905
24582614
24584606
24652849
24658543
24704721
24704727
24826622
24826996
24830487
24831025
24831323
24832548
24832641
24837649
24837769
24873714
24907513
24908504
24908506
24908620
24908659
24908769
24909005
24909212
24910502
24910503
24910560
24910717
24911040
24912350
24913821
24913924
24913972
24917192
24917302
24918146
25166938
25166939
25406629
25407394
25407825
25516848
25588134
25662125
25783973
25896842
25897507
25924004
25928418
26395106
26396278
26396403
26396411
26396473
26396520
26396529
26543967
26546629
26606270
26615620
26616128
26617259
26617461
26618747
26618755
26618799
26758354
26781429
26841854
26898883
27057041
27057044
27088811
27119585
27308267
27370656
27380063
27381694
27381952
27382136
27382138
27382382
27384616
27459025
27469514
27487263
27487449
27489390
27508564
27522594
27547134
27547150
27562884
27576513
27580988
27647064
27647084
27647252
27704232
27736542
27746095
27747418
27809803
27810963
27822284
27822426
27824955
27830197
27833134
27833872
27833957
27840108
27973933
27975528
27978720
27978790
27984764
28188338
28299013
28340516
28345432
28468035
28468232
28473748
28491914
28494709
28527669
28595338
28595379
28595801
28596367
28596705
28597382
28599856
28740045
28845626
29103965
29240966
29240987
29284848
29284908
29380197
29382070
29382175
29382357
29383299
29383300
29383446
29384390
29439187
29495282
29649962
29748382
29840102
29842364
29842497
29843066
29843199
29843662
29843753
29843887
29844217
29900690
29901606
29901728
29901950
29903124
29904370
29914901
30071894
30229407
30229479
30229531
30229532
30230549
30231585
30232168
30232269
30232272
30232321
30232402
30232934
30232943
30233013
30233037
30233117
30245114
30245347
30245477
30245771
30245940
30257123
30314761
30387241
30421108
30427794
30428048
30440298
30627213
30670389
30670674
30670676
30670680
30695211
30695932
30696975
30701617
30701854
30704220
30704811
30705325
30706050
30749658
30750253
30750972
30751670
30779077
30805068
30811778
30816370
30817166
30817273
30817283
30832702
30836967
30956744
30956829
31254366
31284697
31287392
31402236
31435744
31439733
31439810
31472209
31537471
31537508
31601556
31602379
31602385
31602432
31626737
31626902
31629412
31644978
31645980
31648007
31655709
31757577
31998363
32017057
32021552
32021935
32021947
32025729
32036403
32038533
32039089
32039472
32047469
32047474
32051265
32051521
32052267
32081133
32090488
32091923
32092543
32098127
32098160
32098167
32098254
32098457
32098941
32099145
32099303
32099352
32099374
32099528
32099532
32099549
32099786
32102877
32103386
32104497
32107623
32107734
32109426
32111154
32112122
32113524
32115378
32115657
32116970
32119282
32120374
32120458
32128025
32128791
32129265
32129561
32129563
32130206
32130857
32134073
32134402
32134697
32134702
32135202
32135621
32135637
32135665
32135667
32135675
32136095
32140942
32141593
32145663
32145671
32145676
32146825
32149103
32149252
32151514
32152342
32154345
32154394
32154585
32154586
32154895
32155089
32155229
32155537
32156151
32157026
32157554
32157589
32157620
32157696
32165803
32166759
32169009
32169366
32178421
32179877
32180286
32181032
32182300
32182449
32343513
32452096
32452274
32452280
32455311
32455444
32455452
32455508
32455511
32457416
32457655
32458744
32458751
32458948
32466146
32466147
32466772
32503778
32548582
32548787
32635102
32639080
32639081
32645751
32658912
32658957
32659035
32659419
32704380
32712789
32718621
32726822
32767368
32769553
32771377
32774869
32774870
32774879
32880807
32904454
32905837
32914865
32919144
32941096
33208189
33219107
33269407
33285767
33331286
33331798
33332399
33332468
33390142
33415775
33627573
33779263
33793697
33793713
33793733
33794406
33794890
33794914
33796065
33823570
33831138
33855973
33896498
33912363
34020549
34105295
34105811
34113874
34114379
34114388
34216115
34216262
34223948
34224707
34277113
34343578
34346893
34351723
34352089
34453324
34491024
34561849
34562564
34562567
34567995
34887734
34887743
34953857
35016159
35046297
35092250
35092295
35092910
35092956
35093343
35093479
35094247
35205812
35243639
35272353
35308605
35309144
35309357
35309655
35348420
35351424
35378339
35386148
35388530
35536567
35536736
35537549
35537700
35602016
35606801
35606807
35611199
35633009
35633387
35726447
35728535
35729101
35731066
35731390
35732176
35732725
35733249
35733642
35734278
35740763
35776402
35776406
35816648
35816689
35818330
35821450
35823657
35842569
35854234
35936743
36230020
36282367
36294465
36304494
36310160
36497491
36497892
36498308
37287052
38698673
38701177
38852651
38853170
38854781
38854987
38855121
38858068
38860087
38861377
38863466
38864100
38864375
38864755
38865477
38865666
38865852
38866511
38866942
38867181
38867645
38867995
38873488
38874244
38875667
38877996
38878868
38879041
38879290
38879726
39221814
39221815
39230570
39230591
39232152
39234046
39379286
39932736
39939461
39988508
40030283
40044461
40172433
40177608
40305181
40314511
40315138
40697783
40698296
40715470
40715620
40715798
40716637
40716705
40717128
40717784
40718273
40718738
40718856
40718996
40719059
40719119
40719125
40719169
40720387
40720616
40720653
40721222
40721565
40721694
40721743
40721814
40721880
40722714
40722816
40722958
40722973
40723075
40724057
40724253
40724324
40725321
40725327
40725825
40725907
40725934
40727790
40727821
40727871
40729405
40730800
40730811
40730839
40731691
40732004
40732101
40732124
40732456
40732814
40732962
40732964
40732972
40733186
40733383
40733393
40735147
40735893
40736724
40737072
40738627
40738647
40738937
40739268
40740354
40740958
40741562
40741602
40741606
40742120
40743500
40743592
40744820
40745370
40745758
40746429
40747872
40769865
40769892
40771026
40771208
40771419
40773518
40773697
40774024
40774259
40774441
40775026
40775103
40777319
40777336
40777949
40777961
40778228
40778277
40778626
40781018
40781023
40795967
40795982
40834408
40834622
40834623
40834804
40834866
40834886
41005701
41008042
41034693
41054836
41054977
41069996
41074963
41103398
41157388
41171924
41171963
41172597
41172881
41174961
41175083
41179040
41180389
41182903
41183018
41184044
41184359
41184432
41190416
41242635
41242966
41244074
41244333
41245267
41245447
41245544
41246145
41246748
41250088
41250407
41254491
41262428
41263301
41263434
41264572
41267115
41267474
41269522
41269654
41269797
41269820
41269871
41270780
41270796
41271077
41272284
41273139
41273145
41273362
41274012
41291651
41292683
41293805
41294622
41295749
41296662
41297256
41297526
41297710
41297797
41297827
41297948
41299556
41559664
41620220
41622640
41656555
41717602
41790378
41908645
41993974
42121446
42242801
42356886
42357164
42357316
42446193
42660781
42708757
42709590
42709849
42710170
42710624
42712906
42722459
42722910
42723911
42725263
42725931
42729730
42729956
42733425
42735044
42778149
42796660
42800412
42838823
42838839
42838853
42875357
42883966
42892122
42893343
42894697
42895675
42896454
42896849
42898640
42898946
42901761
42902452
42902921
42905271
42905811
42905812
42905815
42906501
42910947
42913242
42913452
42913918
42916027
42916706
42916916
42917099
42917238
42917268
42917490
42918232
42918560
42977911
43013100
43075789
43075828
43075945
43076125
43076369
43076396
43076455
43076500
43077095
43077165
43077394
43077849
43078082
43078357
43078677
43078972
43081241
43081249
43081252
43081257
43081267
43081361
43082262
43082264
43082289
43082292
43082539
43082675
43082734
43082768
43083126
43083694
43084021
43084055
43084450
43084521
43084615
43084980
43085529
43085687
43086435
43086783
43086791
43086797
43086817
43087832
43088030
43088305
43088607
43089179
43089215
43089227
43089325
43089392
43089570
43089577
43089959
43089992
43090490
43090524
43090783
43090871
43090984
43091128
43091361
43091362
43091649
43126783
43135378
43135856
43136550
43138058
43139141
43139421
43140572
43146278
43148043
43148092
43148096
43153868
43153986
43155863
43157131
43158587
43158767
43160453
43179035
43179622
43201897
43238027
43251190
43251211
43325447
43325818
43331267
43340302
43344451
43352040
43353574
43356746
43356985
43357395
43358133
43358243
43358503
43358949
43360791
43362760
43363366
43377008
43378686
43378805
43379086
43381696
43383870
43399971
43400441
43438779
43446145
43446149
43464186
43464187
43516746
43536228
43553194
43567172
43575297
43590700
43629726
43651104
43711033
43718521
43761155
43834405
44117936
6254
268924
342513
507901
508977
549659
697045
754903
758562
759224
759442
759718
764509
788038
789881
803875
834646
834686
906271
907565
985625
992738
993460
994663
994757
996472
997949
998222
999917
1004881
1006880
1147486
1189366
1191312
1191572
1200632
1260059
1279179
1323110
1333582
1353911
1530599
1530686
1531067
1531078
1537409
1645287
1860031
1860050
1860266
1860524
1860556
1861178
1861289
1861952
1862012
1917608
2146906
2148735
2228633
2230781
2231417
2231513
2297990
2364673
2364910
2579766
2580507
2580650
2580681
2580730
2588371
2589768
2663084
2964132
3040917
3048222
3085238
3086037
3087032
3087071
3087081
3087164
3088508
3090539
3092637
3093018
3093498
3145270
3145321
3145857
3146053
3157141
3159193
3159198
3159199
3159410
3160154
3173155
3173545
3182393
3182447
3294981
3299711
3301556
3315527
3345951
3356771
3621984
3669396
3670414
3670474
3752303
3804295
3805060
3918312
3921781
4015555
4024543
4094121
4095700
4095815
4095854
4170185
4170500
4170510
4170523
4170527
4170544
4170549
4173036
4173355
4173974
4297232
4303965
4366092
4368021
4369531
4376373
4478085
4478111
4478214
4478234
4478241
4478334
4507940
4536370
4538124
4544708
4608169
4609378
4839953
4866485
4866546
4866934
4867086
4867098
4868543
4868617
4868696
4868707
4869181
4869286
4869375
4869416
4869461
4869468
4869494
4869585
4869686
4884989
4885537
4885927
4888709
4888911
4889011
4889168
4889301
4890604
4892342
4996106
4996296
4996313
4996318
4996368
4996372
4996390
4996451
4996476
4996477
4996482
4996539
5228121
5229680
5229790
5239213
5239887
5239949
5242093
5245928
5618769
5619442
5619696
5620015
5620261
5622248
5622961
5623954
5625204
5625495
5625557
5625834
5627706
5627721
5702921
5721926
5844378
5953735
5968705
6179984
6271490
6271845
6288393
6389704
6390223
6390883
6392036
6392823
6392831
6393656
6393670
6393916
6394313
6394464
6394469
6394475
6394875
6416871
6449141
6493807
6494409
6494733
6494814
6496614
6497273
6500429
6516179
6609392
6906146
6906159
6906403
6906576
6906693
7061386
7098638
7099076
7100918
7119644
7218283
7341664
7341758
7341896
7341905
7341918
7342076
7530042
7549957
7550139
7601004
7680049
7737132
8029724
8029895
8033271
8035416
8038157
8405787
8408819
8409064
8434854
8435960
8436308
8436438
8436623
8436628
8437228
8437443
8437504
8526882
8527574
8527955
8527962
8603370
8603401
8603440
8603907
8604125
8604173
8604254
8604377
8618563
8618644
8632758
8634212
8680992
8696427
8706488
8717823
8759846
8761714
8762561
8788657
8807026
8807041
8807209
8819187
8838036
8855954
8888372
8917300
9041048
9320452
9337300
9426483
9428129
9428136
9612547
9703629
9704131
9704621
9704623
9865861
9867036
9867286
9867320
9873550
9879946
9916692
9917295
9936364
9937480
9940812
9949519
9953191
9969097
10007529
10007694
10008368
10021868
10022916
10023168
10023351
10023711
10024469
10024531
10024682
10025044
10025230
10025265
10025296
10025593
10026052
10026596
10029045
10029686
10032963
10051299
10115467
10252639
10252651
10252707
10290757
10294618
10294730
10294864
10294993
10295236
10295333
10296035
10296555
10297470
10381647
10398457
10576843
10683856
10685950
10901701
10906089
10928799
10934891
10936397
10948187
11108794
11112663
11225554
11254716
11257182
11257463
11257632
11258050
11258210
11258317
11484178
11715455
11715624
11717608
11730060
11735111
11751086
11758146
11825851
11832353
11832999
11833429
11833442
11833854
11834264
11834383
11834734
11834927
11848023
11848550
11848951
11849218
11849471
11851211
11856277
11860396
12010204
12144433
12189981
12191190
12191252
12201317
12204839
12207452
12209689
12213574
12214067
12214661
12332301
12346284
12357273
12404323
12432823
12437291
12440617
12445557
12469435
12470090
12470754
12475598
12475818
12476650
12476842
12477353
12477511
12484992
12486599
12488428
12489476
12490780
12523807
12543532
12558016
12558332
12563806
12563847
12587602
12675582
12675756
12684215
12712148
12789571
12884933
12958479
12959289
12996867
12997937
12998557
13000078
13000403
13000655
13002005
13002658
13002659
13003154
13003284
13004862
13201114
13201712
13202304
13202623
13246188
13318887
13436000
13436357
13465918
13466603
13466763
13466807
13467267
13470978
13471410
13471557
13512369
13536671
13537644
13715352
13716888
13718370
13923962
13944474
14121874
14122167
14122816
14160542
14237928
14246498
14247374
14286472
14318769
14327311
14362652
14363518
14395192
14475601
14491521
14550669
14640758
14649018
14650119
14720696
14770106
14771019
14772129
14772400
14772452
14808779
15168844
15170675
15171280
15171525
15182494
15182601
15182613
15183664
15184011
15244787
15272055
15398958
15399711
15399910
15406517
15412395
15412770
15513388
15531726
15560369
15562309
15630559
15726934
15735431
15745737
15762071
15788071
15901680
15999961
16008601
16008649
16009454
16009550
16010069
16010639
16014119
16014125
16014138
16014910
16020475
16020634
16020703
16021306
16021439
16021506
16021577
16022335
16022339
16022879
16027555
16048752
16049150
16080760
16091677
16091731
16091883
16119888
16120449
16121382
16123684
16124592
16126654
16136740
16169964
16194193
16194383
16194595
16195222
16195972
16201717
16209247
16209698
16209714
16210054
16210139
16212427
16219065
16235112
16237185
16238797
16243232
16243649
16243697
16244487
16244758
16249296
16276869
16277680
16277713
16294359
16300082
16319432
16320674
16323779
16338810
16343884
16361185
16380008
16380268
16381131
16389504
16389623
16391397
16391587
16423621
16430728
16434846
16437050
16453899
16463985
16468582
16469770
16470197
16470201
16508577
16520918
16521190
16521211
16537548
16542352
16598635
16671642
16671731
16671824
16672043
16672069
16673194
16674900
16676006
16676057
16676094
16680117
16775945
16785279
16795364
16796152
16997146
17001985
17120273
17120298
17120692
17120989
17121635
17121718
17122613
17124212
17124732
17125219
17127273
17127778
17127844
17127929
17307116
17318734
17323659
17326393
17424127
17445057
17448671
17488876
17506855
17538498
17538706
17538845
17539009
17578188
17614732
17669001
17715033
17788424
17797653
17799879
17809494
17811549
17812510
17814751
17818032
17829349
17840370
17849761
17859592
17898389
17915056
18007336
18007732
18007733
18007741
18030609
18038846
18040185
18040340
18106905
18132867
18254926
18280932
18475434
18475680
18660779
18661015
18661153
18661613
18662193
18663886
18667858
18668297
18689459
18736609
18736614
18847025
18967127
18974160
18974963
18975431
18976212
18976223
18976380
19000225
19004260
19010363
19016260
19016338
19086659
19088610
19088622
19088696
19088858
19418577
19517226
19708337
19716938
19761601
19765106
19772106
19783766
19807609
19807702
19807927
19808090
19808230
19814725
19822785
19823697
19823775
19823955
19826406
19826969
19827103
19827836
19828207
19830197
19830653
19833510
19848951
19874797
19875555
19908755
19909660
19921791
20008583
20008923
20123321
20131061
20152333
20155966
20159717
20280511
20342871
20474776
20474831
20479780
20619055
20619121
20802511
20823083
20823117
20823147
20823558
20823819
20824286
20851574
20852037
20862199
20906967
21001255
21055113
21070485
21072899
21073264
21079869
21080005
21081974
21084031
21085562
21088789
21088986
21088995
21089241
21089342
21089471
21089686
21089687
21089753
21089835
21089899
21090174
21091157
21091334
21091599
21091926
21092058
21092415
21092462
21111577
21111862
21111896
21112060
21127369
21127635
21229774
21232826
21241899
21247553
21252153
21252963
21253067
21253092
21253571
21270473
21311122
21311505
21312115
21313000
21313561
21361132
21397648
21460666
21524341
21602585
21632896
21741899
21853187
21856568
21858004
21858272
21859182
21859388
21859574
21895916
21907969
21916800
21916885
21917051
21917260
22001465
22001499
22036907
22037724
22051317
22063056
22079482
22134291
22168379
22271116
22316439
22321062
22321381
22321863
22334047
22334084
22340073
22370955
22420096
22695488
22777944
22798306
22806251
22891163
22893115
22893680
22896056
22899536
22899824
22901809
22901888
22908131
22910419
22910821
22912089
22912752
22912791
22919935
22923792
22925545
22966300
22966869
22967188
22974107
23007624
23010890
23011164
23019408
23019980
23022722
23023680
23032188
23032418
23032554
23032557
23032616
23033138
23033529
23033545
23035140
23035259
23035703
23036064
23037180
23040341
23042287
23042743
23043196
23043205
23043634
23048400
23048555
23048671
23048786
23048827
23049168
23049763
23049844
23050158
23050219
23050465
23051057
23056358
23056553
23057358
23058025
23059136
23059171
23152275
23152983
23159727
23170690
23194198
23255510
23444660
23454964
23627223
23633970
23689549
23763324
23803066
23842909
23854277
23863214
23868870
23869313
23869664
23870654
23870859
23871260
23871394
23871980
23872676
23872763
23874031
23875998
23886090
23920843
23940374
23956013
23960518
23967742
24000523
24001131
24001514
24001624
24159535
24239725
24336435
24383462
24420843
24498710
24565139
24567944
24568187
24568341
24578058
24578402
24578427
24578666
24583303
24653258
24661999
24707728
24741542
24781896
24900300
24900398
24902167
24902311
25009454
25170432
25248805
25250063
25255899
25257192
25257555
25339759
25347487
25347603
25384426
25387159
25388405
25389477
25389817
25394141
25409652
25409872
25413141
25430168
25430181
25430222
25435751
25439080
25497516
25540124
25541382
25667279
25714450
25720964
25721085
25767654
25793620
25886005
25996476
25997407
25997480
26021747
26076920
26077139
26091573
26236005
26317365
26317393
26361318
26383702
26525237
26543188
26610987
26624540
26677196
26677379
26775276
26777442
26803476
26803531
26826157
26834210
26834255
26847623
26847936
26848078
26848552
26848582
26861273
26892530
26893871
26898705
26911709
26997985
27013834
27052910
27054541
27058154
27059797
27059895
27060360
27075793
27076111
27198929
27237523
27239276
27240866
27241038
27241140
27242325
27242718
27247482
27247579
27247594
27247740
27247830
27247844
27247884
27248071
27248560
27306850
27437963
27451325
27549149
27556907
27561059
27577864
27584611
27660228
27666600
27666621
27666676
27666770
27666987
27667030
27667196
27669880
27670027
27670211
27670440
27713022
27749398
27749444
27752800
27754495
27755398
27756872
27757013
27760414
27789186
27824916
27824964
27825870
27827367
27827379
27856565
27856798
27856803
27887669
27899105
27900905
27915160
27919416
27961856
27962099
27962104
27962111
27962138
27962156
27962160
27962176
27962268
27964384
27966139
27966711
27972485
27973542
27977087
27997403
28006788
28006794
28082750
28096801
28096832
28096922
28097403
28237294
28249710
28305718
28374613
28374778
28374856
28375122
28375159
28375252
28375314
28375733
28375905
28376201
28376271
28376294
28376899
28376920
28377008
28377127
28377601
28382605
28394188
28627134
28635464
28655977
28669387
28683844
28687679
28688071
28692953
28745708
28746881
28749070
28754768
28769029
28783197
28814737
28817172
28825271
28825836
28825839
28889353
28919690
28922368
28941407
28942335
28942448
28942490
28942817
28942820
28942882
28942898
28942984
28942988
28944192
28944346
28950245
28950432
28950478
28950530
28950547
28950757
28950773
28950793
28951347
28951758
28951897
28952636
28978342
28989777
28990497
28990599
28990808
28991060
28991133
29020062
29051779
29051780
29108303
29115533
29116147
29122532
29122587
29122682
29125658
29126132
29126162
29179823
29195836
29228382
29232638
29239244
29245874
29250759
29250954
29250970
29251038
29251114
29279669
29288391
29309353
29368738
29370621
29379654
29379839
29385468
29391266
29391304
29392284
29392299
29392361
29392530
29392602
29392684
29392815
29392818
29393158
29393165
29393187
29408306
29411372
29411467
29438377
29462575
29462686
29493824
29540339
29553375
29691260
29789761
29815506
29815643
29817019
29820845
29824012
29824196
29824197
29824351
29826327
29865957
29867305
29933464
30007948
30017158
30017212
30266375
30279459
30361517
30379209
30380833
30385228
30390364
30391595
30493802
30506361
30516532
30516749
30532184
30533250
30533723
30542440
30545588
30546672
30556961
30559271
30559292
30561994
30623162
30663146
30722100
30743223
30756749
30756955
30757571
30757583
30757673
30758194
30758195
30758819
30759661
30760106
30775295
30825598
30831240
30868253
30870365
30870516
30871518
30871523
30871725
30875329
30876640
30901265
30901596
30903603
30903730
30910346
30911980
30912541
30923024
30927591
30949508
31018750
31019436
31030868
31031540
31031998
31032967
31034554
31035447
31044262
31055300
31136061
31162886
31174345
31174695
31175038
31186026
31219093
31248926
31251020
31253963
31254714
31255427
31255435
31255669
31255672
31300368
31300862
31301051
31301097
31325259
31335399
31398728
31431701
31436012
31436536
31436878
31437333
31437461
31437699
31437761
31438343
31442071
31502700
31509168
31509277
31509653
31510273
31511374
31512978
31539259
31677917
31714889
31714928
31747037
31946894
31948251
31948516
31982491
32004782
32005555
32011263
32011266
32028889
32029263
32029273
32029326
32029430
32029435
32029560
32039877
32060199
32063654
32093175
32117787
32143025
32157355
32235639
32261467
32263958
32307972
32308009
32377241
32393492
32394182
32394183
32394202
32398666
32415896
32416163
32416439
32426874
32448329
32546953
32546959
32561754
32571973
32667292
32696985
32704982
32712465
32715167
32716746
32717116
32720797
32721042
32724342
32732581
32734042
32734093
32736285
32739631
32739738
32739794
32740305
32744319
32762622
32824637
32837754
32864617
32876729
32887892
32907397
32907438
32907439
32917359
32917633
32917885
32920849
32922965
32969838
32990690
33005700
33033240
33034722
33034969
33035167
33035170
33035964
33035970
33036035
33036106
33036296
33036909
33039810
33040062
33040063
33040186
33075793
33079359
33079474
33088383
33094422
33095688
33100687
33163344
33243773
33246207
33247444
33338834
33389954
33391448
33448569
33501455
33514678
33515449
33515504
33516106
33539610
33539612
33565010
33591639
33592997
33631200
33631365
33631803
33633350
33633447
33633535
33633543
33633606
33635474
33646223
33673304
33705217
33705455
33705565
33705637
33724883
33724960
33755536
33756106
33791782
33795602
33795672
33795748
33795765
33795836
33796260
33796307
33798096
33798339
33798561
33798826
33799311
33803732
33809220
33813015
33824622
33838533
33880658
33885883
33900914
33906140
33920747
33946434
34068055
34070445
34102219
34102277
34102278
34102426
34103076
34105783
34122671
34122678
34122823
34123010
34123015
34123019
34126471
34126924
34127196
34127236
34127400
34127410
34127459
34128184
34128239
34128248
34128415
34128546
34150234
34164975
34190796
34190832
34190911
34191675
34191860
34194897
34194915
34196309
34271488
34274045
34311566
34332587
34337673
34341440
34356029
34439970
34440002
34440217
34440221
34440256
34440366
34441507
34442599
34478314
34479084
34479311
34479322
34479593
34479597
34485605
34486019
34557664
34557669
34564998
34566396
34567300
34589583
34589714
34669248
34679536
34680403
34688087
34688135
34688138
34688204
34689431
34689804
34689999
34690029
34690321
34690335
34690447
34692117
34693005
34693125
34693463
34693630
34694838
34694875
34705794
34729625
34731774
34731973
34732162
34732233
34733856
34733980
34734008
34734021
34734280
34751156
34763301
34967381
34970201
34975307
34975309
34980368
34983811
35094541
35104852
35110857
35112699
35114895
35115549
35151793
35152618
35152879
35153307
35154112
35155489
35157267
35220092
35220696
35372651
35378832
35380121
35569065
35582438
35583976
35718298
35719306
35720051
35720848
35720936
35721443
35723290
35723640
35726746
35727313
35727315
35727806
35728578
35728585
35729908
35731223
35731256
35731365
35734233
35735127
35735925
35743075
35748855
35782458
35793210
35816924
35901679
35955276
36003242
36113254
36339278
36348385
36350241
36350459
36351891
36500108
36935298
37267659
37405914
37421998
37444082
37451015
37497191
37723825
37727593
37728487
37731109
37734883
37738115
37743342
37770368
37781256
37961878
38083936
38104703
38180011
38185085
38295414
38386275
38476783
38481493
38552861
38554749
38554833
38555607
38556266
38557987
38560184
38560196
38561138
38561228
38561270
38561314
38561801
38561870
38564321
38565532
38567376
38567938
38568105
38568122
38573398
38573447
38574684
38638429
38707871
38707876
38732291
38752116
38765721
38839446
38844773
38858907
38981034
38985013
39020616
39037255
39064692
39074738
39094056
39096799
39223807
39354008
39403764
39405000
39443551
39448238
39451984
39455785
39476911
39548592
39564285
39565296
39567378
39567578
39571618
39722320
39731179
39731198
39731370
39732973
39894181
39935842
39968682
39998901
40003626
40004165
40037618
40106296
40106343
40113989
40137256
40144231
40144619
40155041
40155096
40274513
40294544
40294561
40301836
40301909
40301910
40301913
40301997
40337408
40341202
40396873
40402029
40402293
40409568
40434064
40436156
40449203
40452502
40452531
40452893
40452909
40453199
40477864
40477969
40478359
40478710
40485092
40539391
40544555
40545673
40551288
40551413
40553019
40601995
40602471
40655658
40665049
40667474
40683353
40685770
40686077
40688095
40688197
40688600
40688774
40696969
40698044
40719206
40727565
40727571
40739895
40756750
40757218
40757256
40757311
40759415
40765235
40779336
40779337
40784218
40785384
40787760
40806140
40821488
40822835
40864181
40865672
40867421
40869168
40876939
40882637
40882735
40897813
40899988
40922047
40922205
40933052
40951874
40955622
40955639
40955896
40988365
40995061
40997251
40998904
40999383
40999678
41003593
41007511
41009111
41009348
41015036
41015781
41015831
41016525
41019122
41022782
41024125
41027181
41030967
41033779
41072958
41082261
41084314
41087507
41098971
41107265
41152732
41153864
41185851
41185873
41186967
41186983
41206537
41206540
41210257
41238347
41271559
41280063
41284804
41285314
41286585
41286941
41286994
41287139
41287339
41287360
41288477
41288860
41289173
41289232
41289417
41289693
41289947
41290116
41290119
41290158
41290313
41290324
41290337
41292510
41293205
41293329
41293696
41293727
41294587
41313175
41313282
41313284
41313831
41314210
41315264
41337356
41337378
41338862
41354467
41357464
41386752
41388108
41390504
41390508
41390579
41390776
41390945
41391772
41398088
41422918
41423006
41423012
41423262
41467700
41474295
41477210
41490354
41491299
41491465
41498429
41501243
41502324
41505874
41506567
41510653
41510934
41510941
41510987
41511088
41511173
41511490
41511491
41511509
41511611
41511613
41514172
41520429
41543189
41544013
41544690
41545838
41547720
41554638
41555222
41556571
41556586
41556678
41558384
41558545
41558575
41558715
41558936
41558997
41559117
41559439
41565770
41565831
41567561
41568532
41568576
41568590
41568631
41568632
41568731
41570101
41570475
41578055
41585780
41585909
41585945
41586032
41586049
41586769
41586877
41587133
41594645
41594758
41594770
41594808
41594819
41597539
41597657
41598622
41598670
41598804
41599076
41611232
41611298
41612172
41631093
41644926
41656679
41659605
41659606
41672781
41672805
41675063
41675926
41706096
41706125
41709206
41709285
41709471
41709480
41709676
41709765
41709886
41710124
41710192
41710198
41710327
41712984
41721425
41722013
41729810
41748973
41761209
41761757
41762695
41818099
41835621
41887211
41927152
41928873
41929729
41929749
41929766
41929809
41929878
41930192
41930315
41940717
41940777
41941707
41941736
41954677
41956545
41956849
41956932
41957065
41957094
41957619
41957664
41957743
41965992
41966049
41984020
41999206
42000904
42001007
42001037
42001109
42001165
42001187
42002415
42003140
42010880
42014389
42014638
42020634
42021192
42022324
42023518
42033559
42034554
42034759
42036760
42043091
42124542
42124752
42147788
42198639
42199191
42199201
42199212
42199296
42199375
42200264
42200517
42201690
42201950
42202038
42202094
42202211
42214633
42214707
42214720
42245640
42271549
42280799
42437047
42441787
42441795
42442630
42447368
42449784
42459395
42470448
42477449
42495078
42499935
42532116
42532330
42567663
42568554
42568642
42591842
42597211
42617996
42619125
42627776
42628729
42629200
42665080
42707235
42743580
42774139
42796950
42796980
42796991
42837541
42839579
42856577
42856944
42857398
42857517
42857944
42858454
42864667
42904956
42927352
42939737
42972595
43098709
43098896
43327475
43327999
43328924
43452025
43501399
43501644
43645302
43727924
43727925
43741052
43831536
43840109
43840886
43863845
43896094
43899262
43917648
43917743
43918059
43918151
43918226
43920591
43932331
43955315
43957850
43958762
43958907
43959378
43960319
43960396
43961117
43961361
43961625
43964295
43971441
43972099
43972288
43972404
43972441
43973313
43973436
43973440
43981717
43982697
43989124
43989508
43994446
43997600
44009858
44010185
44010212
44010658
44011478
44011575
44028682
44028691
44051996
44058358
44093623
44117543
44185367
44186161
44186194
44204216
44244035
44244164
44244231
44244512
44376062
44406365
44672205
44673645
44674250
44742106
44757521
44757736
44758346
44766807
44770072
44802578
45052658
45180074
45180210
45195918
45196364
45291898
45291900
45292264
45292501
45295820
45334636
45334657
45475849
45552477
45584743
45590259
45590305
45590308
45590522
45590665
45596945
45794387
45814432
45856014
45862020
45875607
45881072
45882625
45942578
45971258
45971290
45973146
45973260
45980407
45980547
45982356
45983653
45985575
46007959
46024436
46091463
46152434
46152677
46153111
46154173
46165624
46167516
46212432
46213217
46218441
46219627
46219896
46221263
46221859
46246615
46283629
46284406
46284574
46284623
46284642
46309207
46363369
46364218
46374471
46422328
46424154
46428624
46429656
46430108
46430280
46430897
46431345
46431536
46433117
46441337
46441338
46441813
46442072
46442395
46459175
46460566
46627769
46628441
46628660
46632227
46635191
46635531
46636052
46667152
46727183
46727612
46779771
46782812
46797022
46800398
46801057
46801190
46802087
46816753
46862356
46877312
46878262
46878385
46878549
46879297
46879382
46879526
46879538
46879638
46879965
46880179
46880246
46880385
46880391
46881483
46895592
46895629
46895690
46896081
46896124
46896128
46896149
46898430
46901518
46904899
46907176
46907185
46907486
46907487
46907726
46910299
46910376
46910469
46911380
46911420
46911625
46911688
46911742
46911744
46911746
46911778
46913678
46913764
46915486
46916482
46936134
46961228
46990985
47121233
47121278
47121335
47147275
47147946
47148319
47148882
47149105
47151579
47151982
47152139
47181466
47183712
47183826
47270718
47270811
47279385
47298121
47380755
47432463
47453599
47538344
47558291
47568100
47674968
47687466
47708371
47714704
47720260
47739763
47764545
47796248
47812267
47820892
47854289
47854386
47854392
47929237
47935696
47950939
47952038
47954495
48024748
48025990
48076687
48106403
48186682
48190829
48191319
48208406
48219695
48279071
48345487
48370883
48370885
48370985
48373271
48442211
48472277
48494640
48494900
48495007
48505959
48506127
48510677
48541806
48718562
48721741
48750815
48757715
48761147
48862206
48889017
48900847
48916937
48924220
48967659
48967703
48969137
48971108
48971207
48971358
48971359
48971387
48971420
48971441
48971522
48971541
48971734
48971752
48971789
48973003
49146638
49149479
49156476
49165483
49209671
49231862
49242970
49243096
49243166
49243239
49243399
49243401
49243403
49243432
49243482
49243515
49243541
49243568
49243659
49243665
49243682
49243777
49243941
49243999
49244011
49244015
49244023
49244024
49244045
49244059
49244060
49244062
49244077
49244118
49244121
49244151
49244161
49244171
49244173
49244217
49244438
49244487
49244561
49244567
49244798
49245223
49245239
49245275
49245276
49245591
49245607
49360534
49403133
49403136
49424126
49424128
49424673
49424676
49424687
49424776
49495668
49495676
49495700
49510413
49533521
49617380
49663384
49663592
49663665
49663951
49664109
49664139
49665461
49665552
49671712
49674163
49688823
49690255
49690784
49701721
49748496
49749066
49749097
49749099
49750606
49750611
49754063
49754102
49761412
49764089
49765513
49785301
49810666
49832753
49833004
49861613
49873650
49916646
49916682
49928899
49928900
49942736
49951204
49951416
50010398
50010413
50010440
50010466
50010574
50010623
50025435
50064750
50064950
50065017
50065685
50065697
50083417
50084852
50147505
50147773
50147929
50147976
50191688
50240334
50243133
50243392
50243417
50243932
50243933
50243974
50283676
50284044
50317515
50436890
50438059
50630504
50653047
50676149
50732791
50733420
50851941
50853666
51068539
51068626
51150169
51151619
51303872
51376074
51419969
51464515
51574581
51574926
51642064
51767631
51767689
51915216
51915493
51962651
51966360
51966642
51999922
52139102
52139533
52178754
52199775
52226752
52228407
52229314
52229883
52230616
52230617
52231433
52231446
52231464
52233208
52397936
52397944
52460805
52545063
52545349
52640826
52651744
52655191
52663705
52664690
52734146
52734265
52734456
52742632
52743013
52743017
52743045
52743099
52743171
52743181
52743189
52743436
52743526
52744213
52744253
52764835
52842022
52842448
52855611
52860937
52875552
52886058
52886075
52886328
52886423
52888070
52888189
52888203
52895898
52896120
52896175
52896410
52898845
52898866
52898869
52898887
52899132
52899283
52899654
52899664
52899765
52899850
52900660
52900678
52900950
52901392
52901424
52901661
52902094
52903237
52903744
52904151
52905651
52905777
52905908
52905920
52906689
52906798
52952540
52952609
52952735
52952775
52952791
52953162
52953390
52953440
52953649
52953677
52953927
52954106
52954386
52954592
52954604
52954678
52954752
52954865
52954879
52955040
52955161
52955176
52955235
52955241
52955501
52955527
52993529
52993929
52994230
52994265
52994634
52994761
53006411
53017615
53020783
53045262
53045506
53078169
53079397
53080203
53080531
53089970
53096271
53096284
53108587
53225276
53226636
53274414
53364787
53364875
53364895
53373298
53373735
53373919
53374423
53379416
53395326
53406793
53455293
53455886
53463870
53521501
53525915
53527611
53527675
53527722
53537209
53537230
53537431
53537475
53537784
53544258
53589824
53651556
53724873
53724885
53784780
53784958
53785693
53890168
53911524
53911680
53911948
53911949
53966667
53966724
54005591
54006372
54006748
54006887
54074180
54076032
54076584
54077059
54077096
54087707
54106464
54113744
54113951
54114133
54114188
54114195
54117653
54117710
54164254
54167830
54167871
54168472
54169170
54169211
54169410
54206250
54207535
54207625
54207653
54409874
54419898
54419967
54421116
54421120
54421389
54421822
54421851
54437826
54437829
54437888
54438081
54438132
54438216
54438338
54441699
54443594
54467809
54468441
54485816
54486052
54523068
54523749
54540422
54546474
54550082
54558155
54699959
54717387
54733901
54748343
54748348
54748538
54748792
54753595
54873650
55008930
55038836
55039165
55039188
55039250
55039397
55039413
55039547
55198296
55202431
55225848
55225850
55325642
55351231
55352634
55355243
55360199
55390340
55524121
55545341
55617912
55621996
55652192
55653222
55654602
55654837
55654870
55654920
55658151
55664383
55664422
55664537
55664652
55664697
55665077
55665127
55665369
55666072
55666502
55666507
55670793
55717580
55719680
55719685
55719847
55719886
55721347
55722034
55749938
55751058
55809257
55811520
55914679
55914768
55914776
55914807
55915080
55915464
55915465
55916503
56008686
56011667
56011830
56011855
56012674
56012710
56012966
56119000
56120602
56121033
56121095
56121181
56121493
56121979
56122490
56156154
56156164
56216489
56241184
56262061
56289002
56349531
56380575
56383293
56383404
56384205
56384592
56385541
56386827
56387491
56391000
56391197
56391688
56391765
56392014
56392075
56392174
56392353
56392357
56392731
56392940
56393610
56397676
56424068
56426297
56434536
56454777
56535140
56612525
56612849
56613082
56613217
56630112
56638612
56645207
56646819
56697202
56706785
56714294
56736639
56736712
56736764
56736973
56738444
56738445
56793835
57045596
57051422
57069033
57072480
57073070
57073893
57073970
57075985
57092560
57128486
57128496
57183612
57549985
57557071
57557453
57557622
57637479
57637530
57637544
57651665
57762554
57794952
57797417
57799508
57799511
57799621
57807902
57840777
57840877
57840878
57841021
57841118
57841158
57841329
57841348
57904691
57997997
58128933
58133288
58134392
58157508
58171177
58176723
58177032
58253648
58262956
58267636
58267658
58269094
58269185
58269314
58269315
58269552
58270098
58439504
58501395
58502631
58502764
58502832
58503200
58598787
58615514
58768208
58903279
58903282
58906947
58907329
58910465
58911135
58911550
58911602
58911689
58912284
58912609
58912763
58912817
58912950
58913526
58913534
58913635
58913842
58914440
58914551
58914614
58914623
58914624
58914881
58915174
58915321
58915400
58915868
58916059
58916066
58916372
58916830
58917223
58917252
58917475
58917616
58917672
58917685
58917930
58917937
58918551
58919578
58919582
58920373
58921202
58922315
58922856
58923494
58923842
58925060
58926106
58933123
58933746
58935358
58937449
58940008
58943391
58943858
58947879
58950160
58951254
58952100
58957045
58965037
58969597
58969930
58970029
58971153
58971182
58971186
58971334
58971459
58971537
58971635
58972479
58975329
58975610
58975830
58975832
58975932
58976026
58976155
58976174
58976391
58976476
58976498
58976584
58976669
58976693
58976725
58976809
58976848
58977841
58977908
58977937
58978745
58978778
58978848
58978869
58978929
58979191
58979779
58980265
58981092
58981973
58981998
58982135
58982252
58983201
58983239
58983291
58983411
58983894
58983903
58984420
58984577
58985066
58985185
58986958
58987180
58987284
58987411
58987805
58988051
58989996
58990485
58990622
58991550
58991970
58992040
58992105
58992692
58992981
58993407
58993699
58993883
58994197
58994312
58994415
58994967
58996146
58997640
58997692
58997869
58998515
58998522
58998526
58999181
58999365
59000075
59000514
59000748
59000861
59000906
59000983
59000988
59001081
59001096
59001098
59001584
59001860
59001904
59002092
59002288
59002913
59002976
59002997
59003042
59003110
59003516
59003570
59004922
59005060
59005176
59005269
59005334
59005597
59005688
59007043
59007371
59007639
59007752
59007795
59007846
59007869
59007878
59007893
59007958
59008079
59008215
59008310
59008343
59008615
59008739
59008786
59009114
59009116
59009348
59009479
59009608
59009661
59010029
59010131
59010296
59010462
59010568
59010663
59010753
59010855
59010873
59010973
59011023
59011052
59011143
59011201
59011237
59011374
59011477
59011721
59011763
59011878
59012151
59012300
59012393
59012521
59012611
59013149
59013326
59013353
59013399
59013448
59013457
59013473
59013478
59013549
59013623
59013804
59013832
59013968
59014066
59014255
59014756
59014799
59015039
59015106
59015116
59015159
59015235
59015343
59015446
59017037
59017289
59017409
59017536
59017897
59018108
59018241
59018644
59018944
59019330
59019374
59020548
59020598
59021010
59021087
59021179
59021183
59021317
59021318
59021364
59021602
59021929
59021932
59021945
59022350
59022404
59022499
59022538
59022767
59022777
59023040
59023369
59023695
59024709
59024760
59024766
59025903
59026020
59026066
59026150
59026188
59027200
59027471
59027523
59027692
59027751
59027764
59027820
59028086
59028167
59028243
59029555
59029650
59030019
59031125
59031358
59034471
59034963
59035335
59038451
59042326
59042636
59042768
59042794
59043052
59047364
59047389
59047486
59050124
59050342
59050407
59052106
59052197
59052304
59052407
59054876
59063528
59072985
59076576
59086206
59176191
59193284
59196232
59196289
59196339
59254165
59314162
59315699
59316190
59317096
59318641
59318943
59319001
59319238
59319623
59319728
59319791
59320162
59320187
59320267
59320373
59323842
59323899
59495262
59652126
59652158
59652387
59654892
59654967
59655863
59656146
59656224
59656982
59658006
59658126
59658584
59658755
59658761
59658764
59658838
59658864
59658934
59658947
59658959
59659106
59659203
59659256
59659461
59659470
59659515
59659533
59659637
59659639
59659663
59659726
59660097
59660182
59660198
59660218
59662228
59684754
59744921
59745457
59745487
59745578
59763329
59767327
59771147
59772413
59797238
59797243
59873303
59881368
59881699
59883746
59925240
60059670
60071460
60072215
60077204
60218125
60219147
60219594
60220171
60220241
60220490
60220792
60344524
60378192
60378340
60378637
60378834
60378883
60378896
60378929
60378945
60379109
60379234
60379326
60379329
60379333
60379334
60379979
60380164
60380480
60380509
60380616
60381102
60381176
60412491
60413453
60414367
60509061
60509617
60509630
60528254
60560106
60570128
60584967
60590692
60591676
60591703
60593195
60644649
60671733
60717260
60792006
60792245
60792413
60803555
60803948
60804463
60821300
60908833
60921950
60923010
60923077
60956490
61114523
61120880
61120921
61120950
61121264
61121328
61122874
61157781
61160415
61160610
61160952
61161114
61441402
61462573
61462620
61463160
61463262
61463743
61466266
61466691
61469151
61507498
61507908
61579041
61579484
61592061
61616575
61616620
61617544
61617555
61617836
61617954
61618574
61619102
61619861
61621769
61622933
61639159
61640519
61640598
61641950
61643492
61645678
61690161
61692073
61869238
61869243
61942298
61944171
61944256
61945638
61946018
61946270
61946275
61946467
61946470
61947422
61948632
61948890
62030816
62032703
62038888
62041913
62050887
62136107
62136649
62192626
62261623
62264456
62266247
62272463
62283768
62420140
62420514
62420520
62420524
62420673
62420674
62420759
62420826
62420892
62420955
62421160
62434163
62435646
62436256
62436316
62437265
62544994
62568500
62595209
62616885
62700561
62761730
62771809
62777067
62784504
62793494
62794017
62795576
62795577
62795619
62796034
62796227
62796683
62796765
62796998
62797085
62797150
62797610
62797621
62797711
62797757
62797849
62798026
62806457
62807300
62807544
62807744
62807885
62808158
62808179
62809345
62810748
62810770
62810889
62810957
62811490
62812303
62812436
62813365
62813671
62813865
62814037
62814699
62815130
62815438
62816081
62816197
62816884
62817444
62817835
62818709
62818749
62818904
62820305
62826662
62831080
62845158
62846538
62851349
62888431
62889459
62889872
62891847
63018987
64043310
65763730
65765340
65787457
65798208
66069115
66113199
66150752
66152285
66154549
66194969
66281987
66283157
66297883
66298916
66320149
66323357
66337455
66349494
66359848
66370380
66379050
66388638
66391362
66397643
66399119
66399217
66438029
66439342
66475163
66484357
66599856
66773285
66774017
66915352
66915479
66917051
66917084
66931709
67112196
67160150
67350077
67394543
67410226
67410395
67410559
67410590
67410766
67411141
67417485
67422086
67566979
67578476
67651159
67672101
67675497
67742145
67789185
67923228
67947213
67961594
67963164
68021024
68113223
68166292
68174903
68226968
68230008
68230139
68230158
68230412
68230417
68231163
68231345
68231398
68231447
68231602
68231680
68231839
68232112
68232212
68232449
68232522
68232592
68232616
68233169
68233352
68233780
68235213
68235267
68235301
68235421
68235453
68235454
68269508
68277114
68382650
68471184
68471202
68597035
68597476
68597556
68599992
68773857
68777344
68780619
68781811
68782345
68782604
68782736
68819552
68819807
68819917
68819930
68820047
68821327
68871429
68959595
68962665
68963710
68963819
68964407
68964722
68965104
68965238
68965349
68966762
68966872
69033147
