131
1519
1645
1993
3493
3656
4156
4445
4556
4599
4618
4642
4664
4683
4900
4943
5084
5117
5173
5178
5201
5277
5372
6194
7549
7587
8619
8824
8950
9949
10038
10122
10176
10246
10365
10835
11269
12542
12597
12639
12640
12867
12893
13078
13079
13288
13340
13468
13679
13844
14539
14540
14541
16086
17148
17179
17180
18382
18741
18899
18905
18940
19396
19516
19522
19523
19524
19525
19527
19528
19530
19579
19581
19582
19585
19588
19589
19590
19592
19596
19599
19603
19612
19629
20082
20328
20383
20600
20705
20709
21097
21319
21360
21435
21632
21916
21930
21931
22817
23919
23938
24053
24082
24085
26674
26862
26863
37499
37957
39308
43193
43220
44189
45909
46496
46819
46867
47179
47437
47462
47486
47488
47643
47819
47875
48267
49523
50033
51358
51359
53071
54270
54377
54382
54519
55041
55048
56994
57079
59349
59442
59534
59539
59791
59797
59877
59880
59881
59904
59914
59915
59917
59919
59942
59950
59951
59952
59958
59963
59966
59970
59975
59978
59993
59995
59997
60013
60016
60023
60036
60037
60038
60039
60050
61196
61197
62181
62182
64598
65647
65699
66280
66525
66526
66757
67155
68770
69188
72382
72652
72653
74471
74472
75845
75885
75926
77079
77701
77704
77753
78018
78626
79356
79357
80488
80554
81352
81418
81633
82398
90357
90969
93254
93295
93341
93632
93645
93657
93676
93678
94325
94568
95646
95650
96328
96469
96500
96512
97609
98070
98099
98107
98845
98969
99172
99601
99605
99606
99608
99636
99637
99638
99639
99640
99641
99642
100528
100540
100543
100713
100724
104072
104643
106743
106920
107501
108163
109885
110932
111283
113025
121844
121846
121847
121852
121855
121878
121950
121953
121954
122708
124890
124931
124932
124951
124978
125523
125578
125658
125675
125679
125681
125685
125689
125721
125729
125730
125738
125751
125766
125777
125781
125782
125783
125785
125790
125794
126076
126405
127871
127888
128412
128666
128668
128674
129480
129698
133623
133626
133627
133630
134730
136032
137173
137189
139312
141239
141764
145061
145556
145577
145578
145582
145583
145594
147402
147406
147407
147513
147536
149199
151330
152282
153928
156879
161979
164957
165387
165546
170129
170586
172271
173410
174708
176525
176528
176530
180711
184145
185161
185211
185240
187205
187361
187371
187596
191961
192311
194091
197932
199222
200126
201646
201711
201714
202059
202250
202511
202531
202634
202653
203132
203247
204105
204130
204132
209236
212058
213547
214878
219115
224196
225296
225905
225909
229233
230214
231094
231128
231450
231451
231478
231504
232206
232816
233077
233465
234005
237642
238102
238528
239783
239784
239954
245936
245939
245962
246554
249810
251928
254140
261118
261136
261243
261244
261366
261367
261368
261372
261581
262595
262596
262597
262616
264748
266710
268517
269747
269748
270744
270815
271162
274146
275156
276570
276788
276791
276800
276805
277393
278232
279703
280797
282841
282844
285778
286315
287413
287932
292866
292896
292897
293135
295868
296204
296358
296705
297003
297013
297463
298537
298886
300477
302862
307091
308371
309466
310322
310385
310386
310395
310396
310406
311194
311199
312072
312152
312188
314321
314342
316997
317002
317004
317011
317022
317025
318044
318045
318046
318048
318050
318051
318054
318071
318072
318131
318178
318179
318281
318454
319821
320089
320123
320178
320544
320906
320911
322927
322935
326697
327567
328130
328589
328966
329106
329489
329679
330158
330160
332385
332516
333098
334772
334898
334946
335142
335286
336330
336378
336400
336404
336412
336426
336427
338469
338476
338812
338973
338975
339050
339052
339054
339055
339062
339067
339138
339141
339281
339319
340389
340410
340434
340443
340445
340451
353022
354330
356266
356685
358335
358346
358350
358352
358354
358355
358361
358362
358363
358368
358369
358373
358377
358379
358381
358393
358396
358414
358415
358417
358418
358426
358427
358428
358432
358433
358435
358436
358437
358438
358440
358441
358445
358446
358454
358464
358465
358468
358470
358471
358478
358487
358489
358492
358494
358505
358506
358507
359112
362840
366536
366633
366710
367034
367048
367417
367539
367728
367844
367899
368335
369840
369859
370701
374927
375023
378730
385074
391472
391479
391643
391672
391695
391731
393414
402162
402167
402168
402638
402956
405323
405328
405334
405398
405450
405822
405868
405945
406504
406506
406507
406509
406527
406532
406533
406538
406539
406588
406590
406611
406786
408733
412257
414832
414983
416455
417856
418165
418388
426167
426261
426287
446253
456004
456005
456245
458635
469164
471008
478540
478555
492486
492681
492685
492692
492693
492694
492696
492697
492904
504193
504265
504458
505162
505321
505328
505337
505340
505354
505389
505499
509848
511970
512448
515205
515218
516629
517810
519108
519120
519125
519126
519133
519258
527059
527455
527469
527693
527694
527729
527733
530945
530977
531005
531045
534311
535055
535105
535180
538476
538513
539124
539733
540133
542370
550163
550309
550358
550604
550607
550609
550610
550611
550641
550657
551097
551918
555574
555912
555913
556923
557204
557597
558183
558207
558492
560241
560514
562644
562649
565524
565533
565661
566183
566273
566279
566969
567012
567172
569335
569467
569468
569469
569470
570296
570303
570318
570320
570322
570324
570382
570406
570410
570420
570422
570760
571433
571855
573361
573834
576199
580554
580564
581497
581498
582111
582705
583305
583316
583379
584272
584309
587355
589859
590553
593880
594815
594821
594823
594824
595994
596240
596673
598812
598816
598831
598832
598833
598849
600281
600599
600760
600899
600966
602340
603786
605072
605181
607015
607022
607024
607225
607424
608605
612971
612980
612982
612984
612985
612992
614739
614899
614906
616260
616267
616300
616332
616337
616357
616411
616436
616445
616448
616455
616461
616476
616482
616486
616515
616622
616625
616626
616634
616674
616680
616695
616701
616723
616733
617140
617432
617457
617460
619175
619176
620353
621410
621460
621994
623751
624299
624811
624816
624837
624892
624901
624908
624928
624931
625031
625097
625207
625793
626924
626943
627232
628471
630410
630415
630420
630423
630424
633118
633120
638685
638712
639648
639679
640693
640694
640697
646566
646678
648860
649646
649648
650389
651415
652066
652842
654401
654403
658192
658539
661551
662679
662942
662943
665149
666392
666395
666397
667078
672806
672814
673156
673162
673224
673228
673229
673230
673232
673240
673241
673266
673316
673862
674740
674745
674752
674756
674804
674895
674896
674898
674899
676280
677057
677539
677560
677923
677993
678006
678922
679029
679069
679087
679404
679412
679413
680954
680957
680964
680966
680967
680968
681776
684762
685363
686235
686435
690192
691586
691616
691642
691643
691656
692089
692090
692156
692296
692834
695931
697720
697740
698178
698342
698417
698767
703502
703503
704745
709218
709419
709663
712379
712424
714026
714092
714941
714947
714950
715207
717499
720200
723235
723610
728322
735715
736046
739269
742201
744613
744614
744640
744834
745131
748147
748871
749772
754203
754888
754893
754934
754957
755075
755085
755212
756072
756647
756937
759897
760096
760098
760099
760101
760121
760123
760127
765908
769226
773024
773035
774649
774650
774652
775624
779508
779909
779910
779914
780952
780957
781825
781826
781830
782729
783671
783931
789407
789409
789914
790613
791755
792079
792156
792160
792184
793428
793597
798785
799117
799184
799708
800027
801454
801505
801525
801526
801549
801551
801555
801558
801641
801642
801645
801648
801651
801657
801658
802014
802489
804649
804652
804655
804659
804668
804687
805806
806000
806001
806008
806377
806725
806835
806984
807081
809826
810083
812108
823295
823353
823751
823770
823975
824089
826679
826684
826918
827622
827773
827907
827997
829314
832307
834890
836399
836420
836426
836546
837389
839189
839397
839463
839558
839605
839763
840032
840107
840283
843000
843243
844023
844308
845184
845185
845355
845379
845381
845418
845562
847401
853349
860633
860635
860747
861244
861336
861747
862427
862428
862431
862443
862464
865705
867587
867604
867637
867850
867964
868157
870305
876321
876456
876542
876596
876597
876652
877058
877103
877461
878229
879762
882114
883102
883720
883790
885029
885289
885415
887378
888000
889156
889456
889740
889741
889749
893823
894208
894303
894421
895590
902282
902903
903018
903110
903485
903529
903530
903535
906025
909872
909878
909879
909886
909888
909891
910001
910028
910728
910741
910742
911012
913615
913622
916271
916320
916345
916763
917423
917497
917519
917534
917740
919971
923049
925335
925868
926435
927564
931364
931376
931378
931389
931392
931394
931415
931416
931438
931466
936220
936228
936238
936284
936288
936289
936296
936302
936303
936317
936411
939319
941551
943347
943671
944208
945684
948045
948911
948943
950532
950791
952908
953104
953238
953243
953291
953510
953529
958091
958894
958930
961473
961836
962154
964653
964906
965027
965067
968873
970294
970955
974521
975296
976764
977086
979434
979454
979658
981017
981018
981457
981764
981974
989969
989978
989980
990227
993080
993937
995230
995236
995243
995245
995269
995276
995277
995279
996399
996786
996787
996789
996790
996794
996795
998171
1000197
1000200
1006047
1006348
1010316
1011534
1016890
1016997
1016998
1017070
1017720
1020264
1020883
1021544
1021714
1022377
1022386
1022706
1022707
1022787
1023074
1023188
1023453
1023456
1024743
1026107
1028747
1028946
1030782
1030880
1033383
1035479
1037248
1039752
1040374
1041611
1042856
1043098
1043297
1044537
1047190
1048885
1050398
1057120
1061208
1061209
1066714
1066775
1067600
1069081
1069084
1069180
1072130
1072895
1074153
1074306
1074428
1074496
1074513
1076772
1079411
1080540
1080541
1080542
1080543
1081851
1081875
1084117
1084156
1084158
1084466
1084973
1090020
1092793
1092807
1092808
1092819
1092837
1092838
1092842
1093736
1094399
1094450
1096333
1096334
1096335
1096336
1102353
1102362
1102572
1102815
1104669
1105704
1105705
1105717
1106251
1109795
1114331
1114361
1114468
1114537
1114542
1117052
1119453
1120414
1123415
1123591
1123592
1125270
1125271
1127927
1127935
1127936
1127937
1134447
1136762
1137027
1137409
1137660
1137715
1137857
1137860
1137861
1137895
1138042
1138472
1139494
1139495
1139498
1142292
1143032
1143988
1144182
1149013
1150933
1151078
1151083
1151084
1151115
1151671
1152245
1157181
1157532
1158802
1159881
1159902
1160533
1161900
1163063
1163288
1163833
1163843
1163850
1163863
1163875
1164021
1164256
1164313
1165691
1165851
1168520
1169777
1170031
1170035
1170040
1170041
1170044
1170128
1170740
1172501
1172502
1172503
1172504
1175431
1177660
1178666
1179273
1179926
1180153
1181986
1182742
1184867
1186102
1186105
1186130
1186141
1186158
1186505
1186550
1187762
1188602
1188603
1188604
1191105
1192615
1193448
1194781
1196398
1199093
1199164
1199649
1199964
1199983
1204666
1205906
1206794
1208807
1210024
1210026
1210277
1212729
1213540
1214416
1214814
1215100
1216164
1217437
1218953
1218954
1219019
1219305
1219366
1219370
1219408
1219409
1219429
1219441
1219784
1223282
1226292
1230188
1230217
1230249
1230250
1230252
1230262
1230468
1230962
1230984
1231761
1232083
1232273
1232354
1232432
1232812
1232820
1232852
1235323
1235772
1235784
1235785
1235786
1237198
1237200
1238733
1240121
1241815
1242055
1242134
1245835
1245837
1245840
1245841
1245850
1245852
1252086
1252087
1253059
1253175
1253823
1254252
1254308
1256751
1256768
1258362
1258366
1258479
1259838
1261880
1261992
1262085
1262292
1262356
1262358
1262359
1262559
1264218
1264220
1264225
1267608
1269994
1272707
1272708
1273898
1274207
1274231
1275881
1279058
1279237
1279302
1279503
1279645
1279653
1279693
1281982
1282648
1283831
1283840
1286638
1288144
1288147
1288148
1289777
1289778
1290791
1293491
1293698
1295078
1303171
1305516
1305579
1305584
1306666
1308616
1309621
1311652
1311668
1312479
1312482
1312487
1312756
1312757
1312894
1312895
1312915
1313013
1313250
1313251
1313275
1313288
1313294
1313418
1313432
1313435
1313438
1313455
1313582
1314051
1314058
1314303
1314473
1314975
1315110
1315233
1317055
1318602
1319132
1319991
1320553
1320602
1320614
1325611
1326532
1327645
1328475
1328477
1329902
1334316
1334318
1334320
1335920
1335923
1336288
1338134
1339938
1340077
1343996
1345547
1345826
1346475
1346975
1347045
1347050
1347074
1347081
1347095
1347121
1347196
1347248
1347322
1347323
1347337
1347404
1347405
1347670
1347671
1347698
1347701
1347813
1350738
1350753
1350935
1350936
1350937
1351061
1351857
1352457
1353122
1354859
1354860
1355401
1355582
1356312
1356464
1356614
1356924
1357694
1357757
1357812
1357881
1357882
1359019
1359036
1359064
1359086
1359089
1359094
1359095
1359116
1359218
1361335
1361602
1361623
1362402
1362919
1362983
1363207
1363479
1364634
1365091
1366689
1366991
1368193
1371328
1371456
1371457
1371463
1371475
1374639
1381003
1382751
1383625
1385401
1387304
1387637
1387840
1388033
1388279
1388434
1388791
1388799
1391068
1392589
1392664
1396564
1396565
1397044
1397336
1397451
1398052
1398126
1399460
1400347
1400388
1400428
1401236
1404872
1410820
1411400
1414434
1414702
1416673
1416735
1417134
1417823
1418418
1418687
1418791
1423691
1426909
1427499
1427500
1427501
1430369
1436027
1436705
1442593
1448452
1449714
1451530
1455136
1455224
1455225
1455228
1455231
1455233
1455245
1455652
1456543
1457082
1457147
1457173
1458404
1458650
1458802
1459291
1459308
1459319
1460936
1460953
1462120
1462320
1464091
1464219
1465002
1465023
1465974
1466200
1467385
1467520
1468129
1468577
1469080
1469081
1469424
1469483
1469737
1470609
1471179
1472723
1472823
1472873
1472919
1472986
1473039
1473040
1473063
1473384
1474646
1475829
1475843
1476350
1476353
1476546
1477469
1478141
1478563
1478564
1478569
1478571
1478576
1478579
1478581
1478600
1478667
1478669
1478702
1478716
1478724
1478731
1478751
1478757
1478763
1478766
1479285
1481906
1481907
1481919
1482123
1483376
1488483
1488510
1488521
1488699
1488712
1488881
1489030
1489076
1489089
1489114
1489128
1489278
1489290
1492407
1492408
1492409
1492530
1496108
1498166
1499446
1500753
1501598
1504437
1506211
1508511
1508518
1508522
1508539
1509625
1510510
1510526
1512190
1514360
1515230
1517325
1519128
1520447
1524281
1525965
1529743
1530775
1536429
1537838
1537839
1537843
1538082
1538781
1543359
1543362
1543366
1543380
1543404
1545506
1551125
1551133
1551134
1551137
1551140
1551146
1552323
1552997
1553385
1553392
1553413
1553416
1553426
1555997
1556105
1556649
1561201
1561202
1561910
1561911
1562691
1562696
1563376
1564776
1564886
1564950
1565547
1565892
1566042
1566093
1566643
1568078
1573784
1573810
1574236
1575142
1577769
1578105
1578139
1578285
1578399
1578452
1581058
1585025
1587297
1588149
1588154
1588155
1588191
1590868
1591245
1591466
1591497
1591830
1591881
1592233
1592235
1592243
1592270
1592271
1592283
1592287
1593396
1593403
1593416
1594742
1595566
1595641
1595652
1595656
1598483
1598488
1598491
1598498
1598510
1598517
1598530
1599478
1603898
1603916
1603920
1607061
1608957
1610723
1610740
1610844
1610919
1610929
1610931
1611143
1613142
1613595
1613697
1614386
1615746
1617036
1617318
1617410
1617574
1617715
1617723
1619463
1619469
1619504
1619536
1619703
1620250
1620487
1621300
1622517
1622519
1622520
1622539
1622798
1622808
1622968
1623173
1623196
1623221
1623232
1623334
1623574
1623702
1624166
1624173
1624296
1624460
1624642
1624941
1625026
1625214
1625661
1625741
1625752
1625884
1626073
1626074
1626108
1626320
1626995
1627232
1627848
1628302
1628408
1629038
1629213
1629226
1629247
1629305
1629310
1629335
1629381
1629392
1629492
1629560
1629616
1629698
1629782
1630090
1630116
1630742
1630826
1630886
1631325
1631407
1631628
1631682
1631699
1631700
1631799
1631801
1631815
1631823
1632090
1632116
1632242
1632300
1632301
1632344
1632392
1632694
1632718
1632722
1632751
1632851
1632954
1633059
1633068
1633111
1633156
1633269
1633271
1633496
1633514
1633576
1633619
1633622
1633683
1633730
1633732
1634054
1634211
1634382
1634534
1634999
1635021
1635259
1635261
1637919
1638928
1639477
1639562
1640393
1640435
1640512
1640664
1640714
1640942
1641002
1641025
1641055
1644067
1644254
1646792
1647371
1649951
1651594
1651734
1653657
1655627
1657652
1657938
1657941
1657985
1665577
1666631
1669350
1669413
1671367
1671728
1671918
1672275
1673079
1673547
1674534
1676221
1676331
1676575
1676942
1676970
1677417
1686537
1686538
1686598
1686599
1686774
1686923
1686941
1686942
1686971
1687293
1687294
1687295
1687940
1688580
1689022
1689126
1689751
1690215
1690771
1690772
1690773
1690774
1691966
1693993
1694323
1694324
1694340
1694361
1694373
1694378
1694704
1697022
1697563
1697564
1697753
1698156
1698524
1698603
1699053
1699060
1700889
1701887
1702812
1703163
1704331
1704824
1705753
1707156
1708192
1709002
1709187
1709189
1711178
1711925
1711926
1711927
1712646
1715176
1715182
1716966
1716972
1717061
1718047
1718056
1720377
1720416
1721340
1724235
1725011
1725013
1725076
1725091
1725959
1726587
1727245
1727248
1727713
1727716
1727879
1728090
1729090
1729304
1729634
1729644
1729647
1729649
1729651
1729657
1729687
1729692
1729695
1735849
1736026
1736037
1737330
1739271
1740939
1741276
1743156
1743159
1743163
1747299
1747300
1747378
1748331
1751287
1752853
1754267
1754271
1759271
1759334
1760083
1761168
1763144
1763712
1769863
1770346
1770874
1771476
1771614
1772130
1772140
1774407
1774659
1775016
1775041
1775049
1775050
1775058
1775065
1775345
1775378
1775381
1775382
1775388
1775399
1775401
1777185
1778699
1783095
1784264
1784265
1784280
1784481
1784697
1786428
1786429
1786471
1786472
1786508
1786510
1787934
1788276
1788364
1789248
1789829
1790191
1791739
1793163
1796900
1798509
1802688
1804139
1804145
1804149
1804262
1804265
1804272
1804275
1804276
1804279
1804280
1804377
1808023
1809347
1809348
1809526
1809662
1810916
1810919
1811045
1811209
1813083
1815124
1815125
1815126
1819707
1821182
1821183
1821184
1821185
1821191
1821486
1821547
1822515
1825168
1826030
1826719
1827064
1829275
1829400
1829402
1830380
1830754
1831252
1831500
1831695
1831697
1831698
1832306
1832584
1832600
1832853
1832981
1833217
1833387
1833882
1834739
1835424
1835453
1835681
1835929
1839981
1840023
1840306
1840313
1840368
1840430
1841279
1841280
1841318
1842192
1842194
1846443
1847710
1848908
1850624
1851384
1855065
1857248
1858900
1859120
1859129
1859217
1859845
1860464
1860551
1861384
1861388
1861389
1863662
1865717
1865731
1865733
1865750
1865904
1866133
1866518
1866683
1866811
1867420
1869514
1869559
1869619
1870020
1870231
1870253
1870257
1871141
1874189
1874224
1875374
1875602
1875612
1876077
1876165
1878412
1878413
1880791
1881164
1881211
1881216
1881227
1882820
1886005
1887475
1887992
1891461
1895391
1895405
1895428
1895431
1896194
1896196
1896260
1896720
1899185
1899780
1900591
1902411
1903521
1903770
1904191
1904301
1906038
1906110
1906162
1906164
1906165
1906586
1908606
1908708
1910001
1910261
1910262
1910267
1910268
1910270
1910271
1910277
1910279
1910280
1910288
1910292
1910294
1910295
1910296
1911546
1912378
1912480
1916356
1916915
1917709
1917806
1917964
1918107
1918209
1918290
1918604
1918605
1918611
1918620
1918628
1920745
1921205
1921253
1922028
1922187
1922210
1922231
1922258
1922259
1924149
1927659
1927713
1927719
1928246
1928298
1930158
1930954
1930955
1932302
1932303
1932680
1932681
1935195
1935732
1937114
1937118
1937459
1938131
1939646
1941000
1941583
1942758
1946929
1947883
1949069
1949266
1949531
1949533
1949670
1950250
1950284
1950286
1950287
1950298
1950305
1950306
1950308
1950310
1950313
1950314
1952237
1952337
1954223
1954296
1963487
1964580
1964581
1965363
1965364
1965366
1965367
1965378
1965379
1965445
1966999
1967000
1967053
1967080
1967081
1968767
1974191
1975371
1978084
1978964
1983051
1983101
1983303
1983741
1983743
1983746
1984176
1985187
1985586
1985781
1989308
1989361
1993861
1994993
1996570
1996597
2002986
2003691
2003735
2010381
2012556
2013370
2013373
2013376
2013377
2013949
2013965
2014551
2014835
2015080
2015081
2015247
2017579
2018860
2022900
2024054
2024131
2024558
2025979
2029817
2029922
2029969
2030002
2030052
2032637
2032798
2039320
2039321
2039456
2040762
2041183
2041256
2041667
2044376
2048986
2053510
2053872
2054222
2054455
2054546
2054622
2055310
2055351
2055365
2055366
2055396
2055481
2055515
2055579
2055580
2055613
2055614
2056182
2056570
2058951
2059307
2060062
2060063
2060064
2060271
2060398
2060441
2061042
2061573
2062232
2062322
2062531
2062639
2063179
2063186
2063295
2067515
2067612
2069940
2074098
2074318
2077167
2080029
2086782
2088791
2089228
2093614
2093684
2102448
2104772
2104973
2105439
2105546
2105637
2106386
2114410
2118204
2118342
2118347
2118451
2118703
2124533
2124534
2124535
2124830
2127975
2128390
2128418
2135857
2137390
2137919
2138805
2139325
2141045
2141046
2146946
2146968
2146989
2147006
2147380
2150377
2150378
2151252
2151273
2152002
2152217
2152220
2152221
2152222
2152271
2152633
2152676
2152680
2152700
2157276
2157332
2160419
2165998
2167771
2167794
2168277
2168329
2168336
2168337
2168449
2170552
2170600
2172095
2174786
2175847
2179035
2179509
2179735
2179736
2179737
2180406
2181095
2182055
2182098
2184665
2185196
2185826
2191533
2192021
2192229
2197999
2200014
2200015
2200096
2200370
2200394
2200990
2201200
2201224
2201300
2202095
2202096
2202192
2202193
2202238
2202311
2202380
2202391
2202571
2203097
2207953
2208087
2208143
2208271
2208330
2208348
2208378
2208379
2208833
2211169
2214692
2214798
2214930
2214933
2215096
2215978
2216000
2216165
2216380
2216381
2216488
2216490
2216792
2217030
2217293
2217348
2217420
2217427
2217732
2218901
2219367
2221087
2222567
2222569
2223267
2224043
2224713
2224717
2224718
2225557
2225580
2225591
2229658
2229832
2230107
2230329
2232895
2232941
2233550
2233682
2234095
2234144
2240678
2240887
2240907
2241033
2241060
2241268
2242377
2245362
2245372
2246345
2247212
2247617
2247618
2250955
2250982
2251114
2251116
2251239
2251761
2251794
2251867
2252958
2255257
2255500
2256000
2258717
2258718
2259847
2259982
2260035
2260449
2260556
2260561
2260563
2260594
2260647
2260675
2260814
2260893
2260918
2261019
2261319
2261707
2261729
2261730
2262019
2262026
2262519
2262583
2262626
2262726
2262763
2262858
2263216
2263647
2264111
2264723
2264725
2265639
2266012
2266924
2267170
2268750
2269100
2269123
2269304
2270091
2273576
2273717
2274560
2275498
2275748
2276396
2276614
2277400
2279778
2279783
2279792
2279799
2279810
2279813
2280959
2282119
2282687
2282735
2283681
2283749
2283799
2284387
2285232
2285390
2285397
2286003
2286331
2286332
2286340
2288777
2289061
2289794
2290328
2292174
2296021
2296026
2296027
2296028
2296030
2296031
2296034
2296039
2297547
2300097
2300225
2300235
2300238
2300823
2301241
2301285
2301883
2303018
2303143
2303165
2304098
2305042
2305074
2305181
2305184
2306983
2308239
2308989
2310216
2312067
2312907
2313367
2313484
2313486
2315086
2315310
2315418
2315421
2315905
2316035
2316630
2316706
2317046
2317115
2317196
2317350
2317406
2318080
2318919
2318921
2320369
2320575
2320610
2320611
2321193
2321374
2322999
2323516
2323517
2323518
2323519
2323524
2323525
2323621
2324385
2324753
2324754
2324755
2325409
2325984
2325998
2326032
2331477
2331480
2331482
2332668
2333675
2334229
2337099
2337134
2337146
2337592
2337593
2337647
2337651
2337682
2337945
2337947
2338520
2338521
2339018
2339338
2339800
2340120
2341304
2341347
2341424
2342097
2342141
2342212
2342757
2344665
2344692
2344829
2345539
2345540
2345599
2346691
2346692
2350215
2351165
2352953
2354884
2354987
2355672
2356206
2359468
2359473
2359475
2359479
2359480
2359483
2359485
2359497
2359695
2363938
2369045
2369794
2369819
2373461
2374032
2375415
2376265
2376677
2376680
2376691
2376709
2376710
2382709
2384949
2385635
2386439
2386442
2386476
2386613
2388942
2388947
2388996
2389027
2389028
2389030
2389031
2389033
2389373
2389374
2389393
2389430
2389432
2389456
2389460
2389487
2389488
2389490
2389495
2389500
2389503
2389504
2389595
2391091
2397230
2397375
2398986
2400966
2400985
2401204
2401205
2404071
2404211
2404213
2404627
2409762
2410325
2410326
2410950
2412149
2419882
2420116
2420795
2421064
2422920
2422937
2422948
2422950
2423018
2425180
2425247
2425271
2427631
2427723
2428262
2428386
2431338
2431339
2431343
2431349
2431350
2431352
2431354
2432301
2436110
2436111
2436417
2436999
2440659
2440660
2441326
2443474
2443512
2445549
2448124
2451469
2451632
2451709
2454009
2462339
2463323
2463330
2463401
2465754
2465993
2466404
2467364
2467367
2468267
2472162
2472438
2474747
2476111
2476121
2477199
2477215
2478333
2478962
2479433
2479436
2480538
2481743
2487143
2487520
2489257
2489839
2490193
2490194
2490212
2490371
2490409
2490505
2490506
2490511
2490514
2490516
2490517
2490518
2490519
2490531
2490532
2490533
2490535
2490536
2490562
2490563
2490564
2490566
2490568
2490573
2490578
2492476
2492709
2492710
2495509
2500271
2500561
2501413
2501446
2501621
2503001
2503027
2505870
2505871
2505883
2505917
2508998
2510237
2510961
2511512
2511538
2511565
2511574
2511580
2511586
2511621
2511629
2511630
2511633
2511640
2511644
2511687
2512099
2512634
2513271
2515589
2515590
2515595
2515596
2515597
2515602
2519396
2520253
2521361
2523143
2523281
2523775
2525935
2525957
2525962
2525970
2525990
2525992
2525997
2525999
2526007
2526008
2526009
2526013
2526014
2526016
2526028
2526029
2526032
2526037
2526052
2526053
2526059
2526072
2526999
2527293
2527294
2527299
2527303
2527304
2527305
2527551
2528020
2528176
2528293
2528306
2529379
2529380
2529961
2530049
2530793
2531253
2531350
2532407
2532438
2532554
2532555
2532557
2532569
2532575
2532576
2532578
2532581
2532583
2532585
2532589
2532591
2532592
2532593
2532596
2532597
2532598
2532599
2532605
2532607
2532615
2532616
2532617
2532618
2532619
2532624
2532626
2532629
2532631
2532644
2532645
2532655
2532664
2532665
2532668
2532678
2532744
2532746
2532751
2532896
2533219
2533231
2538201
2539026
2539034
2539037
2539042
2539098
2539101
2539106
2542995
2542996
2542997
2543147
2543150
2543152
2543154
2543155
2543165
2543166
2543171
2543173
2543203
2543356
2543379
2543690
2543713
2543740
2543786
2543792
2544351
2544361
2544362
2544363
2544405
2544513
2545708
2546272
2546542
2546547
2546548
2547359
2547487
2547491
2547493
2547498
2547499
2547500
2547501
2547511
2547601
2548890
2551302
2553179
2555513
2557418
2559714
2559802
2559981
2560969
2561966
2564896
2565516
2565588
2568766
2570164
2570695
2572352
2572772
2573339
2573341
2575403
2575700
2577582
2577612
2579966
2580062
2580065
2580764
2580767
2580769
2580771
2580781
2580790
2580798
2580810
2580821
2580825
2580841
2580850
2581813
2581820
2583153
2585305
2586256
2586296
2587475
2587479
2587491
2587738
2587801
2588500
2589284
2591918
2592773
2592814
2593196
2593902
2597208
2599016
2599696
2600572
2601787
2603096
2609618
2609664
2610292
2610421
2612047
2612058
2612059
2612096
2612227
2612322
2612338
2612341
2612519
2612679
2612710
2612711
2612712
2612769
2612798
2612930
2613032
2613040
2613563
2613912
2614262
2614694
2614695
2615266
2619023
2619141
2619170
2621961
2621964
2621983
2622313
2639072
2639644
2640419
2641153
2641555
2642598
2643357
2646801
2647384
2648617
2649042
2649055
2651488
2651742
2653797
2654832
2654894
2655022
2655566
2656833
2657051
2657082
2657293
2658495
2658616
2658621
2658638
2658712
2658717
2658862
2659289
2662872
2663874
2665062
2665063
2665841
2668643
2669167
2669674
2669950
2673207
2673469
2674159
2677282
2679129
2679189
2679374
2679456
2679567
2679632
2680049
2680553
2684577
2685080
2686309
2686332
2688395
2689785
2691563
2692558
2693371
2693762
2694961
2697456
2701641
2704384
2704721
2704775
2704936
2705203
2705204
2705215
2705216
2705466
2705506
2705508
2705509
2705518
2705647
2706121
2706760
2707813
2710308
2711111
2712203
2712890
2715051
2715093
2715097
2715111
2715398
2715422
2716086
2716518
2716881
2718164
2722109
2722110
2722578
2723476
2723479
2723481
2723482
2723483
2723487
2723488
2723490
2723519
2723520
2723522
2723527
2723533
2723534
2723536
2723539
2723549
2723709
2723718
2723723
2723724
2723728
2723731
2723733
2723737
2723739
2723741
2723760
2725083
2725092
2725096
2725806
2727865
2727926
2728136
2728568
2730030
2730060
2730490
2730590
2731828
2731905
2732099
2732334
2732679
2732683
2732690
2732734
2732756
2733301
2734557
2734801
2735097
2735192
2736907
2737578
2737995
2739517
2739525
2739722
2739943
2740435
2740455
2740514
2740520
2740522
2740530
2740538
2740545
2740546
2740557
2740615
2740653
2740655
2740657
2740665
2740677
2740687
2740700
2740714
2740782
2740786
2740791
2740800
2740801
2740802
2740819
2740836
2740838
2740841
2740853
2740854
2740866
2740891
2740900
2740901
2740959
2740962
2740989
2740991
2740992
2740993
2741001
2741013
2741017
2741019
2741029
2741034
2741035
2741037
2741038
2741046
2741049
2741055
2741056
2741057
2741058
2741124
2742144
2742780
2742789
2742821
2743101
2744497
2745393
2745463
2745581
2745624
2745625
2745639
2745642
2745643
2745646
2745648
2745650
2747305
2747340
2750131
2750322
2750767
2750855
2751267
2751270
2751273
2751390
2751434
2751470
2751475
2751514
2751518
2751577
2751894
2751897
2751979
2752010
2752012
2752028
2752720
2754308
2755618
2757289
2757446
2757458
2757488
2757932
2757992
2760197
2762359
2762392
2762407
2762408
2762409
2762410
2762424
2762425
2762426
2762528
2762743
2762750
2762757
2763128
2769334
2772355
2773363
2780356
2785870
2785882
2786165
2786255
2787495
2788619
2794496
2794506
2794718
2797006
2805471
2806229
2806230
2806539
2807567
2808943
2809009
2815399
2816259
2816976
2818541
2819500
2819809
2820891
2823076
2823109
2823745
2824012
2824112
2824132
2824363
2825592
2826383
2826815
2826988
2826990
2827040
2827062
2827104
2827318
2828606
2829041
2830327
2830511
2830658
2830795
2830823
2831473
2833131
2833657
2833875
2836808
2837761
2838584
2838633
2838636
2838648
2838649
2838662
2840084
2840136
2841080
2843473
2843945
2844970
2845064
2845072
2845097
2845098
2845113
2845114
2846020
2847650
2849836
2851483
2853826
2854228
2854635
2854636
2865507
2866679
2867361
2867362
2867436
2867689
2874966
2875760
2875973
2877754
2877851
2877859
2877861
2878717
2880233
2880234
2880257
2880448
2890029
2904041
2905229
2908355
2911398
2912678
2912679
2912680
2920010
2925272
2925291
2925443
2927008
2927019
2927357
2929780
2929934
2934167
2936829
2936849
2936870
2936920
2936927
2940714
2940850
2940859
2941344
2945126
2945129
2948015
2951317
2953091
2955170
2955649
2956002
2956421
2958903
2960822
2960846
2960854
2960858
2961223
2964913
2965561
2967835
2969114
2972645
2974187
2974193
2974218
2974220
2975728
2975737
2975860
2977246
2978344
2979915
2982352
2986547
2986753
2987945
2988100
2988114
2991993
2992017
2993734
2993735
2994086
2994099
2994126
2994318
2994335
2994379
2994406
2994423
2994431
2994433
2994448
2994500
2994501
2994504
2994507
2994515
2994516
2994574
2994575
2994731
2994759
2994929
2995020
2995834
2997675
2999426
3000277
3001283
3001435
3001451
3001452
3001493
3001642
3001674
3002639
3002640
3002786
3002788
3002848
3002849
3002850
3002851
3002855
3002856
3002857
3002862
3002863
3002864
3002865
3002866
3002867
3002870
3002872
3002873
3002874
3002875
3002887
3004700
3005642
3006392
3006692
3010518
3010547
3010613
3011138
3011543
3011826
3012119
3012239
3012422
3014120
3014157
3014254
3015388
3015724
3016048
3016053
3019036
3019429
3019432
3019444
3019486
3019487
3019518
3019534
3020346
3021793
3027830
3027932
3028077
3029423
3029714
3029720
3030614
3030895
3031583
3031630
3031960
3031977
3032065
3032081
3032261
3032262
3032263
3032264
3032358
3032558
3032614
3032662
3032668
3032674
3032736
3035241
3035251
3035755
3035784
3035806
3037147
3037158
3037159
3037160
3039604
3039671
3039680
3039688
3039762
3041374
3041954
3041963
3044707
3044793
3046611
3048479
3048484
3048508
3048591
3048604
3048624
3048661
3048740
3048861
3049050
3050375
3050414
3051850
3053272
3053517
3055478
3055665
3055732
3056841
3056878
3056882
3056883
3056884
3056885
3056886
3056888
3056889
3056895
3056897
3056899
3056901
3056904
3056907
3056939
3058883
3059029
3059030
3060043
3060338
3060951
3062651
3063340
3064237
3064528
3064750
3065113
3065118
3065131
3065536
3066112
3066323
3066341
3066641
3068677
3070173
3070258
3070848
3071463
3074289
3074290
3074291
3074306
3074311
3074312
3074313
3074314
3074315
3074332
3074333
3074334
3074335
3074336
3074337
3074340
3074347
3074348
3074349
3074350
3074608
3075094
3075411
3080790
3083337
3084218
3085389
3086052
3087620
3087654
3091140
3091351
3091352
3091538
3091674
3092681
3094228
3097248
3100420
3100514
3100850
3102424
3102553
3102554
3103787
3103883
3104218
3110815
3111078
3111157
3111170
3111183
3111297
3111330
3113019
3113020
3115702
3118404
3118405
3118916
3119699
3119767
3120591
3120794
3120814
3121015
3121016
3122356
3122385
3124803
3124911
3127689
3131172
3134112
3134563
3134641
3134692
3134783
3134863
3136528
3136532
3136735
3137647
3138226
3139687
3140874
3142440
3142443
3142444
3142445
3142449
3143993
3144452
3145211
3148204
3150781
3150808
3150879
3150999
3151867
3151868
3151869
3153445
3153450
3153451
3153452
3153453
3153454
3153455
3153456
3153457
3153459
3153463
3153465
3153466
3153488
3158270
3163790
3167597
3167683
3170521
3170523
3172001
3173767
3173768
3173841
3174045
3174066
3174247
3174504
3175507
3175995
3177153
3178411
3178413
3178482
3182392
3182516
3182525
3182535
3182538
3182554
3182564
3182623
3186912
3186914
3186915
3186917
3186918
3186921
3186922
3186932
3186939
3186940
3186942
3186946
3186948
3186951
3186956
3186958
3186963
3186996
3187001
3187003
3187004
3187301
3187317
3188798
3189318
3190618
3190941
3190954
3191026
3191031
3191050
3191181
3191183
3191189
3191205
3191218
3191222
3191475
3191837
3192594
3192635
3192871
3193174
3193374
3193407
3193438
3193439
3193467
3193581
3193592
3193594
3193643
3193843
3193944
3193971
3193974
3193976
3193977
3196469
3196507
3197040
3197127
3198543
3198550
3198552
3198553
3200100
3200288
3200547
3202593
3202849
3203278
3208991
3208994
3209007
3209027
3209035
3210331
3210560
3210714
3211096
3211099
3211132
3211168
3211179
3211181
3211190
3211233
3211267
3211973
3216061
3217619
3217713
3217722
3223217
3223262
3223263
3223311
3223464
3225366
3225768
3225779
3228516
3230286
3231037
3231414
3232206
3234584
3234742
3236725
3236746
3240252
3241519
3241559
3242076
3242642
3242937
3243140
3243542
3243927
3244006
3244155
3246393
3246457
3246717
3246721
3247861
3249601
3249602
3249603
3249604
3249605
3249606
3249607
3249610
3249611
3249612
3251687
3251904
3252542
3252720
3253999
3254120
3254490
3254491
3254836
3255726
3256366
3256367
3256368
3256430
3257422
3257966
3258013
3258106
3259047
3259078
3259082
3259087
3259105
3259136
3259137
3259138
3259361
3259778
3263283
3263513
3263518
3264841
3265285
3265725
3266762
3267214
3268284
3272561
3272749
3273179
3274434
3274685
3275191
3275344
3275582
3275587
3275737
3275858
3275869
3276206
3276218
3278294
3279055
3279269
3279321
3279338
3279474
3279494
3279576
3280034
3280036
3280232
3280273
3280283
3280286
3280312
3280313
3280342
3280345
3280346
3280354
3280398
3280589
3280596
3280975
3281228
3282125
3282484
3283165
3283468
3284035
3284095
3284291
3284293
3284295
3284322
3284581
3284588
3284598
3291437
3292564
3292695
3293116
3293625
3294210
3295191
3295230
3295263
3299309
3299618
3299669
3299802
3300201
3300946
3301630
3301837
3303987
3305487
3307818
3308917
3309052
3310012
3311027
3311613
3311720
3311721
3311722
3311727
3311743
3311760
3311772
3311781
3312376
3313451
3313597
3313598
3313603
3314031
3314745
3315329
3317641
3317643
3317649
3317834
3317879
3319498
3320719
3321214
3323914
3325103
3325163
3325197
3325472
3325473
3325671
3327479
3327668
3327702
3328524
3330090
3330815
3331403
3331897
3332340
3332471
3333774
3333775
3333830
3333902
3337308
3337311
3337390
3337738
3337922
3338044
3338050
3338068
3338119
3338120
3338465
3339185
3339213
3339232
3339258
3339265
3339267
3339268
3339287
3339931
3340227
3342641
3345666
3346198
3346212
3347827
3347994
3348103
3348301
3349451
3349452
3349453
3349841
3350884
3351018
3351651
3353489
3353568
3354681
3354683
3354685
3355666
3356023
3356973
3356974
3357037
3357038
3357059
3358128
3358850
3365003
3365562
3368181
3368245
3368425
3368762
3368765
3368775
3370149
3370392
3370451
3370473
3370698
3370739
3370742
3371910
3372076
3372937
3374969
3376137
3377391
3377752
3379602
3380883
3381289
3381734
3381735
3381989
3382088
3386511
3386629
3387757
3388491
3388816
3392381
3392497
3396069
3397760
3400054
3401341
3403155
3403266
3403298
3403321
3403323
3403443
3403566
3403640
3403646
3403739
3403751
3403804
3403852
3403870
3403879
3404006
3404017
3404049
3404092
3404093
3404246
3404369
3404422
3404427
3404471
3404472
3404486
3404600
3404913
3404932
3404962
3405030
3405273
3405683
3405691
3405868
3405995
3406577
3406655
3407045
3407572
3407827
3408334
3408445
3409308
3409923
3410403
3410529
3410582
3411200
3416498
3416534
3416572
3416580
3416611
3416635
3416660
3417053
3418632
3423453
3424076
3425233
3425283
3425825
3426652
3426660
3426661
3426693
3426756
3426771
3427187
3427188
3427740
3427743
3428353
3428354
3429232
3429433
3429466
3429467
3429469
3429470
3429471
3429472
3429473
3429474
3429476
3429477
3429478
3429479
3429485
3429487
3429488
3429489
3429490
3430346
3430885
3431459
3431471
3433405
3433412
3437438
3438559
3443807
3443832
3445113
3447033
3447291
3447292
3447293
3447294
3447295
3447296
3447535
3449621
3455551
3456962
3458159
3460949
3468316
3470639
3478241
3479057
3479321
3479391
3479434
3479767
3479817
3479826
3479856
3480108
3483260
3486467
3488881
3488883
3489227
3491424
3491598
3492290
3492994
3493046
3493050
3493054
3493414
3493416
3493417
3493420
3493427
3493428
3493429
3493430
3493520
3493537
3494757
3496811
3496833
3496879
3496889
3496917
3496927
3496936
3496938
3496939
3497290
3497593
3497838
3497877
3500279
3500548
3501956
3502846
3503013
3503088
3503106
3504727
3504759
3507563
3510146
3510293
3517724
3517795
3541104
3544622
3544627
3544628
3544719
3555268
3555269
3555841
3556370
3557275
3558193
3560768
3560861
3566328
3566387
3566535
3568744
3568758
3568759
3568760
3568761
3579014
3579015
3579016
3579017
3579018
3579023
3588661
3589639
3590600
3595965
3596112
3596113
3596147
3596286
3596787
3596813
3597036
3597106
3597217
3597317
3597378
3597411
3597433
3597544
3597565
3597794
3598168
3598184
3598834
3598907
3599005
3599227
3599772
3599810
3600906
3601449
3602416
3602546
3602707
3603307
3603319
3603381
3603725
3603884
3604838
3605248
3605407
3605601
3605703
3607226
3608492
3608922
3609516
3609743
3609853
3609953
3611553
3611969
3612005
3612107
3612170
3612268
3612323
3612524
3612543
3613064
3614047
3614525
3614590
3614824
3614874
3615042
3615363
3615410
3616505
3616584
3616886
3617013
3617627
3618062
3620723
3622251
3625058
3625059
3625201
3626717
3626960
3627978
3629950
3630914
3631666
3631782
3631789
3634387
3638154
3638155
3638174
3638208
3638415
3638705
3638710
3638767
3638800
3638810
3638811
3638818
3640633
3640649
3640670
3640831
3640879
3640885
3640897
3640905
3641861
3642600
3642833
3642835
3642836
3642870
3644558
3644596
3646397
3655527
3655530
3655624
3655673
3658993
3661822
3661826
3665189
3665293
3666001
3666916
3666923
3667303
3667346
3667361
3667370
3667376
3667379
3667506
3667700
3667976
3668025
3668096
3668668
3668670
3669847
3669911
3669920
3669923
3669926
3670206
3671622
3672218
3672659
3680355
3680368
3680606
3683166
3683167
3683168
3683963
3687214
3690028
3690319
3693122
3693237
3693256
3693329
3693364
3693371
3693396
3695700
3695841
3695842
3697203
3697216
3697356
3700053
3701461
3705553
3705750
3715577
3716217
3716262
3716266
3716268
3716285
3716293
3716313
3716317
3716320
3716323
3716324
3716447
3716459
3716583
3719912
3720452
3720578
3720581
3720615
3720629
3722730
3723603
3723616
3725557
3725604
3726219
3726222
3726614
3726960
3729578
3730362
3730416
3730432
3731019
3731031
3731048
3731050
3731372
3732684
3732685
3732695
3732761
3732762
3732764
3732798
3732801
3732879
3732883
3734911
3735019
3735622
3736049
3736286
3737503
3738295
3738369
3738392
3738396
3741135
3742793
3743130
3743653
3743668
3743670
3743950
3744616
3744624
3744742
3749249
3751616
3754393
3755689
3755700
3757268
3757573
3757579
3759538
3759543
3761827
3765568
3765813
3771587
3773299
3773300
3773301
3773305
3773306
3773437
3773585
3773586
3773627
3773630
3773643
3773644
3773645
3773647
3773648
3773651
3773652
3773673
3773674
3773679
3773683
3773827
3773828
3773829
3773830
3773831
3773832
3773833
3773834
3773835
3773837
3773838
3773839
3773840
3773842
3773843
3773844
3773856
3773865
3773866
3773915
3774022
3774023
3776263
3778051
3781300
3781301
3781323
3783328
3783947
3787132
3788411
3789457
3790722
3791894
3791920
3793398
3796333
3802337
3809157
3810940
3811029
3812352
3812369
3812408
3812413
3812432
3812484
3812487
3812488
3812520
3812550
3812551
3812552
3812602
3812603
3812608
3812651
3812653
3812666
3812669
3812670
3812675
3812676
3812677
3812694
3812719
3812721
3812873
3812874
3812905
3812922
3813100
3815617
3818249
3818287
3818674
3827196
3827262
3827759
3828327
3828348
3828393
3828418
3828917
3829020
3829165
3829198
3829448
3833174
3834732
3837597
3837862
3838497
3838555
3838640
3839161
3840214
3840215
3840216
3840763
3841619
3846581
3849505
3849997
3849998
3850057
3850207
3850379
3852272
3852340
3861661
3874993
3876323
3877504
3878114
3878421
3879303
3880025
3880813
3881193
3881692
3881774
3883964
3884062
3884882
3887996
3894055
3895397
3896326
3896335
3896341
3896344
3896350
3900769
3900776
3901149
3903552
3904123
3904129
3904130
3905720
3906234
3907123
3908203
3910030
3910781
3910947
3910979
3911046
3912451
3912487
3915668
3915744
3916278
3918213
3920672
3920706
3920878
3920922
3921110
3922232
3923573
3923814
3923815
3924385
3926287
3926288
3928265
3929579
3930088
3930130
3930390
3933275
3933912
3933976
3934208
3934446
3934936
3935121
3935502
3935503
3935505
3935506
3936089
3936384
3937675
3938423
3938481
3940749
3942587
3942642
3942643
3942644
3943177
3946627
3946652
3946765
3947532
3947595
3947596
3947758
3947822
3948129
3949216
3950923
3951240
3952741
3955203
3956519
3960614
3960615
3960617
3960618
3963200
3963518
3964837
3966103
3967205
3968558
3968829
3968830
3968839
3968898
3968942
3968943
3969419
3969638
3969642
3969752
3969757
3970236
3970450
3970593
3970958
3971931
3972048
3972555
3977672
3979603
3983535
3983536
3983537
3983704
3983706
3984336
3984725
3984782
3985985
3989842
3992062
3994097
3994484
3994666
3996274
3996293
3998151
3998440
3998537
3999180
3999189
3999198
3999532
4001736
4001765
4001766
4003278
4004096
4004369
4004516
4004652
4005241
4005261
4005263
4005422
4005433
4005434
4005604
4005842
4006179
4006571
4007060
4007400
4008268
4008858
4011148
4013457
4013646
4013702
4013704
4015043
4016585
4017272
4017285
4017286
4017287
4017288
4017289
4017290
4017291
4017446
4017447
4022169
4025625
4026907
4027392
4027602
4028649
4028736
4028974
4029296
4029391
4029529
4029563
4029679
4029717
4029896
4029938
4030163
4030275
4031499
4031574
4032539
4032689
4032690
4034132
4034216
4034409
4035008
4035091
4035092
4035364
4036369
4036833
4036834
4037400
4037669
4037689
4038069
4038364
4038365
4041447
4042729
4042771
4042889
4042891
4042902
4042905
4042907
4042908
4042921
4043064
4043065
4043090
4043154
4045247
4047519
4051816
4053010
4054459
4054461
4054659
4054661
4055060
4055061
4055142
4055164
4055165
4055176
4055177
4055179
4055195
4055253
4055350
4055352
4055366
4055367
4055374
4055375
4055386
4055387
4055408
4055422
4055430
4055455
4055470
4055514
4055618
4055619
4055623
4055624
4056209
4056649
4057258
4058477
4059706
4060062
4060063
4060520
4062030
4068487
4070000
4072166
4072428
4073830
4074410
4076995
4076997
4082333
4082335
4082370
4083457
4083458
4083465
4083466
4083481
4083487
4083490
4083514
4083538
4083548
4083549
4083553
4083555
4083556
4083581
4083586
4083595
4083596
4083598
4083606
4083608
4083610
4083611
4083612
4083616
4083618
4083626
4083627
4083634
4083641
4083650
4083654
4083665
4083666
4083669
4083670
4083671
4083672
4083679
4083681
4083684
4083765
4084032
4084145
4084152
4084154
4084156
4084169
4084187
4084197
4084200
4084218
4084220
4084224
4084235
4084239
4084242
4084243
4084246
4084250
4084251
4084252
4084256
4084263
4084343
4086196
4087788
4087789
4087972
4088993
4089399
4089480
4090367
4091370
4094737
4094896
4096089
4096090
4096091
4096828
4099073
4099791
4099958
4099960
4101394
4103325
4106091
4106916
4107420
4107527
4109922
4110042
4110854
4110866
4111177
4111585
4111678
4111690
4112255
4112256
4112265
4112663
4112908
4113134
4113211
4113229
4113905
4114385
4114394
4114417
4114449
4114502
4114547
4114818
4117160
4117690
4117797
4117837
4117838
4117849
4117853
4117854
4117870
4117882
4117883
4117886
4117888
4117889
4117890
4117891
4117895
4117896
4118489
4118490
4118492
4118501
4120465
4120469
4121804
4123593
4123716
4123718
4123720
4123723
4125179
4125209
4125600
4125824
4125874
4126172
4126409
4126438
4126454
4126720
4128475
4128993
4128999
4129000
4129001
4129434
4130622
4131686
4137420
4138316
4138329
4138334
4138335
4138344
4138447
4138452
4138454
4138459
4138465
4138468
4138680
4138699
4138728
4138872
4138896
4139606
4139609
4140485
4141268
4141607
4141608
4141707
4141821
4141838
4141869
4142483
4144184
4144979
4146150
4146153
4148056
4149587
4149594
4151141
4154840
4156186
4156396
4158637
4159016
4160024
4160785
4163000
4163286
4163532
4163911
4167942
4168021
4168696
4169177
4169185
4169186
4169195
4169197
4169198
4169200
4169218
4169219
4169220
4174122
4174444
4175313
4175395
4176407
4176411
4176622
4176865
4176866
4176900
4176977
4177089
4177111
4177182
4178280
4179137
4179967
4180608
4181440
4181459
4181729
4181733
4181948
4181963
4181979
4182046
4182047
4182103
4182104
4182216
4182517
4182521
4182522
4182587
4182592
4182594
4182595
4182602
4182608
4182613
4182614
4182618
4182620
4182621
4182626
4182627
4182629
4182630
4182631
4182634
4182635
4182636
4182637
4182641
4182642
4182646
4182648
4182656
4182657
4182660
4182661
4182674
4182683
4182684
4182685
4182686
4182689
4182697
4182698
4182699
4182700
4182701
4182708
4182709
4182710
4182711
4182712
4182713
4182724
4182725
4182818
4182840
4182841
4182846
4182850
4182851
4182855
4182868
4182869
4182870
4182871
4182872
4182906
4182907
4182908
4183932
4183960
4184328
4184424
4186576
4189385
4189624
4189915
4189918
4189930
4190713
4197026
4198219
4198227
4198287
4198443
4198601
4198609
4198641
4199068
4199351
4199352
4199748
4201941
4203319
4203336
4204542
4204815
4207052
4207092
4207101
4208734
4208783
4209605
4211155
4211542
4213336
4213449
4213976
4213988
4213994
4214001
4214405
4214489
4214497
4216989
4218279
4218695
4222335
4224243
4225816
4228881
4229272
4232104
4233182
4233185
4233846
4233849
4233850
4233853
4233856
4233857
4233860
4233863
4233876
4233893
4235368
4236447
4237620
4238015
4238143
4238458
4239109
4239851
4240857
4241721
4243825
4243945
4243953
4243958
4244537
4244949
4244993
4246308
4247081
4249110
4249165
4249398
4249564
4249582
4251046
4255344
4255698
4255701
4256205
4261320
4263620
4267838
4268135
4268137
4268139
4268141
4271733
4276495
4276775
4277832
4280733
4282390
4284367
4285017
4285095
4285555
4285670
4285681
4285789
4286792
4286902
4287256
4287722
4287812
4287822
4287837
4287864
4297517
4300116
4300448
4301860
4302056
4305748
4308961
4308975
4309722
4311531
4311559
4311732
4311864
4312247
4313436
4314774
4316417
4316423
4324043
4339656
4343656
4344290
4344934
4346862
4346870
4346931
4347251
4351336
4351996
4352660
4352688
4352974
4353718
4357607
4358308
4358491
4359314
4359451
4359463
4359595
4359605
4360738
4361304
4361513
4363623
4363795
4364991
4365046
4365418
4365427
4365432
4365455
4365544
4367295
4367849
4370358
4370404
4373357
4373757
4377200
4384885
4387602
4390902
4390903
4391022
4391314
4391561
4391589
4391592
4391694
4391695
4391818
4391972
4394756
4394757
4397749
4397926
4398089
4398130
4398291
4399310
4399429
4400714
4401138
4402848
4403555
4404678
4405562
4405604
4406149
4406161
4406668
4406672
4406698
4406702
4407153
4408927
4409025
4409197
4409201
4409205
4409214
4410007
4410008
4410009
4410623
4411438
4412138
4413117
4414124
4418570
4418572
4418573
4420331
4420483
4421844
4424968
4427227
4427246
4431066
4431284
4431313
4431349
4431879
4431882
4431888
4431891
4431892
4431894
4431923
4431924
4435609
4435752
4438631
4440349
4440357
4440378
4443149
4444260
4448597
4452214
4452758
4452759
4456892
4459555
4463352
4463354
4463361
4463892
4465303
4465874
4465876
4466029
4466168
4466849
4466979
4466997
4467006
4467954
4468102
4468135
4470090
4475227
4475239
4475342
4475346
4475387
4475487
4475721
4476127
4476744
4476748
4476757
4476883
4476899
4476978
4476979
4477204
4477683
4477684
4477709
4477735
4477756
4477770
4477784
4477785
4477803
4480212
4480307
4480572
4481163
4482170
4482758
4483455
4483456
4483457
4487139
4490953
4495517
4495552
4495564
4495565
4495566
4495643
4495647
4495757
4496724
4497905
4497961
4498929
4498943
4499535
4499538
4499539
4499541
4499542
4500825
4500901
4500940
4501071
4501450
4501975
4502431
4502434
4506184
4506230
4506527
4512886
4513266
4515292
4515302
4515922
4515944
4517621
4517728
4518057
4519083
4523386
4524291
4524740
4524760
4535386
4535391
4536414
4536419
4537594
4537769
4539497
4539791
4539873
4539995
4539996
4539998
4543023
4544540
4544542
4544737
4544745
4544760
4544771
4544874
4544878
4545156
4545526
4545573
4545574
4545576
4545607
4545622
4545670
4545987
4546261
4546262
4546270
4546359
4546716
4546717
4546943
4547477
4547942
4547944
4547945
4548092
4548861
4549190
4549300
4549770
4549938
4549939
4558678
4558679
4558680
4559191
4559791
4559797
4559799
4559800
4559879
4560372
4560468
4560886
4561924
4561973
4561980
4561984
4561988
4561990
4561993
4561995
4563410
4564101
4565885
4565888
4571970
4572661
4576755
4577381
4577848
4578121
4580126
4580199
4581089
4582248
4583662
4583663
4583665
4583814
4585052
4586123
4586474
4588307
4589262
4589276
4589517
4590987
4591543
4591651
4591654
4592142
4592185
4592250
4595625
4597185
4597796
4597800
4597802
4601157
4604571
4605463
4606618
4608743
4609661
4610343
4611790
4611816
4612076
4612209
4612223
4612450
4612514
4612526
4615847
4615848
4615853
4615854
4616515
4618264
4618861
4619818
4620190
4622791
4626010
4626857
4628857
4631258
4631348
4631374
4631480
4631490
4639530
4640260
4644320
4645022
4646239
4646240
4646268
4646272
4646320
4646333
4646366
4647372
4647720
4647764
4648177
4650899
4650919
4651434
4651780
4651781
4651788
4651789
4652242
4652898
4653353
4654852
4655948
4656469
4656535
4656606
4656609
4656907
4661683
4662350
4663343
4663345
4663963
4663968
4664153
4664554
4664852
4664858
4665488
4667060
4668555
4668558
4671910
4672764
4672777
4672788
4672795
4672796
4672797
4672798
4672803
4673992
4674238
4676347
4676350
4677299
4677331
4677979
4678910
4679656
4680087
4680387
4680699
4680969
4681053
4681173
4681603
4683265
4683445
4684369
4684558
4684864
4686334
4686335
4686470
4687308
4687309
4687892
4688718
4688719
4688721
4688785
4688800
4690013
4692026
4692286
4692580
4692643
4692654
4692655
4693780
4694534
4694704
4697547
4697785
4699298
4699318
4699974
4701069
4701393
4701826
4702081
4704064
4704281
4704595
4705135
4707783
4707788
4707899
4710090
4712622
4712635
4712890
4712976
4714432
4714752
4715257
4715258
4717676
4718523
4719760
4722732
4723213
4723215
4723263
4726413
4726424
4728010
4729912
4730505
4731156
4731157
4731170
4731194
4731200
4731460
4731474
4731482
4731484
4731491
4731493
4731503
4731504
4731528
4731532
4731561
4731563
4731616
4731626
4731873
4731877
4731878
4731881
4731883
4731887
4731888
4731897
4733648
4734532
4734995
4735010
4735043
4735044
4735680
4736265
4736272
4736304
4736502
4737101
4737720
4737787
4737880
4737933
4737946
4737947
4737981
4738129
4739628
4741294
4741298
4741377
4743763
4743783
4743785
4745921
4746152
4749343
4749362
4749363
4749364
4749486
4749736
4750124
4752523
4752683
4752726
4753555
4753556
4753881
4753882
4753887
4753898
4753899
4754093
4754509
4754512
4754513
4754520
4754606
4756033
4756062
4756197
4756199
4758047
4758126
4759517
4760613
4761126
4761874
4762270
4762283
4762288
4762751
4762871
4763405
4763406
4763767
4763985
4764398
4766103
4766106
4766111
4766112
4766617
4768057
4769332
4769778
4772135
4772709
4772718
4773011
4775669
4775670
4775929
4776397
4776865
4777398
4777870
4779742
4779744
4779756
4779889
4785053
4786142
4786216
4786224
4788355
4788396
4788397
4788402
4788435
4788813
4788848
4788856
4788870
4788872
4788873
4789063
4789730
4790378
4792793
4792877
4798583
4798585
4800600
4800712
4801435
4805298
4806141
4808563
4809163
4809901
4809921
4809923
4809965
4810316
4810400
4810511
4811652
4811667
4811690
4811737
4811776
4811777
4811778
4811780
4811781
4812692
4815255
4815261
4815285
4815343
4815453
4815965
4817534
4817539
4818622
4819807
4820702
4821068
4823915
4827092
4827437
4830205
4832530
4833225
4833243
4837869
4838869
4840484
4840568
4841437
4843888
4844839
4844877
4845196
4845793
4845815
4845816
4845849
4845912
4845913
4845914
4845933
4845960
4846049
4846050
4846052
4846053
4846063
4846243
4846314
4846317
4846369
4846540
4846864
4846912
4846939
4847183
4847227
4847239
4847264
4847294
4847433
4847434
4847503
4847523
4847584
4847602
4847714
4847826
4847874
4847880
4847886
4847887
4848113
4848127
4848142
4848754
4849000
4852682
4853055
4853675
4855244
4855757
4856081
4856454
4856587
4859778
4859994
4860084
4860191
4860257
4860931
4862172
4862213
4862422
4862599
4862615
4862999
4863000
4863050
4863057
4863058
4863061
4863065
4863066
4863152
4863165
4863199
4863464
4864961
4865107
4865114
4865235
4865725
4867453
4867454
4867455
4867458
4867459
4867460
4867472
4867486
4867740
4867841
4868827
4869567
4869636
4869703
4869722
4871623
4871633
4871701
4871804
4871848
4872174
4873718
4877051
4877396
4877401
4877958
4878099
4878110
4878111
4878112
4878124
4878231
4878551
4878605
4878906
4880110
4881483
4881714
4881718
4881719
4882971
4883010
4883011
4883019
4883021
4883030
4883035
4883036
4883041
4883050
4883058
4883060
4884343
4885455
4889072
4889321
4889746
4889978
4890925
4893129
4893611
4894196
4894205
4894276
4894318
4894608
4895832
4895835
4895839
4895844
4895846
4895848
4895850
4895858
4895860
4895873
4895874
4895933
4895960
4896025
4896038
4896713
4896722
4896816
4898312
4899900
4901328
4901474
4902547
4904420
4904639
4904698
4904699
4904926
4904927
4905053
4905822
4906464
4906792
4906935
4906953
4906962
4906963
4906964
4906965
4907883
4909304
4909333
4910779
4910791
4910891
4911016
4911798
4915925
4919209
4919312
4919347
4919398
4919555
4919616
4919617
4919618
4919624
4919631
4919633
4919634
4919635
4919649
4921480
4922858
4923336
4924733
4924734
4929416
4930031
4930471
4932033
4932447
4934313
4934436
4934751
4934922
4935077
4935227
4938580
4938683
4938727
4938775
4938840
4938879
4938999
4940811
4941463
4942710
4942722
4964379
4966270
4966653
4966663
4966737
4966769
4966771
4966920
4967109
4968700
4968701
4968749
4968750
4968751
4968755
4968756
4968757
4968758
4968759
4968760
4968761
4968766
4968768
4968770
4968772
4968773
4968774
4968777
4968778
4968785
4968786
4968787
4968788
4968789
4968802
4968803
4968804
4968805
4968806
4968808
4968828
4968834
4968840
4968842
4968843
4968847
4968849
4968850
4968854
4968856
4968863
4968864
4968865
4968870
4968871
4968896
4968897
4968899
4968900
4968904
4968906
4968907
4968911
4968916
4968918
4968924
4968936
4968940
4968980
4968995
4969016
4969017
4969028
4969037
4970027
4970033
4970040
4970136
4970137
4970754
4970923
4970925
4970926
4970929
4971032
4971040
4971828
4974630
4974652
4976441
4976464
4977153
4977362
4979825
4979826
4979836
4979841
4979844
4981259
4987623
4987625
4987627
4987628
4987631
4987632
4990685
4990748
4992027
4992884
4992905
4994016
4994018
4994046
4994051
4994054
4994061
4995810
4996581
4998750
4998866
4999417
4999467
4999481
4999862
5000152
5004672
5006267
5006293
5006536
5007989
5007992
5007993
5007996
5008019
5008091
5008153
5009631
5011319
5011599
5011602
5011603
5011604
5012710
5015376
5016975
5019564
5032669
5032677
5032693
5032852
5032978
5033004
5035248
5036099
5038776
5040371
5041774
5041849
5042411
5042578
5042629
5043118
5043454
5043557
5043560
5049730
5050043
5050092
5050198
5050199
5050203
5050219
5050222
5050230
5054537
5054588
5054737
5054758
5054759
5055574
5055771
5055959
5061006
5061702
5061703
5061785
5061953
5062546
5065694
5067107
5067221
5067467
5067580
5071991
5072882
5076418
5076644
5076747
5077565
5079064
5079092
5079154
5079293
5079304
5079305
5079697
5091428
5091539
5091617
5091901
5092119
5092151
5092222
5092254
5092291
5092299
5092329
5095899
5096367
5097166
5097264
5097277
5098129
5098962
5101061
5101269
5101271
5101273
5101274
5102165
5108409
5112396
5113026
5113176
5113901
5115895
5123705
5125353
5125416
5126252
5126955
5126970
5126986
5126987
5127084
5127096
5127118
5127119
5127201
5127204
5128102
5128626
5129403
5130171
5130274
5130367
5130381
5132855
5136481
5137206
5137228
5137472
5137494
5138162
5139759
5140890
5142953
5145236
5145888
5145889
5145890
5145891
5145892
5145893
5145895
5145896
5145897
5145902
5147874
5161549
5161568
5161573
5161615
5161938
5162406
5162823
5162827
5162860
5162888
5162893
5162895
5162899
5162902
5164042
5164059
5164060
5164063
5164113
5164139
5164259
5164277
5164325
5164351
5164577
5164875
5165027
5165132
5165206
5165379
5166995
5167776
5168812
5168815
5168904
5171969
5175482
5177940
5178042
5178105
5178287
5178296
5178297
5178298
5178311
5189115
5190815
5191258
5191268
5191278
5191284
5191285
5191292
5191293
5191294
5191297
5191316
5191320
5191321
5194159
5195024
5196133
5196340
5201325
5201571
5203643
5204291
5204541
5206532
5206841
5206849
5206951
5206953
5206955
5206958
5206959
5206964
5206965
5206966
5206978
5206993
5206994
5206995
5207031
5207033
5207037
5207046
5207056
5207065
5208165
5209100
5209104
5209476
5209493
5209551
5209577
5209587
5209602
5209604
5209616
5209623
5209624
5209634
5209650
5209653
5209690
5209694
5209695
5209713
5209833
5210021
5210199
5210266
5210669
5210670
5210681
5211616
5211667
5211690
5211741
5211742
5211770
5212318
5212326
5212343
5213313
5213331
5213811
5213906
5213907
5214020
5214021
5214022
5214026
5214027
5214076
5221022
5221058
5221103
5221106
5221107
5221108
5221121
5221122
5221138
5221536
5222439
5226841
5226877
5227405
5227408
5230107
5231716
5232833
5234286
5234288
5235026
5235294
5235886
5236511
5237260
5237261
5237263
5238220
5238449
5238510
5238555
5239063
5240489
5242758
5243225
5244545
5244547
5244552
5244556
5244557
5244561
5244568
5244574
5244585
5244587
5244598
5244601
5244603
5248945
5248946
5249228
5249378
5251064
5252817
5253043
5253044
5253684
5256166
5256751
5257229
5257239
5263443
5264933
5274837
5277020
5277021
5277036
5277039
5277047
5277048
5277052
5278205
5278446
5278476
5278503
5279716
5280181
5281743
5281820
5287219
5287801
5288167
5288866
5291461
5291578
5291583
5291585
5291588
5291613
5292273
5293212
5295692
5295699
5295751
5295956
5296916
5299168
5300220
5300311
5301407
5301408
5301409
5301411
5301413
5301414
5301415
5301416
5301417
5301422
5301424
5301426
5301430
5301432
5301435
5301440
5301444
5301447
5303048
5306117
5306280
5306338
5306339
5306360
5306361
5306363
5306387
5306449
5306741
5307641
5309616
5309722
5310541
5310562
5310575
5310760
5310762
5310857
5311544
5311884
5311915
5314336
5316009
5316551
5316586
5316638
5316655
5316681
5316971
5319158
5321009
5322899
5322900
5322968
5326557
5326733
5326755
5326757
5326817
5328642
5329712
5331304
5334236
5335035
5335076
5336437
5337461
5338142
5342867
5343541
5344198
5344210
5344577
5346583
5346585
5346670
5347349
5347366
5349007
5350822
5351633
5352741
5352749
5352826
5352969
5354193
5354197
5354241
5354462
5355294
5355297
5355361
5355388
5356164
5356166
5357721
5357799
5357863
5359780
5360863
5361143
5362966
5364068
5364264
5365153
5365889
5365983
5366029
5366151
5368194
5369422
5369496
5369514
5369532
5370127
5370604
5370935
5371594
5371681
5372018
5375123
5375174
5375209
5375237
5375248
5378137
5378149
5378151
5378154
5378159
5378930
5381216
5382017
5382245
5382250
5382252
5382259
5385175
5385336
5387089
5387090
5390686
5390811
5390813
5390837
5390842
5390883
5390887
5390929
5390940
5390967
5395330
5396776
5397656
5398306
5399091
5400758
5400763
5402035
5402071
5405546
5407488
5408473
5408562
5411360
5411455
5414046
5416609
5417345
5417990
5417994
5418125
5419608
5420527
5421724
5422148
5422187
5422191
5422192
5422195
5422214
5422276
5422327
5422631
5422637
5422644
5422649
5422654
5422656
5422657
5422989
5426776
5426810
5434113
5434171
5434173
5434178
5434726
5435541
5435866
5436311
5436596
5436760
5439968
5440361
5440365
5440647
5441657
5447307
5447520
5449395
5449396
5449777
5451338
5454722
5456311
5458579
5458582
5460284
5460289
5460291
5460292
5460299
5460302
5460304
5460305
5460308
5460310
5460312
5460313
5461700
5462800
5466132
5466835
5467315
5467642
5467643
5468004
5468872
5468892
5469157
5469859
5469876
5470842
5470867
5470951
5470952
5470954
5471433
5472435
5475452
5476536
5476667
5477096
5479158
5479295
5480590
5480591
5480602
5482391
5484553
5485352
5486835
5486838
5486840
5487143
5487319
5489410
5489411
5489424
5489650
5490719
5490720
5490721
5490770
5491000
5491066
5491413
5493102
5493348
5493412
5493455
5493733
5498677
5499437
5501119
5501463
5504383
5504400
5505326
5505485
5506469
5510119
5511036
5511058
5511328
5511433
5511437
5511438
5512266
5512481
5513471
5513756
5513917
5514755
5514949
5514999
5515389
5522622
5522651
5523621
5523721
5524376
5524387
5524392
5524402
5525031
5526857
5527082
5527106
5527296
5527314
5527372
5528289
5528910
5533201
5533217
5533266
5533309
5533465
5535238
5535297
5535304
5535333
5535335
5535386
5535756
5537617
5538030
5539657
5540107
5542557
5542560
5542988
5543414
5543434
5544117
5544118
5545263
5545286
5545298
5545299
5545840
5546059
5546549
5546694
5546834
5546874
5546969
5547003
5547314
5547325
5547347
5547350
5547364
5547367
5547369
5547370
5547371
5547374
5547377
5547378
5547379
5547383
5547408
5547416
5547452
5547462
5547673
5547683
5547685
5547688
5547693
5547694
5547696
5547698
5547700
5547707
5547715
5547716
5547720
5547721
5547733
5547737
5547740
5547768
5547802
5547803
5547824
5547831
5547841
5547847
5547878
5547888
5547915
5547916
5548005
5548726
5549703
5549733
5552805
5554545
5555157
5555162
5555729
5555760
5556040
5556041
5556099
5556345
5556366
5556377
5557215
5557234
5557258
5557265
5557284
5557640
5559948
5560538
5560624
5561166
5561170
5561171
5562100
5562828
5563321
5564034
5565407
5565899
5566592
5566599
5566601
5566602
5566608
5571993
5572119
5572120
5572801
5572835
5572889
5572897
5572899
5573601
5573839
5573853
5573859
5574446
5574447
5574450
5574451
5574452
5574456
5574460
5574500
5574976
5575273
5576203
5576448
5576639
5577061
5577371
5580356
5583940
5584115
5584135
5584193
5584197
5585176
5586582
5586689
5587962
5588189
5589578
5589967
5589968
5589969
5589972
5589976
5589977
5589981
5590209
5591385
5594473
5594478
5594524
5596117
5597172
5601544
5601551
5602474
5602904
5603593
5603898
5604152
5604408
5605245
5605375
5606482
5609627
5613087
5613089
5613092
5613095
5613739
5613740
5613741
5613750
5613761
5613781
5613788
5613825
5613889
5613937
5613938
5613941
5613942
5613944
5613960
5613963
5614664
5615077
5615078
5615182
5616652
5616719
5616812
5618872
5618947
5619079
5623352
5627327
5630052
5632018
5632114
5632277
5633262
5642290
5642358
5642574
5642631
5642730
5645642
5645857
5645859
5645865
5645956
5647810
5648171
5648174
5648175
5649098
5649099
5649100
5650128
5650138
5651387
5654752
5654796
5654944
5654945
5654946
5654950
5654952
5654954
5654957
5654982
5654987
5654990
5654991
5654996
5655000
5655011
5655071
5656906
5657063
5658835
5658846
5660315
5660379
5662622
5662661
5663854
5663859
5663868
5664165
5664180
5664251
5664491
5664499
5666523
5666537
5666547
5666548
5666554
5666651
5673564
5673699
5674134
5674144
5674926
5674927
5677011
5677287
5677292
5677293
5677294
5677297
5677310
5677922
5677925
5677927
5677929
5677930
5677938
5678253
5678262
5678267
5678284
5678310
5678322
5678323
5678324
5678325
5678512
5680299
5684165
5685444
5685451
5686123
5689855
5689923
5691208
5691313
5694070
5696124
5696354
5696993
5697111
5697296
5697297
5698011
5699045
5699466
5702566
5704140
5704838
5705016
5705906
5706190
5706281
5706283
5706812
5707005
5707215
5708252
5708833
5710353
5710443
5712444
5712462
5712463
5714784
5714964
5716340
5717151
5717247
5720679
5726220
5726745
5726761
5726775
5726801
5726836
5726840
5727181
5727888
5728450
5731807
5732243
5732251
5732530
5732828
5733293
5733372
5733399
5733486
5733487
5733496
5733497
5734237
5734241
5736631
5740332
5740545
5740689
5740795
5741096
5741157
5742452
5742453
5747154
5747198
5747220
5747299
5748822
5748823
5749215
5749312
5752177
5752376
5752379
5752385
5752745
5752802
5753887
5753888
5754321
5754332
5754353
5754854
5756163
5756167
5756601
5756632
5756705
5758108
5760802
5761123
5761153
5761154
5761156
5761381
5762555
5762888
5767219
5767220
5767246
5767264
5767720
5769500
5769588
5771621
5772196
5772197
5772199
5772202
5772917
5772922
5772931
5772986
5773016
5773635
5773771
5773782
5774150
5774154
5774262
5774370
5774375
5774377
5774390
5775113
5775276
5775288
5776339
5778040
5779260
5783242
5783249
5783300
5784741
5784794
5784877
5784882
5784902
5784925
5785344
5785402
5790380
5790410
5790754
5791226
5791852
5791900
5791901
5791912
5791920
5791921
5791938
5791948
5791954
5791975
5791985
5793129
5793211
5793214
5793216
5795386
5795391
5795392
5795393
5795394
5795397
5795412
5795413
5797961
5799190
5799625
5800498
5800504
5801040
5801550
5801664
5801763
5801853
5801867
5801870
5801872
5801873
5801905
5801906
5801938
5801939
5802361
5803680
5804927
5804928
5805220
5807213
5807232
5808017
5808018
5808019
5808025
5808048
5808063
5808065
5808072
5808073
5809975
5809976
5809985
5810338
5812327
5812328
5813179
5814269
5814305
5814366
5819323
5821257
5821265
5821269
5821692
5823647
5824511
5824616
5824617
5824624
5824652
5826678
5826750
5826756
5826757
5828922
5829162
5829420
5829791
5833344
5833345
5834167
5835203
5835242
5835467
5841811
5841817
5841835
5842936
5843507
5851542
5851812
5858486
5858754
5859662
5859876
5859994
5862069
5866369
5866371
5866372
5866382
5866405
5866408
5866409
5866411
5867272
5868478
5868622
5868628
5868668
5868676
5868709
5868898
5869654
5869667
5869697
5869812
5873762
5874633
5874673
5874742
5874744
5875249
5875570
5875981
5877880
5881892
5885460
5885473
5885479
5887489
5887840
5888970
5894555
5907048
5907322
5908340
5908359
5908830
5908873
5909024
5909263
5909285
5909414
5909467
5909602
5909667
5910247
5910798
5910831
5911025
5911036
5911138
5911155
5911174
5911327
5911370
5911439
5911618
5911806
5911880
5912022
5912058
5912186
5912342
5912907
5913236
5913404
5913503
5913518
5913592
5913693
5913753
5913871
5913987
5914149
5914159
5914292
5914636
5914978
5915152
5915256
5915265
5915316
5915338
5915489
5915563
5915616
5915750
5915902
5916020
5916116
5916295
5916830
5916831
5916966
5917200
5917266
5917267
5917277
5917327
5917668
5917755
5917775
5918208
5918294
5918473
5918771
5918794
5918846
5918874
5918951
5918960
5919001
5919022
5919263
5919615
5919622
5919635
5919765
5919834
5919835
5919865
5920060
5920068
5920090
5920217
5920321
5920812
5921195
5921519
5921587
5921897
5921988
5922080
5922152
5922224
5922260
5922352
5922510
5922867
5922935
5922972
5923182
5923372
5923428
5923662
5923907
5924035
5924117
5924378
5924385
5924433
5924454
5924467
5924478
5924482
5924743
5924825
5924925
5924939
5925006
5925413
5925485
5925671
5926135
5926145
5926389
5926608
5926806
5927100
5927109
5927257
5927318
5927430
5927690
5927694
5927719
5927720
5927797
5927808
5928013
5928181
5928323
5929725
5929928
5930141
5931150
5931355
5931409
5931888
5932812
5933117
5933123
5937414
5937474
5937920
5938985
5942582
5942660
5942720
5946675
5947916
5950005
5950019
5950042
5950704
5951805
5953072
5955612
5956659
5959106
5963199
5963434
5964289
5965555
5966048
5966153
5968132
5968444
5968464
5970256
5971181
5973317
5973318
5973605
5973857
5975007
5975073
5977385
5980376
5980756
5981021
5981483
5981851
5982737
5983274
5983333
5984043
5984186
5984263
5985027
5985642
5985643
5989443
5991002
5991030
5991859
5992916
5992981
5992992
5996139
5996140
5996152
5997095
5997169
5997485
5997567
5997947
5998219
5998431
5998611
5998625
5999320
5999473
5999475
5999479
5999481
5999482
5999487
5999490
5999491
5999512
5999521
6002461
6004093
6004571
6005394
6005530
6005719
6007358
6009743
6009744
6013602
6013627
6013703
6015668
6015673
6015719
6015723
6015726
6017448
6017449
6017450
6017462
6017503
6018683
6018684
6019933
6019939
6019941
6019945
6021720
6023775
6023792
6023794
6023810
6023814
6023815
6023819
6023831
6023836
6023837
6023839
6023841
6023844
6023846
6023974
6024108
6024146
6024244
6024248
6024250
6024289
6024294
6024296
6024297
6024331
6024382
6024406
6024420
6024433
6024435
6024550
6024553
6024554
6024729
6024761
6025193
6025549
6025591
6026491
6029471
6029632
6029858
6029918
6029920
6032588
6032670
6032694
6035783
6035788
6035825
6035938
6035943
6035962
6036063
6036100
6036103
6036115
6036230
6036379
6036613
6036658
6036661
6036662
6036688
6036704
6036715
6036724
6036750
6036753
6036757
6037339
6037441
6040465
6040827
6043782
6044857
6044858
6044919
6045116
6045302
6045311
6046510
6046546
6047463
6047543
6048489
6051117
6051119
6053609
6053831
6054232
6054233
6054241
6055019
6055146
6068617
6069414
6069528
6070243
6070786
6071472
6072713
6072720
6072722
6072731
6072735
6072736
6072739
6072740
6072741
6072748
6072793
6072811
6072816
6072820
6072821
6072829
6072831
6072833
6072834
6072835
6072844
6072898
6073696
6073697
6073764
6073765
6073852
6074877
6074878
6075225
6075626
6075760
6077646
6077647
6077712
6079104
6079426
6079440
6081270
6083340
6083481
6083567
6083575
6083578
6083788
6084789
6084790
6084990
6086578
6086745
6086888
6086890
6086891
6086893
6088997
6089048
6093813
6093843
6094350
6097255
6097259
6098072
6100972
6101510
6101511
6101519
6101520
6101530
6101858
6102710
6104160
6105228
6106406
6106447
6106448
6106449
6106481
6106491
6106492
6106543
6106546
6106548
6106551
6106571
6106574
6106590
6106593
6106600
6106623
6106626
6106627
6106628
6106631
6106633
6106634
6106636
6106654
6106655
6106658
6106815
6106848
6106876
6106905
6107813
6110682
6110684
6111072
6111084
6111205
6113027
6113040
6114048
6114050
6114054
6114060
6114064
6114066
6114073
6114077
6114084
6114089
6114279
6118716
6119745
6119803
6119806
6119817
6121823
6123748
6124181
6124690
6125859
6125969
6126004
6127833
6128647
6130540
6132395
6132712
6134292
6137890
6139589
6143382
6143383
6143385
6143386
6143412
6143433
6144589
6144623
6144624
6144626
6144628
6144681
6144683
6144703
6144704
6144730
6144739
6144790
6144799
6144800
6144803
6144811
6144818
6144834
6144853
6144870
6144873
6144896
6144906
6144913
6144917
6144919
6144928
6150802
6150803
6153641
6156811
6156812
6160846
6160847
6160849
6160853
6160855
6160857
6161284
6162749
6162751
6162752
6162759
6162787
6162789
6162791
6162807
6162808
6162810
6162811
6162814
6162816
6162821
6162822
6162823
6162825
6162827
6162833
6162835
6162837
6162841
6162849
6162851
6162862
6162912
6162916
6162929
6162930
6162955
6163015
6163073
6163083
6163095
6163115
6163126
6163127
6163130
6163138
6163140
6163141
6163142
6163147
6163150
6163152
6163153
6163154
6163155
6163156
6163160
6163162
6163169
6163172
6163178
6163184
6163186
6163187
6163188
6163189
6163190
6163196
6163198
6163200
6163207
6163208
6163209
6163218
6163237
6163241
6163243
6163265
6163268
6163270
6163273
6163282
6163283
6163285
6163287
6163288
6163290
6163291
6163292
6163295
6163296
6163297
6163307
6163319
6163321
6163331
6163359
6163382
6163396
6163397
6163402
6163422
6163427
6163435
6163444
6163445
6163476
6163477
6163488
6163490
6163491
6163496
6163504
6163506
6163508
6163510
6163513
6163519
6163522
6163534
6163555
6163564
6163565
6163574
6163582
6163584
6163585
6163588
6163592
6163594
6163596
6163598
6163600
6163603
6163607
6163608
6163633
6163635
6163636
6163653
6163664
6163677
6163683
6163688
6163689
6163690
6163691
6163693
6163694
6163696
6163697
6163702
6163704
6163709
6163710
6163711
6163716
6163730
6163731
6163732
6163914
6164427
6164429
6164431
6164432
6164449
6164450
6164464
6164473
6164483
6164488
6164521
6164549
6164550
6164562
6165283
6165911
6166961
6167561
6167562
6167906
6169324
6169504
6169505
6169506
6169507
6169537
6169538
6169598
6169601
6170964
6171224
6171450
6171496
6171524
6171574
6171575
6174403
6174458
6174591
6182661
6182684
6182687
6182715
6182786
6182875
6190367
6191230
6191645
6193064
6193065
6193068
6193080
6193215
6196032
6196052
6199348
6199595
6199855
6199856
6199885
6199926
6200101
6200177
6200246
6200276
6200554
6200558
6200559
6200566
6200688
6201291
6201400
6201560
6205152
6205340
6205345
6205358
6205367
6205373
6205375
6205377
6205381
6205382
6205386
6205396
6205397
6205413
6205414
6205450
6205451
6205462
6205464
6205465
6205468
6205470
6205475
6205477
6205480
6205482
6205483
6205521
6205524
6205534
6205587
6205812
6205853
6211979
6212002
6212502
6212506
6212594
6212698
6213268
6213333
6213459
6216917
6218789
6218791
6218793
6223599
6223600
6223603
6223616
6226718
6226719
6226722
6226775
6230254
6230359
6230361
6230363
6230365
6230366
6230369
6230370
6230371
6230373
6230381
6230382
6230388
6230393
6230450
6230536
6230664
6230669
6231597
6231708
6231993
6232431
6232703
6235274
6236388
6236565
6236783
6236989
6236993
6237037
6237061
6237062
6237063
6237066
6237471
6237498
6237500
6237805
6238856
6243928
6243932
6244398
6244405
6244413
6244416
6244419
6244433
6246724
6246744
6248150
6248151
6248236
6248308
6248635
6248636
6248750
6249125
6249126
6251079
6254215
6259249
6259553
6259565
6261119
6261120
6261813
6261814
6263268
6263289
6263759
6265126
6265201
6265208
6265213
6265537
6265591
6265592
6265882
6265922
6265924
6265926
6266027
6267243
6268782
6268784
6268787
6268811
6268924
6268932
6268942
6268963
6268983
6269729
6269736
6269740
6269757
6269824
6269825
6269841
6269881
6269884
6269899
6270375
6270417
6270419
6270447
6270472
6270481
6270487
6270490
6270502
6270516
6270527
6270542
6270548
6270556
6270558
6270559
6270568
6270623
6274071
6274089
6274103
6274110
6274143
6274157
6280233
6280239
6280418
6280448
6280507
6283026
6283056
6283065
6285990
6285991
6286125
6286126
6286531
6288376
6292985
6297915
6297960
6298048
6298103
6298107
6298475
6298477
6298488
6298507
6299522
6299527
6299531
6299864
6301515
6301545
6310343
6310638
6313196
6319041
6319125
6319196
6319256
6325360
6325642
6325820
6325844
6325939
6326393
6327010
6327236
6327283
6327331
6327521
6327542
6327668
6327746
6327758
6327774
6327788
6327791
6327812
6327824
6327845
6327856
6327858
6327891
6327910
6327920
6328050
6328090
6328101
6328302
6328334
6328344
6328382
6328385
6328463
6328473
6328500
6328533
6328552
6328574
6328612
6328681
6328720
6328764
6328780
6328808
6328866
6328989
6329062
6329090
6329318
6329400
6329423
6329454
6329455
6329523
6329558
6329589
6329630
6329782
6329941
6330068
6330070
6330130
6330148
6330245
6330285
6333839
6335017
6335234
6335628
6337498
6337601
6337644
6337821
6337959
6337970
6338026
6338235
6338438
6338510
6338582
6338584
6338625
6338725
6338761
6338791
6338852
6338954
6339068
6339076
6339101
6339182
6339196
6339239
6339249
6339253
6339404
6339704
6339913
6340072
6340298
6340528
6340697
6340735
6340907
6340991
6341048
6341194
6341456
6341517
6341533
6341552
6341561
6343081
6343447
6343643
6344037
6344067
6344254
6344439
6344441
6345165
6350428
6352434
6352544
6352615
6353598
6354386
6355003
6359659
6359845
6359848
6362040
6362041
6364744
6366337
6368561
6375694
6376844
6379273
6381960
6381962
6381977
6384350
6384368
6384404
6385041
6385045
6385055
6388200
6388876
6391169
6393457
6396012
6399594
6399938
6400180
6400182
6401262
6402338
6402392
6402398
6402399
6402400
6402402
6402404
6402405
6402411
6402417
6402420
6403203
6403624
6403640
6403651
6403660
6404724
6404744
6404745
6406135
6406597
6409472
6413771
6414141
6414155
6414659
6415566
6416183
6417725
6417733
6417888
6417912
6419732
6420233
6423027
6424060
6424069
6426061
6426709
6426710
6427243
6427515
6427908
6427969
6427992
6428613
6431309
6434661
6439106
6439117
6440423
6440715
6443447
6443448
6445207
6450459
6454294
6455038
6455379
6455602
6455864
6455923
6456096
6456155
6456270
6456271
6456272
6456274
6460903
6460912
6463114
6463139
6463140
6465056
6469596
6475420
6476391
6476402
6476742
6476883
6477117
6477125
6482468
6483131
6488509
6492675
6492678
6494650
6496933
6497276
6497563
6498110
6498216
6499388
6501997
6502978
6502979
6502981
6503494
6503529
6503541
6503726
6503760
6503800
6503801
6503862
6503873
6503880
6503882
6503884
6503886
6503887
6503931
6504089
6504243
6505015
6508415
6509276
6509677
6509867
6510546
6511088
6511176
6511917
6511932
6511939
6511974
6514550
6514990
6514999
6515544
6515570
6515677
6515990
6516293
6516839
6518986
6519080
6519103
6519191
6519237
6519338
6519343
6519392
6519447
6519448
6519453
6519454
6522481
6524956
6527022
6529456
6529597
6533196
6533270
6535343
6538552
6540297
6545247
6546018
6546466
6547244
6547261
6547270
6547272
6547304
6547385
6547973
6548102
6548150
6548164
6549972
6550767
6552407
6559312
6559513
6564163
6565430
6567588
6567960
6569183
6569768
6571067
6571068
6571277
6571929
6574537
6574725
6574931
6575308
6575769
6575774
6575783
6575784
6575785
6575881
6578598
6579054
6579940
6581377
6581380
6582055
6582358
6583162
6583298
6583803
6583911
6585207
6586902
6588889
6589603
6590007
6590009
6591439
6591442
6591538
6592082
6592713
6592717
6592718
6592722
6592723
6593396
6595704
6596015
6596036
6596072
6596074
6596415
6596936
6596990
6597141
6597153
6597174
6603514
6603796
6603894
6603896
6604936
6604966
6604970
6604980
6605080
6605684
6607797
6610142
6610153
6610169
6610472
6610579
6610599
6618344
6619474
6619607
6621665
6621975
6622023
6623603
6626028
6626034
6626041
6626714
6626761
6626968
6628031
6631471
6633773
6633783
6635872
6636266
6636268
6638681
6638977
6641915
6641925
6641932
6642011
6643842
6644147
6644172
6644402
6644414
6644418
6644419
6646245
6650779
6652059
6652060
6653288
6653830
6653839
6653841
6656932
6660098
6660102
6662302
6665129
6665135
6665872
6667985
6670472
6675386
6675394
6677833
6677835
6677945
6677954
6678015
6678028
6678260
6678453
6678456
6678460
6678465
6678466
6678503
6678538
6680194
6680500
6682360
6682369
6683656
6683708
6683814
6683967
6684389
6686303
6686463
6686725
6687031
6687125
6687129
6687153
6687180
6687236
6687354
6687355
6687890
6687956
6689868
6689886
6691326
6692224
6692738
6693483
6693496
6694491
6696047
6696538
6698726
6698870
6700401
6700433
6700666
6700669
6700680
6700681
6700747
6700763
6700810
6700819
6700942
6700953
6700954
6700955
6700956
6700958
6700984
6704147
6706667
6706668
6706670
6706676
6706919
6707363
6707367
6708048
6710548
6710577
6711230
6711469
6711610
6711880
6711907
6713450
6713451
6713458
6714817
6717101
6718227
6718887
6718897
6724440
6725627
6727466
6729454
6729921
6730896
6731332
6731624
6732287
6734522
6736077
6736151
6736391
6736478
6736526
6736545
6736547
6736573
6737951
6737953
6737954
6738709
6739121
6739126
6739156
6741347
6741701
6741703
6741704
6741705
6742233
6742520
6742855
6743543
6743591
6743592
6743594
6743852
6744402
6744888
6745615
6746099
6748439
6749117
6749119
6749216
6749491
6749531
6750208
6750972
6751193
6751688
6754020
6754032
6754038
6754049
6754050
6754051
6754706
6755472
6756192
6757091
6757305
6757335
6757336
6757338
6757339
6757350
6758015
6758140
6758159
6758452
6758575
6758812
6759289
6759386
6759393
6760175
6761110
6761476
6761780
6762448
6762960
6763257
6763258
6763281
6763327
6764131
6764822
6765633
6765636
6765637
6765866
6766756
6766787
6766868
6766916
6768084
6768151
6768357
6768512
6769841
6770325
6771007
6771043
6771626
6771698
6771699
6771700
6772175
6772819
6772907
6772912
6772918
6772941
6774229
6774249
6774338
6774374
6774582
6774801
6774806
6774808
6774868
6774869
6775022
6775039
6775052
6775545
6776210
6776214
6776215
6776234
6776257
6776259
6776264
6776265
6776484
6776493
6776594
6776595
6776596
6776692
6776710
6776719
6776859
6776889
6776890
6776892
6776894
6776895
6776909
6776929
6776930
6776939
6776940
6776941
6776956
6776966
6776967
6776990
6776991
6777074
6778054
6783772
6784046
6786111
6786756
6787523
6787527
6789307
6790182
6794088
6797965
6798403
6801255
6807881
6808001
6808475
6809453
6812745
6812875
6813382
6814359
6815306
6818201
6819363
6819575
6820215
6823750
6823829
6823999
6824031
6824037
6824057
6824162
6824221
6824256
6824463
6825039
6825235
6825317
6825517
6825714
6825720
6825825
6826245
6826382
6826705
6826878
6826880
6826883
6826887
6826899
6826901
6826934
6826935
6826936
6826937
6826938
6826939
6826940
6826941
6826943
6826945
6826947
6826948
6826949
6826958
6826959
6826975
6826978
6826995
6826996
6826997
6827000
6827002
6827003
6827288
6827289
6827700
6827768
6827821
6827837
6827876
6828005
6828082
6828259
6828286
6828326
6828476
6828523
6828537
6828670
6828686
6828993
6829085
6829147
6829155
6829231
6829263
6829324
6829325
6829326
6829411
6831000
6831026
6831027
6831082
6831168
6831198
6831214
6831215
6831216
6831219
6831221
6831232
6831233
6831260
6831268
6831274
6831275
6831342
6831369
6831372
6831379
6831387
6831441
6831444
6831450
6831477
6831478
6831482
6831492
6831502
6831503
6831508
6831513
6831519
6831535
6831537
6831538
6831540
6831547
6831556
6831558
6831559
6831562
6831587
6831589
6831593
6831594
6831595
6831596
6831605
6831680
6831689
6831724
6831748
6831754
6831781
6831914
6831975
6832031
6832062
6832071
6832673
6833359
6835989
6839610
6839684
6845750
6847197
6847572
6852041
6852301
6852418
6852479
6852525
6852526
6852536
6852689
6853010
6854186
6857717
6858003
6872694
6875506
6875587
6876872
6876962
6877881
6880085
6880172
6880394
6882825
6882839
6884397
6884401
6884491
6884492
6884493
6884495
6884503
6884507
6884510
6888950
6890728
6892528
6892899
6893012
6893029
6899430
6899719
6906284
6909884
6910180
6911272
6911337
6911784
6912252
6915937
6915976
6917054
6917058
6917060
6917061
6917062
6917071
6918623
6921659
6922817
6924680
6924842
6924846
6924993
6925188
6925190
6925407
6926189
6926701
6926817
6927403
6928662
6928929
6928930
6929114
6929119
6929130
6929152
6929343
6929349
6929350
6929360
6929375
6929386
6929613
6929621
6929625
6929632
6929633
6929641
6929662
6929677
6929679
6929683
6929690
6929697
6929703
6929707
6929718
6929720
6929735
6929737
6929758
6929760
6929761
6929764
6929781
6929862
6929872
6929887
6929952
6929971
6930100
6930103
6930647
6930698
6930703
6932166
6932273
6932552
6933186
6933188
6933204
6934077
6934079
6934081
6934083
6936790
6937013
6937108
6937152
6938402
6938427
6938499
6939013
6939080
6939081
6939869
6940030
6940439
6940458
6940461
6940465
6940472
6940491
6941005
6941152
6941197
6941212
6946455
6947494
6947936
6948005
6948794
6950683
6952500
6952622
6956146
6958553
6959035
6960258
6960394
6961960
6963467
6963469
6963475
6963477
6963491
6963741
6963804
6963805
6964959
6975286
6975357
6975666
6975782
6976812
6977131
6977493
6978671
6980289
6980403
6980513
6980527
6980544
6981979
6982112
6982113
6982566
6982621
6982634
6982805
6984153
6984237
6984677
6985973
6987351
6988499
6988553
6990414
6991352
6994815
6995077
6995700
6996168
6996169
6998648
6998698
6998755
6999369
7000672
7000902
7000934
7004924
7005840
7006137
7006935
7007414
7007958
7010231
7011333
7011750
7012105
7014002
7014195
7014955
7015686
7017175
7018240
7020059
7022881
7023102
7023146
7023147
7023552
7023556
7024028
7024043
7024075
7024894
7025031
7026054
7026568
7027854
7028016
7032149
7034579
7034584
7034587
7034764
7036170
7038100
7039259
7039334
7039337
7039338
7039345
7039437
7039532
7039829
7039854
7039904
7040797
7041173
7041696
7043353
7045829
7045969
7046879
7046901
7046962
7047196
7047198
7047283
7047299
7048828
7049023
7049152
7053040
7056010
7056415
7056420
7056424
7056428
7056429
7056433
7056948
7059743
7059760
7059910
7060213
7060658
7060659
7060662
7061602
7061632
7064862
7065791
7067479
7070123
7072933
7073718
7073756
7073773
7073775
7073816
7074688
7075035
7075268
7075393
7075775
7076594
7077562
7077571
7077753
7080271
7081160
7082952
7084369
7085732
7086060
7086092
7086125
7086128
7086133
7086140
7086144
7086211
7087645
7088115
7088193
7088196
7093270
7093274
7093872
7093873
7095208
7098678
7100549
7102379
7103190
7103194
7104685
7105112
7107298
7108807
7109243
7110217
7110220
7113004
7116171
7116178
7116378
7117738
7118970
7119358
7120878
7121261
7122338
7122732
7124479
7126870
7127630
7129070
7129426
7130849
7133228
7136109
7136556
7136559
7136562
7136566
7136569
7136572
7136573
7138661
7139124
7139125
7139126
7139127
7139135
7139426
7139825
7140196
7140519
7141173
7141298
7141377
7141378
7141484
7141490
7141535
7141596
7142005
7142097
7143032
7143942
7145152
7148977
7149044
7150402
7151947
7155565
7157989
7160596
7161354
7162197
7162548
7162556
7162557
7162975
7164342
7164924
7166037
7166042
7166062
7166240
7168203
7168253
7169870
7169994
7170486
7171184
7171185
7171186
7171188
7171190
7171264
7174447
7174709
7175107
7176602
7176603
7177133
7179830
7180086
7180573
7180574
7182599
7182600
7185923
7185935
7187706
7188221
7189335
7189336
7189338
7189339
7189340
7189360
7189361
7189367
7189373
7189374
7189375
7189378
7189379
7189380
7189381
7189383
7189386
7189387
7189388
7189389
7189390
7189391
7191916
7192060
7193489
7198355
7198361
7198368
7199392
7199400
7199403
7199746
7199747
7199748
7199754
7199755
7199756
7199760
7199761
7199762
7199764
7199900
7200972
7207751
7207758
7207846
7207913
7207914
7208093
7209937
7210319
7210328
7210358
7210369
7210587
7210588
7210596
7211430
7211431
7213158
7213406
7214016
7214324
7214504
7214520
7215142
7215197
7215271
7215774
7217795
7218349
7219259
7220042
7220135
7220141
7220802
7222434
7230412
7230464
7230514
7232168
7232431
7232447
7232964
7233680
7233692
7233701
7233826
7233845
7233973
7233993
7235838
7236677
7236681
7237075
7238243
7238311
7238362
7238457
7238499
7238512
7238516
7238517
7238520
7238523
7238528
7238530
7238534
7238535
7238536
7238537
7238706
7238707
7243072
7243845
7244011
7244359
7245141
7246939
7247476
7247519
7247710
7248332
7248846
7249921
7255323
7257734
7261620
7261645
7261646
7261672
7263706
7266593
7268442
7270718
7271253
7271329
7271434
7271435
7271642
7271652
7271653
7272454
7272982
7273352
7273357
7274089
7278204
7279984
7280085
7281797
7282478
7283456
7283457
7283467
7283482
7283534
7283788
7284274
7285976
7286058
7286574
7288684
7289130
7289277
7289678
7289679
7290125
7291082
7292670
7292671
7292870
7293111
7293590
7294146
7296494
7296507
7296625
7296746
7297249
7299257
7301496
7301519
7301942
7301943
7302943
7302967
7303625
7303628
7303672
7303774
7303780
7303781
7303785
7303792
7303976
7304343
7304649
7306603
7306846
7309176
7309766
7311465
7313290
7314251
7315142
7315168
7315259
7315391
7315405
7315694
7316239
7316344
7316356
7316370
7316976
7319113
7321470
7321692
7323070
7323102
7323107
7323179
7324468
7324518
7324838
7324851
7324901
7324904
7324920
7324924
7324926
7324929
7325026
7325730
7326854
7328557
7328594
7329176
7329177
7329182
7329185
7329186
7329231
7330720
7332325
7333129
7333717
7333725
7336640
7340298
7341350
7341795
7341796
7343369
7343462
7343523
7343971
7343975
7345146
7346579
7347224
7347888
7348080
7349423
7349428
7349429
7349430
7349437
7349438
7349440
7350260
7350263
7350333
7355042
7355260
7357066
7357766
7358257
7360563
7361165
7361190
7361453
7363940
7364080
7364233
7364259
7364272
7364280
7364317
7364342
7364353
7365439
7365440
7366983
7369145
7369497
7369819
7370079
7370084
7370108
7370109
7370110
7370111
7370116
7371005
7371013
7375135
7375592
7377131
7378995
7379012
7379014
7379166
7379174
7379195
7379217
7379218
7379219
7379221
7379240
7379241
7379253
7380338
7381107
7383064
7383067
7384165
7386088
7388019
7389373
7390943
7391386
7392208
7395940
7396159
7396322
7396439
7403708
7403851
7407135
7407224
7409393
7409451
7411659
7411983
7412165
7412740
7414522
7414523
7414669
7414703
7414780
7415142
7415338
7415808
7415964
7416004
7416962
7419202
7419244
7419272
7419278
7419732
7420185
7422088
7422409
7426821
7427635
7430726
7430727
7430939
7431255
7431835
7432034
7434630
7438718
7442426
7443128
7443321
7443764
7443774
7449151
7449159
7449590
7453009
7455624
7456359
7458739
7459451
7460843
7461301
7463209
7463387
7463579
7463580
7464094
7464258
7464902
7468232
7471553
7475211
7475489
7475499
7477254
7481903
7481904
7481918
7481933
7482223
7482241
7482242
7482256
7482261
7482432
7482452
7482902
7482929
7482930
7482932
7482940
7482980
7482997
7485301
7485561
7485637
7488077
7488833
7489201
7493128
7494043
7497372
7497379
7497384
7498375
7499083
7499090
7499112
7499124
7499138
7499145
7499151
7499165
7499166
7501022
7501462
7501509
7501602
7502238
7503742
7504059
7504111
7504583
7504638
7507667
7509514
7511104
7512402
7512404
7512409
7513805
7514436
7518686
7520279
7521288
7521297
7521308
7521309
7521313
7521321
7521324
7521728
7521886
7523726
7524165
7527723
7528740
7530906
7533689
7534293
7534549
7534552
7534558
7534562
7534565
7534566
7534567
7534570
7539095
7539475
7539541
7539546
7539657
7539658
7539725
7539935
7539949
7539954
7539958
7542146
7542894
7542896
7542913
7545504
7550620
7556805
7558646
7558913
7562502
7563283
7564549
7564595
7569221
7569347
7569351
7569491
7571519
7575821
7585651
7588188
7588542
7588643
7588695
7589170
7591747
7591846
7592320
7601203
7604022
7604023
7613375
7613384
7616495
7616496
7616497
7616499
7629840
7630094
7630159
7630181
7630250
7631081
7631189
7631713
7632723
7635061
7636657
7639186
7639238
7639447
7639504
7639565
7647840
7648791
7649116
7649128
7651411
7651412
7653800
7653801
7653802
7655605
7655927
7655929
7656094
7656095
7656099
7656105
7656116
7659027
7659669
7659672
7659692
7660001
7660508
7663995
7664356
7664372
7664380
7664382
7664383
7664389
7664391
7664392
7664394
7664396
7664397
7664400
7664401
7664403
7664432
7664506
7664508
7664539
7664540
7664861
7664928
7665891
7668302
7668605
7669359
7669363
7674779
7675911
7680808
7681024
7681204
7681205
7682360
7682361
7682395
7682399
7682401
7688022
7689674
7691146
7691186
7694963
7695282
7695286
7695287
7695294
7695295
7699833
7702001
7704026
7704609
7707488
7707514
7708017
7709489
7709627
7714260
7714833
7715875
7716139
7716453
7716487
7716530
7716779
7716906
7716968
7717015
7717109
7717135
7717177
7717487
7721021
7721301
7721314
7721475
7721655
7721695
7722189
7723475
7723498
7723530
7724544
7724749
7724928
7725072
7731968
7734415
7736146
7736147
7736165
7736166
7736167
7736170
7736175
7736477
7736530
7736589
7736739
7741311
7741346
7742654
7744141
7745230
7745545
7747238
7748010
7748051
7749932
7750992
7753284
7753334
7754917
7755073
7755126
7755287
7755341
7755366
7755626
7755663
7757813
7758773
7758774
7759948
7761395
7763268
7763341
7763388
7763468
7763477
7763496
7763520
7763630
7763662
7763676
7763794
7763808
7763840
7763918
7763930
7763957
7763958
7763991
7763993
7764012
7764181
7764238
7764341
7764376
7764378
7764380
7764393
7764404
7764405
7764410
7764412
7764413
7764424
7764441
7764443
7764524
7764574
7764592
7764606
7764607
7764608
7764621
7764658
7764667
7764668
7764669
7764675
7764677
7764682
7764683
7764684
7764686
7764689
7764691
7764692
7764693
7764696
7764699
7764701
7764707
7764724
7764747
7764748
7764754
7764757
7764766
7764788
7764789
7764792
7764798
7764801
7764802
7764820
7764828
7764829
7764830
7764858
7764898
7764935
7764937
7764946
7764950
7764967
7764973
7764982
7765040
7765051
7765175
7765217
7765219
7765612
7765815
7765819
7770002
7778343
7782346
7783375
7783376
7783377
7783379
7787331
7788220
7788221
7788224
7788468
7788625
7790614
7790758
7791768
7792513
7793022
7793062
7793519
7793687
7793917
7794010
7794013
7794122
7794157
7794167
7794210
7794211
7794217
7794272
7794273
7794274
7794275
7794276
7794277
7794278
7794279
7794280
7794316
7794377
7794378
7794383
7794492
7794495
7794512
7794671
7794718
7794808
7796046
7798769
7800185
7800407
7800447
7800514
7801540
7801541
7801675
7802049
7802245
7802388
7802395
7805807
7805815
7808354
7810490
7810496
7811621
7811642
7812954
7812987
7813024
7814768
7814871
7814885
7816716
7816745
7820806
7820875
7821649
7821669
7822063
7822236
7822502
7824304
7824308
7824353
7824431
7824858
7824863
7824865
7824867
7825145
7825745
7828320
7829529
7832184
7832259
7832415
7832830
7833884
7833942
7834562
7837176
7837371
7837425
7837470
7837473
7842122
7844820
7844843
7844884
7844948
7846449
7848015
7848042
7848378
7849695
7856372
7861891
7872407
7872471
7876118
7876252
7876493
7880825
7881529
7881744
7883205
7884420
7884437
7885525
7885885
7887942
7890551
7893350
7894420
7897308
7901987
7902064
7902373
7904442
7904573
7906724
7907657
7913099
7913106
7913111
7913142
7913484
7916002
7916006
7916007
7916008
7916867
7918676
7919113
7919172
7919173
7919199
7919200
7921715
7922848
7922992
7923021
7923829
7924084
7924766
7927724
7927725
7927737
7930249
7932503
7932537
7932633
7932639
7932865
7933840
7933850
7936838
7936859
7941242
7941358
7942480
7942488
7942490
7942497
7942500
7942501
7942502
7942504
7942525
7942533
7942574
7942626
7943241
7943290
7943303
7943942
7947744
7947760
7949209
7949220
7949274
7951111
7953456
7953519
7953522
7953523
7953524
7953526
7953533
7954164
7955245
7955637
7956087
7963296
7963365
7963722
7964187
7965919
7966698
7966952
7967642
7970631
7973924
7974683
7976083
7976092
7976119
7980535
7980601
7981745
7981803
7981819
7981841
7981849
7981851
7981853
7981860
7981862
7981889
7981892
7981894
7981905
7981917
7981918
7981921
7982003
7982216
7982293
7982301
7982324
7982329
7982334
7982336
7983103
7983171
7983732
7983831
7983833
7983856
7983905
7983988
7984144
7984367
7984400
7984438
7984448
7984694
7984758
7984941
7985307
7985309
7985347
7985349
7986272
7986274
7986277
7986329
7986369
7986391
7986423
7986761
7986811
7986817
7987369
7987370
7987371
7987543
7987611
7989621
7989623
7989630
7989631
7989675
7991036
7991037
7991044
7993886
7993928
7993993
7994270
7994340
7994703
7994761
7994773
7995444
7995537
7996305
7996373
7996559
7997033
7997370
7999223
7999229
8000684
8000946
8012172
8013924
8014095
8014651
8014652
8015380
8015381
8015805
8015939
8015940
8015941
8016018
8016068
8016125
8016145
8016147
8016156
8018796
8019800
8020431
8021726
8021757
8024983
8027124
8027195
8027213
8027219
8027367
8028680
8029287
8031265
8031266
8031396
8033119
8033191
8039606
8039616
8040123
8041779
8047524
8049518
8049558
8052370
8052915
8053264
8053402
8053553
8054018
8055408
8057373
8057929
8059391
8061635
8061639
8061641
8061647
8061649
8065215
8065502
8065504
8066912
8067774
8068140
8070855
8072556
8073086
8074638
8074639
8075545
8075561
8076013
8076335
8078687
8078689
8078700
8078701
8078707
8078710
8078711
8080875
8080959
8080977
8081015
8081034
8081224
8081364
8081432
8081593
8081611
8081621
8081629
8081631
8081654
8081655
8081656
8081664
8081781
8082948
8086318
8091049
8091143
8092192
8092372
8092825
8094678
8094761
8095592
8095649
8097223
8097480
8098806
8098814
8098874
8098904
8102702
8103802
8103806
8103823
8103973
8103974
8104288
8104626
8104825
8110116
8111168
8111398
8112250
8112293
8112411
8112733
8112761
8117910
8118661
8119943
8120527
8120642
8120711
8120839
8120844
8120865
8121221
8121251
8122975
8124162
8124732
8126608
8126691
8126775
8126779
8126852
8127700
8130874
8131265
8131945
8134313
8134362
8134403
8134432
8135427
8135433
8135436
8135448
8135454
8135456
8136231
8136660
8140259
8142479
8142597
8142775
8142852
8142856
8143164
8143871
8143879
8143886
8143896
8144763
8144909
8146072
8146085
8146125
8146328
8146331
8151832
8154089
8154097
8154121
8154123
8154130
8154134
8154139
8154142
8154145
8154147
8154165
8154779
8156841
8157001
8157245
8157426
8157431
8157446
8157454
8159154
8160250
8167570
8169210
8169211
8169980
8169981
8171114
8172378
8172550
8172564
8172578
8172676
8174402
8175538
8176286
8176806
8176836
8176865
8176975
8177054
8183056
8183908
8184072
8184765
8184860
8184861
8185282
8185300
8185486
8185499
8188541
8188546
8188721
8189146
8189161
8189165
8191020
8191021
8191375
8192063
8193748
8193763
8193770
8193843
8194220
8194387
8194500
8194865
8195065
8195124
8195158
8195211
8195345
8195346
8195347
8195648
8195668
8195842
8196152
8196153
8198015
8198688
8198744
8199510
8201057
8201071
8201079
8201923
8201936
8202044
8202057
8202273
8203221
8203322
8203326
8203331
8203332
8203337
8203343
8203877
8204097
8206490
8207469
8207485
8207521
8207802
8208328
8208360
8208672
8210183
8210310
8210318
8210319
8210320
8210332
8210526
8210531
8210536
8210555
8210568
8210570
8210572
8210573
8210574
8210604
8212230
8212843
8212846
8212884
8212893
8212900
8212920
8212921
8212925
8215829
8217607
8219393
8219451
8220324
8220549
8224587
8226415
8226900
8227100
8227251
8229095
8229096
8229526
8234429
8234430
8235309
8235372
8235431
8235454
8235974
8235995
8236639
8236699
8236700
8236701
8236759
8236760
8236763
8239715
8240493
8240803
8241311
8242482
8243725
8244034
8245867
8245868
8247543
8247742
8247824
8249104
8254636
8254829
8256270
8256899
8257484
8258512
8258520
8258525
8258536
8258538
8260949
8261265
8264513
8264521
8265166
8267720
8267723
8267846
8271267
8278298
8279000
8280371
8280585
8280636
8281446
8282865
8283377
8285627
8285821
8287064
8287758
8287762
8287763
8287765
8287767
8287768
8287826
8287828
8287829
8287831
8287833
8287834
8287836
8287837
8287838
8289490
8289953
8290291
8290295
8290301
8291161
8291237
8294438
8294916
8298225
8298574
8298932
8300166
8302407
8303165
8303564
8303586
8303653
8303654
8303664
8303673
8309901
8312161
8312183
8312230
8312833
8313601
8313776
8313970
8315308
8315348
8317775
8318888
8318919
8319735
8321159
8321191
8321673
8323244
8326351
8326352
8326353
8326355
8326600
8326647
8326649
8327713
8328937
8329012
8329523
8329556
8330880
8330949
8331851
8332112
8333198
8334001
8334500
8337600
8337998
8338403
8339591
8339593
8339595
8339596
8339628
8340862
8341492
8342810
8343668
8343767
8346737
8346738
8346739
8346740
8346741
8346746
8347906
8347921
8349502
8349624
8350981
8351721
8354183
8355057
8359367
8359768
8359905
8359906
8359907
8359909
8359910
8359911
8359914
8360122
8360922
8362710
8362788
8362807
8362936
8362937
8362938
8362939
8362941
8363021
8364197
8366780
8366965
8367067
8368331
8370078
8370834
8370838
8371533
8371534
8371894
8374263
8376339
8376340
8376341
8376342
8376363
8376390
8376464
8376490
8376511
8376512
8376520
8376537
8376539
8376553
8376573
8376589
8376646
8376647
8376657
8376660
8376710
8376711
8376727
8376953
8377060
8377317
8377331
8377351
8377384
8377629
8378871
8379380
8379382
8379392
8379404
8379413
8379415
8379416
8379441
8379449
8379450
8379464
8379511
8379694
8379713
8379723
8379763
8379834
8380108
8380630
8380863
8380962
8381173
8381233
8381259
8381426
8381635
8382261
8382287
8382569
8383094
8385333
8385832
8397617
8399414
8399428
8399457
8399475
8399659
8403408
8403413
8403761
8403927
8404162
8404206
8404519
8405432
8405456
8407575
8408766
8409448
8409872
8411123
8412361
8413295
8413306
8415054
8415402
8416672
8418438
8419656
8420065
8420092
8420093
8420094
8420095
8420096
8420152
8420210
8420565
8420912
8421435
8422259
8423965
8425861
8425945
8427450
8431041
8432089
8432205
8434287
8434576
8435399
8435712
8435889
8435902
8435918
8435993
8435994
8437972
8439065
8440005
8440713
8441294
8441301
8441323
8441767
8441807
8441883
8442505
8443637
8445672
8445677
8446711
8446943
8448098
8448148
8448693
8450809
8452271
8454654
8457337
8457735
8457976
8458060
8459085
8459677
8460573
8464192
8466840
8467450
8468184
8468185
8468190
8468790
8468928
8468938
8469030
8469388
8469481
8471238
8471305
8474503
8474520
8474523
8474524
8474543
8474686
8474687
8476247
8476295
8476752
8476980
8477145
8478247
8478546
8481246
8481605
8482518
8486186
8487196
8487848
8489791
8489900
8491538
8492515
8492629
8493288
8494258
8494408
8494553
8494576
8494718
8497476
8497484
8502634
8504405
8504413
8504422
8504425
8504426
8504431
8504437
8504441
8504445
8504447
8504450
8505717
8505811
8505831
8506183
8509015
8509366
8509956
8509964
8510002
8510025
8510028
8511945
8512180
8512359
8512846
8513461
8514936
8516159
8516192
8516194
8516254
8520319
8520848
8524747
8525866
8526027
8526066
8526079
8526111
8526112
8526149
8527442
8528030
8528046
8528166
8529039
8529051
8530525
8530645
8530676
8530677
8530678
8530695
8531016
8531039
8531241
8531258
8531264
8535631
8538746
8541540
8541913
8543697
8546923
8547708
8549626
8550109
8550349
8552026
8552203
8552551
8552552
8554838
8556578
8556699
8556738
8557218
8557912
8558112
8558854
8559096
8559109
8559127
8559142
8559150
8559165
8559181
8559183
8559205
8559284
8559416
8559436
8559510
8559516
8559700
8561898
8563495
8564147
8564196
8564662
8564769
8565379
8565452
8565453
8567525
8571120
8571858
8572078
8572560
8573165
8574139
8581450
8581451
8581466
8581498
8581500
8581504
8581505
8581554
8581643
8581792
8587101
8590309
8590485
8590540
8591292
8591319
8591889
8592212
8592804
8592963
8593001
8593006
8593037
8593046
8593098
8593466
8593739
8594871
8596859
8596913
8597092
8597133
8597199
8597213
8597303
8597666
8598046
8598047
8598048
8598052
8598055
8600088
8602379
8605420
8606303
8606849
8610775
8610979
8611121
8611123
8611588
8621438
8621446
8621575
8621583
8622227
8633298
8633634
8634299
8636781
8636800
8639659
8641033
8641101
8641147
8641189
8641209
8641222
8641324
8641410
8641421
8642193
8642472
8642496
8642497
8642920
8645695
8647968
8649053
8650396
8651975
8653032
8654288
8655033
8655036
8655038
8655039
8655041
8655205
8655244
8655361
8655394
8655468
8655747
8655787
8655811
8655919
8657009
8658967
8660660
8663680
8663857
8663869
8663871
8663937
8663980
8663983
8663985
8664065
8664628
8664631
8664638
8664641
8666108
8666446
8666448
8666463
8666469
8666478
8666489
8666501
8666509
8666530
8666544
8666565
8666575
8666728
8666974
8666976
8667020
8667074
8669007
8669046
8669132
8669316
8669318
8669379
8677735
8679622
8681192
8681248
8681392
8681400
8682087
8683019
8683068
8686325
8687617
8688331
8688334
8688437
8688775
8688776
8688779
8688786
8688790
8688811
8688816
8688837
8691989
8692931
8693492
8694674
8695224
8695598
8695619
8695625
8695626
8695632
8697061
8697593
8697716
8700090
8702976
8703810
8704353
8704365
8704391
8705542
8705713
8706672
8708228
8709422
8709660
8709835
8710162
8717698
8720862
8720937
8721345
8721685
8722332
8725224
8725246
8726785
8726790
8726792
8726820
8726849
8726854
8727035
8727600
8730210
8730213
8730215
8730845
8731693
8731804
8733795
8733816
8739295
8740825
8742754
8742807
8742810
8742812
8743335
8744556
8750257
8752682
8752828
8752934
8753179
8753225
8753226
8753227
8753228
8753229
8753241
8753242
8753328
8753382
8753440
8753635
8754439
8755465
8757266
8765100
8765657
8768648
8770117
8772305
8772377
8773228
8773231
8773235
8773239
8773249
8773250
8773252
8773253
8773260
8773263
8773265
8773266
8773268
8773269
8773320
8774426
8774447
8774448
8774471
8774566
8774603
8774784
8777310
8778335
8778825
8783586
8784131
8784150
8784221
8784961
8785271
8786202
8786576
8786604
8786638
8786686
8786710
8786712
8787194
8787195
8788847
8788848
8788849
8788857
8791427
8791617
8793576
8794445
8794448
8795504
8796672
8797213
8797220
8797546
8797669
8797677
8797891
8797980
8798473
8803192
8803437
8803531
8804151
8804375
8804827
8804859
8805270
8805271
8805305
8806015
8806085
8806190
8806191
8806556
8806578
8806844
8806848
8806882
8807863
8807865
8807898
8808004
8808486
8808842
8809594
8812111
8812117
8812200
8812219
8812220
8812223
8812735
8812947
8813461
8814013
8818307
8818405
8818406
8818407
8820036
8820935
8821284
8821295
8821437
8821472
8830243
8830684
8830862
8830991
8831247
8831880
8832227
8832484
8835021
8835612
8835700
8850656
8853923
8864230
8865260
8865490
8865495
8865521
8865602
8865606
8865619
8865773
8865799
8865868
8866064
8866141
8866177
8866188
8866191
8866192
8866195
8866196
8866201
8866208
8866211
8866217
8866218
8866220
8866226
8866228
8866231
8866238
8866239
8866240
8866241
8866243
8866244
8866254
8866257
8866261
8866278
8866287
8866293
8866295
8866310
8866343
8866360
8866387
8866407
8866414
8866415
8866435
8866440
8866468
8866470
8866472
8866473
8866483
8866484
8870502
8871287
8871289
8871290
8871784
8872967
8874379
8874380
8874384
8876534
8876709
8876827
8881226
8882637
8882699
8883101
8883106
8883112
8884858
8885434
8888588
8890969
8891005
8891008
8891098
8891499
8891662
8891742
8891765
8893597
8895085
8895086
8895087
8895095
8895105
8895112
8895126
8895180
8895213
8895686
8896089
8897410
8897434
8897441
8897443
8897446
8897447
8897448
8897450
8897453
8897454
8897458
8897679
8898408
8899576
8899728
8899857
8899892
8900751
8900752
8900765
8900787
8900871
8900874
8900887
8900902
8900924
8900939
8900982
8900988
8900991
8900996
8901008
8901012
8901057
8901071
8901092
8903190
8904232
8905556
8905850
8908553
8913318
8917833
8918744
8918753
8918937
8919564
8919640
8921061
8923166
8927374
8927473
8927935
8928687
8928688
8929697
8930616
8930668
8932537
8932541
8932544
8932550
8932551
8932561
8932567
8932568
8933398
8933468
8935962
8935966
8936136
8936138
8936141
8936143
8936144
8936145
8936151
8936154
8936155
8936156
8936157
8936184
8936190
8936201
8936202
8936203
8936204
8936230
8936231
8936232
8936233
8936234
8936235
8936236
8936237
8936238
8936239
8936240
8936241
8936242
8936244
8936245
8936246
8936247
8936248
8936249
8936250
8936251
8936252
8936253
8936256
8936257
8936258
8936259
8936284
8936285
8936287
8936289
8936301
8936312
8936313
8936322
8936327
8936328
8936330
8936331
8936333
8936334
8936335
8936336
8936338
8936339
8936340
8936341
8936342
8936343
8936344
8936345
8936360
8936383
8936384
8936390
8936418
8936439
8936448
8936466
8936545
8936548
8936811
8936812
8936813
8936818
8936820
8936821
8936822
8936823
8936824
8936827
8936830
8936831
8936832
8936833
8936834
8936835
8936836
8936837
8936859
8936860
8936873
8936876
8936879
8936880
8936881
8936883
8936886
8936889
8936890
8936891
8936892
8936896
8936897
8936898
8936906
8936920
8936921
8936922
8936939
8936958
8936961
8936962
8936963
8936999
8937000
8937066
8937067
8937068
8937071
8937072
8937073
8937078
8937079
8937098
8938454
8938838
8938870
8938872
8942110
8943923
8946546
8951803
8955611
8956049
8956380
8956745
8957087
8959105
8962548
8963045
8963578
8963581
8963585
8963592
8963598
8963614
8963615
8963616
8963622
8963646
8963669
8963674
8963676
8963684
8964185
8964326
8964937
8964955
8965214
8966069
8966152
8966222
8966223
8966328
8966382
8966678
8967130
8967134
8967136
8967138
8967139
8967140
8970136
8971042
8972029
8973469
8976347
8982733
8982753
8982800
8983177
8983908
8985033
8985804
8989109
8994239
8996216
8996757
8996758
8999738
8999796
8999957
9000239
9000312
9000316
9000330
9001301
9005199
9008017
9008320
9008641
9008642
9008649
9009824
9009843
9010223
9010813
9012934
9012952
9017244
9017249
9021280
9021284
9021749
9021750
9029404
9029625
9032172
9032180
9032755
9032911
9033601
9033879
9037833
9040705
9041194
9041383
9041386
9041398
9041399
9041400
9041401
9041404
9041415
9043212
9043223
9043225
9043254
9044378
9045012
9045820
9046242
9046246
9046595
9046623
9049212
9049588
9050308
9056033
9056034
9056742
9056862
9058077
9058095
9060750
9062333
9062438
9063271
9066027
9066270
9066914
9066915
9067665
9069419
9069420
9069422
9069592
9071058
9072974
9073442
9073470
9073471
9073768
9076500
9079635
9084610
9087213
9091810
9091951
9093759
9095177
9096046
9096287
9096394
9096672
9096981
9097323
9097826
9098995
9099286
9099798
9099800
9099836
9099837
9099839
9099884
9099887
9099888
9099935
9099957
9099958
9099976
9100478
9100513
9100517
9100529
9100532
9100534
9100642
9100689
9100719
9100727
9100750
9100781
9100896
9101599
9101600
9101662
9101665
9101967
9102146
9103771
9104212
9104317
9104639
9105082
9105427
9105456
9105492
9105493
9105611
9105613
9105673
9105686
9105760
9105761
9105825
9105836
9105858
9105860
9105878
9105907
9105932
9106022
9106268
9106279
9109633
9109635
9109739
9111533
9111791
9111865
9112609
9112730
9113118
9113212
9113841
9117520
9118535
9118544
9118909
9119066
9119594
9119602
9119638
9119659
9119661
9119813
9119818
9119880
9119881
9119888
9119983
9120090
9120198
9120356
9120840
9120958
9122178
9122233
9122234
9122246
9122251
9122252
9122255
9122311
9122834
9123685
9126298
9126352
9126664
9126669
9128041
9129057
9129239
9131172
9131185
9131302
9132223
9133207
9134721
9135849
9136891
9136923
9138645
9138964
9139451
9139490
9139518
9140569
9140918
9140984
9142003
9142445
9147125
9148080
9148184
9150431
9152172
9152265
9152273
9152275
9152280
9152282
9154263
9154364
9157391
9157811
9160479
9160574
9160581
9160595
9160983
9161151
9161163
9163285
9163306
9163600
9163627
9164709
9165823
9166510
9166622
9167036
9167182
9167183
9167184
9167194
9167211
9168970
9169641
9169788
9171162
9171252
9171333
9171364
9171439
9171620
9172141
9172357
9175553
9175603
9175605
9175835
9175978
9176034
9176042
9176492
9176493
9176494
9176497
9177262
9177403
9177661
9179111
9179112
9179734
9179874
9180153
9180906
9181473
9182004
9182033
9182034
9182035
9182440
9182446
9182448
9182453
9182454
9182501
9182783
9185054
9190600
9190601
9190605
9192908
9193962
9194277
9194485
9195107
9195586
9196328
9198051
9198646
9198649
9198996
9200560
9200668
9200669
9200721
9201019
9201021
9203608
9204780
9204940
9205378
9205435
9205491
9206969
9208145
9208148
9208299
9211159
9211258
9212068
9212191
9213082
9213426
9213947
9214091
9217538
9217540
9217784
9217804
9217805
9217833
9218465
9218481
9218875
9219000
9219004
9219931
9219954
9219971
9220761
9224149
9225200
9225275
9225358
9225526
9226362
9226590
9226603
9227942
9228483
9228586
9232751
9233443
9233495
9236704
9241546
9242705
9243278
9244308
9244319
9244622
9244624
9246681
9247419
9247540
9247835
9254504
9255529
9255729
9255730
9255731
9255741
9265518
9265519
9265574
9265587
9265635
9265822
9265917
9266354
9267214
9267490
9268557
9269774
9270482
9271021
9273480
9273560
9274000
9274073
9274074
9280386
9281035
9281036
9281103
9281536
9281537
9281585
9282375
9283356
9284739
9285220
9285557
9286488
9288427
9288428
9290281
9292955
9296145
9296337
9296471
9296517
9296534
9297033
9297116
9299099
9299120
9299198
9300934
9303073
9305929
9305952
9306147
9306724
9306725
9308274
9308674
9309373
9309406
9309710
9309944
9310158
9310232
9310925
9311133
9312636
9314883
9314886
9319039
9321389
9321396
9323026
9323646
9325610
9325860
9328266
9328378
9328508
9328509
9328526
9329276
9330589
9331210
9332017
9332294
9332463
9332612
9332614
9332708
9333462
9333741
9334920
9335859
9335884
9335888
9335890
9335893
9335895
9337033
9338221
9338312
9339449
9340924
9340939
9340970
9340984
9341045
9341190
9341192
9341244
9341482
9341563
9341564
9341930
9342171
9342217
9342296
9342314
9342315
9342349
9342866
9342930
9342940
9342949
9342988
9343011
9343012
9343021
9344535
9347894
9348107
9349005
9349007
9349010
9349018
9349019
9349030
9349031
9349034
9349035
9349036
9349039
9349052
9349306
9351057
9352848
9352849
9356313
9357027
9357110
9359999
9361734
9362635
9367265
9370545
9371008
9371411
9375354
9376391
9380004
9385086
9386561
9389459
9389478
9391917
9395011
9399507
9402550
9402576
9402715
9402725
9402744
9403611
9403718
9403755
9403757
9403765
9403785
9404335
9404464
9404492
9404572
9404573
9404718
9408308
9408676
9408959
9409429
9409682
9409683
9409685
9409686
9409688
9409694
9409726
9409742
9409743
9411964
9412562
9412591
9412692
9413345
9413362
9413413
9413923
9414875
9415664
9415679
9415858
9415975
9416214
9418743
9420146
9420153
9422881
9423123
9428196
9428787
9429207
9429365
9431305
9431313
9432388
9432396
9432398
9432711
9433617
9433735
9433791
9434198
9434216
9434930
9435303
9435346
9436524
9436772
9439000
9439082
9439093
9442604
9443445
9443556
9443577
9443661
9443775
9446189
9448259
9453713
9453802
9453803
9454157
9456404
9462889
9463309
9464268
9464842
9465550
9466851
9466957
9466958
9467065
9469472
9469473
9470618
9470622
9470661
9472128
9473553
9473757
9474184
9477876
9478164
9478189
9478190
9478192
9478193
9478195
9478198
9478199
9478200
9478202
9478204
9478207
9478209
9478211
9478213
9478214
9478215
9478219
9478221
9478222
9478223
9478227
9478228
9478239
9478345
9478372
9478374
9478385
9478390
9478393
9478394
9478407
9478461
9478480
9478537
9478658
9478963
9478967
9479854
9480550
9480556
9480853
9481448
9481663
9481738
9481788
9483375
9483377
9483421
9483426
9483427
9483452
9483454
9484502
9487220
9487237
9487241
9490456
9491398
9502523
9502597
9503794
9504804
9504822
9505024
9505908
9505909
9506062
9506063
9506071
9506072
9510485
9510554
9510573
9511636
9516781
9517345
9518230
9518588
9518897
9519664
9520764
9521287
9521307
9521615
9523353
9524084
9524841
9524848
9525256
9527649
9528082
9529423
9531712
9535747
9536197
9538825
9538847
9538848
9540109
9540856
9540857
9541656
9541668
9544108
9544152
9544153
9544154
9544155
9544156
9544580
9544768
9544811
9544855
9544856
9544917
9545144
9547329
9548137
9549665
9549920
9549923
9550244
9550525
9550526
9552774
9553188
9553400
9554893
9555037
9555117
9556469
9557155
9557953
9557993
9559363
9559391
9559855
9559914
9561584
9561951
9564285
9564341
9564832
9564950
9565570
9565674
9566195
9568576
9568843
9568848
9568919
9569314
9570422
9571168
9571898
9571918
9571921
9572006
9572118
9573725
9573728
9573747
9573763
9575669
9575708
9575822
9576390
9576480
9576849
9578522
9581768
9581769
9581770
9581772
9581773
9581774
9581775
9581776
9581777
9581778
9581781
9581782
9581783
9584249
9584284
9584543
9584801
9586300
9586659
9586708
9587815
9588249
9589544
9589642
9590276
9590280
9590285
9590286
9590289
9593229
9594544
9594588
9594620
9594678
9594785
9594946
9594984
9596340
9596658
9596692
9597606
9598780
9601252
9601272
9604831
9604842
9604912
9605129
9605396
9605403
9605417
9610320
9618696
9621087
9621818
9622605
9626156
9628640
9629314
9631459
9631460
9631463
9631465
9631466
9631467
9631655
9631656
9632816
9634137
9637369
9637372
9638686
9640522
9640764
9641131
9641776
9642999
9643004
9643013
9643016
9643017
9643018
9643026
9643516
9644788
9645022
9645723
9648682
9648698
9648790
9649390
9650627
9650628
9651468
9651701
9652047
9652059
9652099
9652108
9654592
9654593
9655277
9656696
9656697
9657565
9657764
9658198
9658203
9658276
9658622
9658900
9659892
9659901
9659902
9660013
9660042
9660051
9660071
9660080
9660334
9662166
9664197
9664207
9664208
9666183
9669125
9669329
9669373
9670389
9670659
9670661
9670662
9670664
9670929
9671006
9671058
9671066
9671073
9671095
9672169
9672174
9672178
9672179
9672182
9672187
9672189
9672198
9672203
9672204
9672212
9672219
9672221
9672224
9672229
9672232
9672233
9672235
9672237
9672238
9672240
9672246
9672256
9673395
9673404
9673805
9675395
9678864
9681667
9684204
9685496
9686223
9688025
9688045
9688250
9688255
9688256
9688306
9688313
9688331
9688359
9688362
9688380
9688382
9688388
9688395
9688396
9688402
9688404
9688405
9688406
9688407
9688409
9688413
9688418
9688420
9688431
9688432
9688435
9688436
9688438
9688443
9688445
9688448
9688454
9688458
9688460
9688463
9688470
9688471
9688474
9688475
9688476
9688477
9688495
9688498
9688524
9688525
9688530
9688545
9688548
9688549
9688554
9688637
9688689
9688695
9688771
9688903
9689107
9689205
9689268
9689290
9689331
9689387
9689396
9689408
9689409
9689416
9689424
9689425
9689472
9689477
9689487
9689510
9689581
9689586
9689618
9689648
9689697
9689728
9689732
9689822
9689830
9689831
9689835
9689848
9689854
9689857
9689861
9689875
9690023
9690074
9690076
9690080
9690081
9690082
9690091
9690094
9690096
9690097
9690106
9690111
9690122
9690124
9690141
9690144
9690705
9690929
9692676
9692713
9693269
9693698
9693894
9694905
9695024
9695461
9695468
9695469
9695829
9695885
9695974
9695975
9695984
9695991
9696185
9696232
9696286
9696317
9696325
9696334
9696339
9696368
9696427
9696436
9696475
9696650
9696701
9696711
9699102
9700914
9701988
9702099
9702345
9702847
9702891
9703174
9703347
9703876
9704068
9704105
9704180
9704192
9704214
9704256
9704335
9704475
9704599
9704683
9704688
9704955
9704984
9705198
9705358
9705418
9705420
9705528
9705529
9705562
9705579
9705630
9705666
9705782
9705788
9705852
9705981
9705986
9706124
9706125
9706190
9706223
9706224
9706243
9706274
9706296
9706303
9706398
9706412
9706456
9706486
9706494
9706522
9706643
9706799
9706889
9706895
9706987
9706991
9706992
9707010
9707038
9707077
9707112
9707171
9707208
9707217
9707245
9707373
9707394
9707417
9707442
9707461
9707674
9707722
9707724
9707754
9707787
9707890
9707896
9708006
9708051
9708066
9708116
9708138
9708172
9708294
9708447
9708454
9708529
9708562
9708603
9708645
9708683
9708685
9708701
9708877
9708894
9708903
9709014
9709046
9709114
9709364
9709455
9709524
9709688
9709739
9710065
9710110
9710115
9710146
9710327
9710412
9710530
9710608
9710634
9710635
9710663
9710675
9710882
9710933
9711027
9711376
9711422
9711431
9711501
9711506
9711525
9711531
9711581
9711626
9711667
9711864
9711871
9711877
9711906
9711923
9711961
9712220
9712247
9712275
9712334
9712335
9712336
9712338
9712340
9712341
9712362
9712479
9712489
9712652
9712718
9712930
9712999
9713376
9713572
9713654
9714558
9714564
9714587
9715167
9716541
9716603
9716993
9717003
9717128
9717248
9717328
9717385
9717522
9717531
9717638
9717645
9717668
9717669
9717690
9717737
9717754
9717791
9718028
9718105
9718125
9718165
9718240
9718393
9718476
9718486
9718521
9718555
9718632
9718729
9718855
9718876
9718877
9719000
9719011
9719021
9719022
9719288
9719756
9720105
9720254
9720427
9720428
9720429
9720430
9720431
9720433
9720434
9720435
9720437
9720438
9720443
9720451
9720463
9720464
9720465
9720470
9720472
9720487
9720490
9720495
9720496
9720498
9720503
9720504
9720511
9720530
9720532
9720533
9720536
9720540
9720548
9720553
9720555
9720556
9720568
9720570
9720574
9720576
9720580
9720587
9720704
9720770
9720866
9720925
9721031
9721095
9721261
9721315
9721412
9721425
9721445
9721516
9721518
9721519
9721520
9721524
9721529
9721531
9721533
9721534
9721535
9721537
9721541
9721545
9721546
9721548
9721554
9721578
9721583
9721636
9721646
9721648
9721653
9721656
9721659
9721662
9721665
9721676
9721677
9721683
9721685
9721686
9721693
9721699
9721700
9721703
9721705
9721706
9721708
9721716
9721717
9721718
9721720
9721721
9721722
9721723
9721725
9721731
9721732
9721733
9721745
9721747
9721749
9721756
9721792
9721803
9721805
9721806
9721808
9721810
9721835
9721836
9721837
9721839
9721842
9721852
9721855
9721865
9721873
9721883
9721889
9721896
9721903
9721914
9721917
9721920
9721927
9721932
9721938
9721939
9721945
9721957
9721964
9721971
9721978
9721981
9721982
9721985
9721993
9721995
9721998
9722000
9722001
9722002
9722006
9722052
9722053
9722057
9722060
9722061
9722062
9722065
9722066
9722078
9722079
9722082
9722085
9722086
9722091
9722104
9722105
9722110
9722113
9722116
9722121
9722123
9722124
9722135
9722140
9722148
9722152
9722154
9722160
9722163
9722167
9722171
9722174
9722175
9722198
9722214
9722218
9722229
9722231
9722232
9722234
9722242
9722259
9722261
9722263
9722265
9722281
9722284
9722289
9722295
9722296
9722297
9722298
9722299
9722311
9722319
9722333
9722334
9722338
9722339
9722365
9722374
9722375
9722382
9722385
9722386
9722395
9722397
9722398
9722400
9722410
9722422
9722439
9722454
9722455
9722456
9722457
9722460
9722461
9722462
9722463
9722464
9722468
9722470
9722479
9722480
9722482
9722484
9722486
9722488
9722489
9722499
9722500
9722503
9722508
9722511
9722514
9722516
9722518
9722519
9722521
9722525
9722527
9722531
9722532
9722533
9722538
9722541
9722544
9722547
9722548
9722550
9722551
9722552
9722555
9722557
9722563
9722564
9722565
9722566
9722569
9722573
9722574
9722575
9722576
9722578
9722585
9722592
9722593
9722594
9722595
9722596
9722599
9722604
9722606
9722609
9722615
9722618
9722660
9722661
9722664
9722669
9722680
9722689
9722695
9722712
9722720
9722721
9722722
9722725
9722759
9722771
9722779
9722781
9722782
9722783
9722784
9722790
9722794
9722796
9722797
9722805
9722807
9722808
9722820
9722830
9722831
9722837
9722856
9722906
9722925
9722926
9722928
9722929
9722930
9722933
9722934
9722942
9722943
9722951
9722955
9722956
9722957
9722958
9722960
9722961
9722963
9722968
9722970
9722971
9722972
9722973
9722974
9722976
9722978
9722979
9722980
9722982
9722983
9722986
9722988
9722995
9722997
9722999
9723000
9723002
9723009
9723011
9723019
9723020
9723022
9723026
9723028
9723029
9723030
9723031
9723037
9723038
9723040
9723041
9723043
9723047
9723050
9723051
9723052
9723054
9723064
9723080
9723083
9723086
9723087
9723088
9723090
9723091
9723094
9723101
9723140
9723144
9723230
9723232
9723236
9723310
9723473
9723632
9723666
9723798
9724208
9725547
9725708
9725781
9725813
9725814
9725823
9725824
9725825
9725826
9725850
9725859
9725950
9726497
9727191
9727289
9727797
9727922
9727957
9728134
9728161
9728375
9728505
9728656
9728796
9728855
9728856
9729025
9729044
9729059
9729081
9729082
9729087
9729102
9729105
9729106
9729107
9729109
9729111
9729122
9729134
9729136
9729159
9729160
9729161
9729365
9729501
9731201
9733153
9734262
9735636
9737418
9737423
9737447
9737450
9737460
9737462
9737485
9737595
9738893
9738899
9741952
9743683
9743837
9743841
9743843
9743844
9743917
9743918
9743919
9744835
9744867
9744903
9744904
9745188
9745573
9745587
9745589
9745590
9745621
9745629
9745759
9745854
9745968
9745970
9746013
9746227
9746300
9746309
9746315
9746478
9746519
9746526
9746527
9746528
9746529
9746626
9746705
9747254
9747781
9747800
9747804
9747822
9747844
9747878
9747997
9748000
9748001
9748215
9748851
9748857
9748858
9748860
9748865
9748867
9748875
9748877
9748882
9748883
9748893
9748894
9748896
9748899
9748900
9748908
9748909
9748911
9748915
9748920
9748921
9748922
9748925
9748928
9748930
9748931
9748932
9748933
9748934
9748935
9749222
9749502
9749625
9750240
9750257
9750334
9750414
9750442
9750701
9750735
9751027
9751175
9751375
9751382
9751546
9751653
9751658
9751664
9751665
9751708
9759021
9759558
9759611
9759703
9759770
9760134
9760605
9760645
9760741
9760824
9760887
9760889
9760895
9760941
9760972
9760980
9761031
9761161
9761245
9761438
9761439
9763380
9766194
9772584
9772585
9774591
9774681
9774682
9776239
9776467
9776507
9779596
9781264
9781373
9781603
9781649
9781684
9781869
9783880
9783881
9787357
9789222
9789871
9789872
9790863
9791461
9792074
9792101
9793823
9795008
9798171
9798355
9799107
9799109
9799169
9799218
9799477
9799483
9799484
9799548
9799568
9799573
9799574
9799577
9799584
9800229
9800231
9800233
9800235
9800268
9800273
9800274
9800332
9800333
9800334
9800344
9801265
9802326
9806902
9808589
9808642
9808665
9809122
9810469
9813924
9814183
9814201
9814241
9814709
9814896
9815168
9815210
9815383
9815439
9815530
9815538
9815574
9815598
9815622
9815647
9816502
9816593
9816647
9819449
9819464
9820657
9822444
9822469
9822473
9822767
9822846
9822851
9825819
9825946
9826444
9826872
9826873
9826885
9827002
9827106
9827476
9827681
9827760
9827795
9827796
9827797
9827799
9827806
9827813
9827899
9830495
9833331
9834743
9834821
9834857
9834943
9839659
9841680
9842844
9847316
9848001
9848190
9848446
9848514
9848617
9848666
9848951
9849100
9850321
9852782
9852814
9852833
9852852
9856407
9860931
9863018
9863402
9863404
9863420
9863641
9864318
9868264
9868282
9868291
9868316
9874498
9876407
9876744
9877748
9879192
9879483
9886057
9888060
9888859
9893392
9893511
9894161
9894442
9894629
9894631
9894667
9894711
9894749
9895342
9895343
9895351
9896325
9896477
9896889
9898930
9907571
9907836
9908035
9908979
9910831
9911057
9911162
9911503
9913511
9913513
9913541
9913824
9914133
9914201
9914991
9914993
9914994
9914997
9915960
9917548
9919044
9919973
9921559
9922771
9922840
9922866
9922869
9922881
9922882
9922883
9922885
9922926
9922955
9923092
9923095
9923433
9923662
9923667
9923668
9923683
9923686
9923688
9923691
9925189
9926310
9928823
9928850
9928851
9928861
9928862
9928863
9928864
9928875
9928878
9928879
9928880
9928881
9928888
9928891
9928892
9928895
9928896
9928898
9928900
9928946
9928954
9928970
9929056
9931454
9931663
9932200
9932753
9932765
9933491
9933572
9934682
9934721
9939924
9941102
9941111
9941112
9941113
9941117
9941118
9941119
9941121
9941122
9941123
9941129
9941599
9944958
9945226
9945319
9945321
9945322
9945323
9945942
9945950
9946161
9946308
9946761
9948101
9949813
9949851
9951744
9951798
9951811
9951985
9953443
9953473
9955022
9955126
9956030
9956051
9956638
9956708
9956932
9957070
9959046
9960664
9960860
9960908
9960994
9961354
9962096
9963053
9963631
9963957
9964033
9964811
9967825
9967889
9969614
9985913
9985914
9985916
9985917
9987520
9992437
9992438
9992440
9992441
9992442
9992443
9992444
9992445
10002949
10002952
10002988
10003060
10003114
10003570
10003894
10009305
10010833
10011274
10012041
10012493
10015515
10015562
10015638
10017206
10018419
10018441
10018471
10018541
10018569
10019097
10021552
10021553
10022415
10022884
10024220
10024229
10024230
10024497
10026087
10027509
10027511
10028258
10028571
10028578
10029823
10030404
10030735
10030860
10031016
10033661
10034020
10038253
10038418
10042656
10042668
10043651
10044206
10044207
10045429
10046414
10047057
10047059
10047072
10051389
10052084
10052541
10052542
10052646
10052869
10053107
10056028
10057028
10057703
10058328
10061081
10061716
10062125
10062147
10064422
10066940
10068496
10068832
10069383
10071083
10071088
10072783
10072786
10072795
10072798
10073018
10073114
10073356
10073371
10073372
10074543
10075059
10075247
10075319
10078346
10078353
10078621
10078622
10078623
10078625
10078638
10078639
10078640
10078707
10080303
10080305
10080314
10081214
10085079
10085169
10085198
10085466
10096048
10096069
10096080
10096269
10096286
10096546
10096548
10096570
10096571
10097932
10101323
10101324
10101325
10101334
10101734
10101741
10101777
10105094
10105097
10105099
10105103
10105104
10105105
10106305
10106530
10106592
10106593
10106719
10109393
10109794
10110047
10112445
10112726
10112741
10112748
10112756
10113610
10113611
10114125
10114161
10114768
10114776
10114777
10114781
10114821
10114837
10114905
10114944
10114967
10114970
10114971
10114976
10114978
10114979
10114980
10114984
10115005
10115006
10115030
10115032
10115033
10115034
10115141
10115178
10115179
10115328
10116214
10116233
10118515
10119810
10120637
10123348
10123351
10123353
10123355
10123399
10125213
10127981
10129988
10130164
10132811
10133027
10134625
10134642
10140094
10140253
10141946
10142068
10142220
10142659
10142660
10142669
10142709
10142712
10143423
10144470
10144731
10144803
10145288
10145675
10146383
10146781
10154283
10154373
10154757
10154800
10154960
10155038
10156868
10160232
10160368
10160503
10160549
10163449
10165510
10165590
10165648
10169375
10170399
10171257
10171348
10172394
10172395
10175157
10176330
10176488
10176489
10176495
10176602
10185727
10186664
10194787
10195033
10195530
10198817
10198826
10199232
10200218
10200444
10200495
10200497
10200844
10201207
10201224
10201225
10201880
10201882
10201914
10201930
10201964
10204701
10209040
10210555
10210572
10210580
10210581
10210612
10210653
10211190
10211953
10212687
10212788
10212961
10213018
10213838
10215323
10215377
10215586
10215689
10216351
10216686
10216725
10216762
10217711
10219387
10221813
10222027
10222077
10222078
10222083
10222445
10223793
10224199
10224200
10225483
10225743
10225749
10227424
10227446
10228007
10230447
10236776
10238567
10238976
10239245
10240480
10242203
10242204
10243135
10244207
10244534
10247728
10247737
10247740
10247741
10247745
10247746
10247749
10247751
10247752
10248387
10249882
10250349
10250747
10250975
10251036
10251770
10256716
10259128
10259145
10259336
10259551
10263771
10263775
10264403
10264685
10267128
10267214
10267495
10270091
10270565
10271073
10271079
10274576
10277423
10278589
10279582
10279584
10279592
10279596
10279597
10279598
10279599
10279600
10279601
10279603
10279604
10279605
10279607
10279610
10279615
10279617
10279898
10280356
10280556
10280841
10280949
10280950
10280951
10282157
10282158
10282160
10282223
10282227
10282241
10282245
10282253
10282256
10282264
10282273
10282275
10282280
10282289
10282301
10282321
10282322
10282324
10282330
10282333
10282338
10282340
10282342
10282353
10282354
10282355
10282359
10282360
10282361
10282374
10282412
10282442
10282448
10282452
10282979
10283778
10286615
10287080
10287098
10287469
10287643
10288654
10288746
10288773
10288779
10288790
10288885
10288899
10288901
10288903
10288904
10290202
10290327
10290352
10290506
10291085
10291156
10291163
10291267
10293418
10294864
10294966
10295679
10295681
10295683
10295684
10299782
10301353
10304249
10304658
10306086
10306087
10306088
10306274
10306288
10306570
10306789
10306816
10306839
10307851
10307852
10307980
10307981
10307987
10308556
10309365
10309429
10309992
10310268
10312323
10312324
10313276
10313529
10313617
10313623
10313625
10313626
10313633
10314753
10316700
10316808
10319675
10321450
10324197
10324808
10325536
10327063
10327785
10332237
10332249
10332253
10332444
10332546
10333264
10334330
10334486
10334615
10335697
10337034
10337052
10338539
10338541
10338542
10338567
10338832
10339782
10341106
10341107
10341146
10343091
10344570
10344571
10345747
10347131
10347147
10347149
10347150
10347151
10347541
10349749
10349750
10350771
10350780
10355352
10355381
10355737
10355738
10355751
10355904
10355905
10358725
10359169
10359170
10359199
10359205
10359289
10359290
10359305
10360766
10361625
10361628
10361632
10361633
10361635
10361637
10361654
10362937
10362938
10362940
10362941
10362946
10362949
10362951
10362952
10362954
10362955
10362962
10363044
10363256
10363661
10364928
10366068
10366704
10366766
10367890
10369521
10372993
10373028
10373888
10373899
10373900
10374498
10374949
10374959
10375862
10379325
10379326
10380025
10380691
10386749
10387177
10387935
10388138
10388320
10389637
10390588
10390613
10391154
10391172
10391278
10394112
10394461
10394490
10394963
10394964
10394965
10395138
10395203
10395257
10395386
10395412
10396618
10396951
10397722
10398052
10398512
10398650
10398651
10399222
10399306
10399330
10399649
10399681
10399780
10399785
10399800
10399813
10399841
10399991
10400347
10400390
10400413
10400430
10403088
10406545
10406957
10408125
10408248
10409680
10411118
10413812
10413821
10413826
10414796
10415837
10416156
10419176
10419177
10423110
10423117
10423118
10423119
10423120
10424055
10424428
10424585
10429046
10429497
10431093
10431262
10433468
10433469
10437319
10438951
10439195
10441087
10441097
10441105
10447502
10447503
10450481
10451713
10451740
10451749
10451754
10451755
10451756
10451757
10451758
10451761
10452583
10453956
10455436
10455486
10455737
10456057
10456337
10456473
10456477
10456480
10456508
10460996
10460997
10461012
10461577
10461578
10462419
10464519
10466601
10466660
10467047
10467584
10468194
10468200
10468201
10468992
10469743
10470292
10472529
10473569
10473570
10474548
10477121
10477435
10477670
10479485
10479508
10479543
10480787
10482409
10483077
10483870
10483871
10487134
10487492
10491896
10494913
10496203
10497674
10497675
10497686
10497687
10498186
10498640
10498652
10498939
10498956
10500456
10502691
10503296
10506234
10507437
10507456
10507489
10508563
10508682
10509401
10509769
10510130
10511236
10511976
10512200
10512201
10512947
10512980
10513050
10515253
10515487
10519011
10520153
10520166
10520167
10520169
10520170
10520180
10520354
10524829
10525250
10525278
10525604
10527686
10528061
10528062
10528115
10528235
10529690
10531742
10533203
10533208
10533524
10543353
10544662
10545033
10546481
10546503
10546504
10546506
10546512
10546513
10546604
10546608
10548220
10548471
10549083
10549088
10549264
10549265
10549268
10549282
10553948
10554221
10554369
10558315
10559477
10562897
10566920
10568090
10568556
10568705
10568727
10569641
10575404
10575417
10575432
10575488
10575663
10575741
10575746
10575756
10575757
10575765
10575770
10575775
10575815
10576743
10577049
10577276
10577277
10577279
10579392
10579398
10579402
10579405
10579412
10590436
10592304
10592358
10592690
10595872
10597346
10598130
10598131
10598152
10598521
10601808
10601896
10601903
10602981
10603725
10605116
10606482
10606771
10607059
10607170
10608522
10608560
10609078
10609451
10610008
10611149
10611335
10616526
10616531
10616553
10616554
10622786
10622851
10623158
10624242
10625055
10629541
10629987
10630274
10630959
10633234
10633235
10633268
10634044
10634640
10635148
10635264
10635923
10636426
10637236
10637248
10637298
10638384
10638668
10638793
10641135
10641170
10641189
10641569
10641571
10641884
10641887
10641888
10641894
10644048
10644211
10645962
10645963
10646809
10648281
10648421
10649671
10649804
10654506
10654507
10654510
10654512
10654516
10654517
10654605
10654886
10655017
10655305
10657228
10657721
10657722
10659584
10659593
10659595
10659596
10660787
10660794
10662273
10662289
10662291
10662292
10662354
10662834
10665567
10665599
10665774
10669580
10669587
10669589
10669590
10669596
10669602
10670279
10670280
10672804
10674981
10675295
10676199
10677923
10681194
10690287
10691347
10691535
10691536
10693365
10694151
10701411
10701453
10705170
10706730
10707884
10708961
10708990
10710011
10711778
10711786
10711913
10711927
10712897
10713164
10713389
10713554
10714177
10714750
10714829
10715863
10715929
10715978
10717722
10717855
10717901
10718284
10718358
10718499
10720020
10720642
10721122
10721194
10721790
10722224
10725353
10726367
10726803
10726804
10727827
10729607
10732476
10732615
10732659
10735128
10735186
10735190
10735397
10735823
10735840
10736365
10736994
10737278
10737304
10737305
10737307
10737312
10737321
10737966
10738137
10738141
10740134
10741138
10741422
10741575
10741713
10742299
10742313
10745865
10749085
10749700
10752289
10752393
10753369
10753443
10753512
10753522
10753555
10757457
10759862
10759863
10762605
10763194
10763205
10763634
10763668
10765086
10769640
10769740
10772157
10772161
10774566
10774567
10774570
10774615
10774617
10774912
10776297
10778031
10781178
10785174
10785176
10785177
10785188
10785740
10786590
10787593
10787613
10787785
10788650
10790679
10790769
10790774
10790781
10790796
10790800
10790856
10791412
10791439
10791441
10791444
10794684
10795189
10796477
10799756
10802641
10802649
10803300
10803971
10804754
10804839
10805188
10806902
10807518
10807604
10808831
10809763
10810452
10810553
10810554
10810734
10810992
10812379
10816980
10817589
10821182
10822808
10825127
10826550
10829457
10837212
10839573
10840228
10845674
10845675
10845680
10851799
10854197
10854229
10854230
10854231
10854232
10854261
10854264
10854266
10854267
10856859
10856860
10856861
10856880
10856915
10856960
10856977
10856978
10856979
10856980
10856981
10856991
10857119
10858532
10860497
10860665
10862778
10862781
10862823
10862830
10862849
10862852
10862855
10862860
10862864
10862865
10864741
10864761
10864933
10865115
10865116
10865494
10865565
10867009
10868126
10868854
10868868
10868869
10869360
10869534
10869537
10869595
10870700
10870763
10870829
10872247
10872496
10872954
10875098
10875144
10875598
10879024
10879267
10879391
10879691
10880089
10880168
10880171
10880415
10880525
10880921
10880923
10883550
10883607
10886128
10886129
10886130
10886132
10886134
10886135
10886137
10886138
10887163
10887179
10887396
10889303
10889570
10890095
10893423
10895924
10896020
10896342
10896589
10897484
10897565
10897566
10897567
10897975
10898690
10898692
10898693
10898774
10898775
10898776
10898783
10898785
10898786
10898787
10898789
10899006
10899013
10899017
10899018
10901199
10901969
10905028
10914750
10914938
10915001
10915330
10918958
10919137
10919596
10920124
10920163
10920177
10920178
10920179
10922327
10922446
10922447
10927788
10928891
10928892
10929068
10929194
10929337
10929477
10930100
10930638
10931727
10938836
10939782
10939783
10939981
10939991
10945589
10945792
10946783
10946825
10946949
10947476
10947481
10947517
10947528
10947535
10947543
10947656
10948842
10949041
10956294
10958711
10962491
10962698
10962816
10966501
10966555
10972933
10973201
10973561
10985178
10985180
10985184
10996912
10997023
10997068
10997095
10997118
11010264
11012694
11013903
11013904
11014197
11015137
11016478
11021238
11022107
11023705
11024282
11024358
11024551
11027038
11027207
11034193
11034194
11035951
11035959
11036368
11037304
11037495
11037791
11039022
11039170
11039293
11039717
11040854
11041780
11041996
11042613
11043768
11046871
11046893
11046905
11046906
11047272
11048931
11048959
11049949
11049987
11051270
11051271
11052263
11052526
11055612
11055613
11055973
11056146
11056222
11056228
11056231
11059703
11059718
11059751
11059857
11059890
11059975
11059977
11060040
11060187
11060350
11060375
11060637
11060773
11060774
11060788
11060800
11060861
11060887
11060938
11060993
11061008
11061128
11061209
11061360
11061647
11061737
11061760
11061771
11061773
11061781
11061791
11061804
11061816
11061924
11061983
11062634
11062654
11062655
11062656
11062723
11062724
11062727
11062728
11062730
11062731
11064213
11065398
11068756
11069864
11069875
11069980
11070747
11070861
11071149
11071189
11071206
11071208
11071215
11071227
11071254
11071265
11071291
11071303
11071306
11071307
11071311
11071313
11071314
11071315
11071321
11071322
11071328
11071330
11071462
11071717
11071721
11071723
11071727
11071740
11071741
11071743
11071745
11071810
11072276
11075444
11076071
11077317
11083305
11085529
11085574
11085590
11085597
11086201
11086202
11088529
11088983
11089115
11089605
11089659
11089803
11089882
11090119
11090943
11091077
11091241
11091892
11092083
11092550
11092634
11092690
11092788
11094263
11094352
11094380
11095676
11096207
11101293
11101734
11104274
11105782
11105793
11111547
11114184
11117126
11117571
11118902
11133756
11134203
11134566
11137025
11137174
11137838
11138060
11141210
11146676
11146797
11146799
11146823
11146830
11146841
11147024
11147025
11148680
11149574
11152090
11152091
11153783
11153954
11156694
11156922
11157344
11157930
11160273
11165121
11165999
11166833
11167490
11169347
11169350
11169769
11169780
11170060
11170351
11171576
11171579
11173309
11173351
11174149
11174369
11174399
11174479
11174769
11175994
11176769
11176772
11177443
11177885
11178155
11178294
11178763
11179182
11179230
11179232
11179353
11179387
11179388
11179389
11179395
11179935
11180060
11185042
11185043
11185389
11187720
11191770
11191771
11191832
11191839
11191843
11191844
11191937
11191997
11194237
11194865
11195349
11198463
11198733
11199587
11199719
11199959
11199971
11199977
11200018
11200024
11200824
11203612
11203650
11204225
11208712
11213883
11213903
11213904
11213929
11215912
11217060
11217372
11217803
11217813
11217817
11217905
11217918
11219535
11220117
11221041
11221743
11223787
11224893
11224894
11224901
11224903
11224915
11224976
11224981
11225459
11226195
11227105
11227597
11227674
11228102
11228115
11228427
11228459
11228497
11228580
11228910
11229409
11229576
11230621
11230970
11231617
11232171
11232271
11233598
11233994
11234150
11234165
11234867
11235834
11236617
11237117
11237237
11237818
11237940
11239500
11239750
11239947
11239948
11242068
11242272
11242448
11242690
11243143
11243326
11243374
11243381
11246699
11250564
11250595
11250597
11250603
11250884
11251202
11252646
11252699
11252700
11252703
11252710
11252711
11252712
11252729
11252733
11252739
11252758
11252775
11254096
11256809
11260226
11260229
11260232
11260233
11260237
11260239
11260240
11260250
11260252
11260257
11260259
11260260
11260261
11260263
11260264
11260267
11260270
11260997
11261000
11261002
11261579
11261626
11262729
11263205
11264953
11265939
11270186
11274383
11274392
11274446
11274489
11274582
11279446
11279448
11279450
11286284
11287523
11287625
11299612
11300424
11305327
11315575
11315761
11315794
11315800
11315803
11315833
11316713
11316994
11317578
11317579
11317784
11318947
11321233
11321465
11321471
11322078
11323003
11324497
11327329
11327509
11327672
11329153
11330844
11330845
11331187
11332848
11332890
11333573
11333696
11335279
11336166
11337226
11337840
11338201
11338203
11338205
11338206
11338208
11338209
11339818
11342984
11346219
11346220
11347719
11347789
11351722
11351723
11351726
11354984
11356885
11357219
11358063
11358080
11358908
11358925
11358928
11359426
11360062
11360107
11360229
11360426
11360600
11360662
11360749
11360808
11362407
11362408
11364330
11364513
11364514
11364521
11364522
11364526
11364530
11364537
11364542
11364544
11364558
11364560
11364564
11364596
11364614
11364618
11364619
11364621
11364632
11364633
11364635
11364636
11364651
11364652
11364654
11364716
11368407
11369686
11369918
11370830
11371744
11372854
11373749
11374649
11375890
11375895
11376636
11377305
11378027
11379217
11381182
11383714
11384678
11385680
11387748
11387778
11388567
11389187
11389191
11389199
11389215
11390477
11390478
11390479
11390481
11390495
11390512
11390513
11390516
11391729
11393416
11394032
11394033
11397035
11397038
11397041
11397637
11398180
11398210
11399278
11399420
11402330
11403407
11403472
11403564
11404495
11405330
11405600
11406403
11407945
11409600
11409607
11409612
11410442
11410694
11410738
11410845
11411223
11411391
11411401
11411411
11411625
11411824
11411843
11412717
11413912
11414706
11415377
11416664
11416697
11416714
11416756
11416757
11416865
11416868
11417142
11417278
11417288
11417770
11417855
11417858
11417860
11417862
11417866
11417867
11417871
11417879
11423703
11423715
11425119
11426589
11427376
11427378
11427906
11428691
11430384
11430998
11431310
11433440
11435124
11436330
11436399
11438754
11442880
11442887
11442902
11442906
11442910
11442931
11442963
11443209
11444464
11445158
11445680
11447708
11447730
11450438
11450495
11450734
11451689
11452647
11453369
11454760
11454956
11454969
11454973
11454984
11454999
11455444
11456020
11456585
11456769
11458319
11458556
11459747
11462776
11462779
11462809
11463775
11464030
11464031
11464040
11464046
11464051
11469814
11470391
11470471
11470516
11471669
11471840
11471845
11471967
11472114
11474411
11475400
11475547
11475705
11476691
11476694
11476699
11476806
11476847
11478279
11481533
11483120
11483488
11484276
11484377
11484549
11484550
11488324
11488532
11491549
11492649
11492650
11492854
11494596
11494598
11494606
11495866
11496199
11499260
11500126
11500413
11500433
11502021
11502030
11502036
11502115
11502116
11506215
11507891
11509121
11509265
11509350
11509351
11509352
11509353
11511744
11511754
11511791
11512144
11513393
11517717
11519086
11519957
11521417
11521892
11521894
11522544
11522589
11522623
11524605
11524606
11524607
11524608
11525186
11526005
11526659
11526906
11527333
11528147
11528148
11528175
11528491
11529244
11529247
11529249
11529251
11529252
11529277
11529479
11533092
11533282
11533338
11533574
11533588
11533813
11534705
11535195
11535478
11535552
11537255
11538471
11538577
11540151
11540299
11541506
11542320
11542856
11543020
11548128
11548130
11548141
11548152
11549247
11549317
11550267
11551739
11552614
11553095
11553412
11553701
11553724
11557186
11557201
11557202
11557224
11558179
11563643
11564033
11564440
11564492
11564590
11565425
11565427
11565433
11565435
11565468
11565499
11565501
11565502
11565542
11565582
11566345
11567101
11567672
11570720
11573260
11574954
11575190
11575428
11575807
11575997
11575999
11576015
11576016
11576046
11576048
11578460
11578574
11578706
11578707
11579208
11582481
11582482
11584515
11585005
11585006
11585007
11586376
11588491
11592865
11594345
11594346
11594352
11594354
11595641
11598068
11598588
11600010
11600774
11600779
11600781
11600782
11600862
11600884
11602617
11603086
11603088
11605206
11605475
11606660
11606887
11606888
11607385
11607405
11607407
11607410
11608214
11608448
11608476
11609689
11610387
11610935
11610955
11610968
11611051
11612442
11612849
11612850
11612851
11613006
11613009
11613011
11613145
11613504
11614817
11617529
11617681
11618226
11619769
11619771
11623234
11624324
11625586
11626016
11627637
11627659
11627758
11628996
11629636
11629942
11629946
11629947
11629960
11630077
11630166
11630200
11630715
11631253
11631264
11632257
11632439
11632441
11632442
11635790
11635792
11635857
11636038
11636069
11636175
11636292
11636294
11636512
11636863
11636864
11636865
11636866
11636867
11637010
11637031
11637056
11637133
11637265
11637435
11637562
11637578
11637706
11637767
11637813
11637815
11637957
11638031
11638078
11638126
11638166
11638208
11638214
11638242
11638253
11638256
11638315
11638469
11638472
11638497
11638541
11638970
11639244
11639314
11641496
11643032
11643166
11643225
11643234
11643251
11643317
11643393
11643416
11643419
11643422
11643423
11643424
11643426
11643429
11643447
11643601
11643618
11643684
11643694
11643698
11643713
11643735
11643736
11643741
11643746
11643751
11644297
11653406
11653718
11654028
11661844
11661845
11664001
11664239
11665726
11668670
11676287
11677468
11677469
11677470
11679322
11679957
11681008
11681828
11682873
11682996
11683402
11683633
11687055
11687057
11687375
11688829
11689008
11689450
11690366
11690367
11690834
11690910
11691061
11692133
11692801
11696132
11696155
11696343
11696350
11696412
11697125
11697133
11697711
11697764
11701368
11702264
11702390
11702534
11703343
11703528
11703544
11704134
11704135
11704785
11705191
11705224
11705256
11705257
11705967
11706158
11707457
11707649
11707780
11709648
11711162
11711881
11712125
11713141
11713372
11713740
11713790
11713791
11713842
11713843
11716145
11718500
11718505
11718531
11719288
11719854
11720851
11721624
11721633
11721634
11723684
11723877
11725484
11725598
11725599
11725600
11725603
11725607
11725608
11725612
11725613
11725614
11725615
11725616
11725617
11725618
11725619
11725620
11725622
11725623
11725624
11725625
11725626
11725627
11725629
11725631
11725632
11725634
11725635
11725643
11726641
11729706
11729972
11730279
11730287
11730323
11730921
11731456
11733243
11733244
11733513
11734326
11734328
11734329
11734330
11734332
11734333
11734343
11735724
11737227
11738997
11740914
11742826
11744791
11745055
11746507
11746587
11746589
11749059
11750480
11752949
11753605
11753786
11754139
11755843
11756447
11757750
11757764
11757860
11761508
11764004
11764005
11764884
11770253
11772413
11774046
11774087
11774204
11775112
11776898
11778228
11778325
11781462
11781465
11782135
11783159
11783204
11783205
11783244
11787245
11787247
11787267
11787341
11789060
11789061
11791933
11795480
11795481
11795482
11796562
11796564
11797731
11798852
11804555
11805928
11806237
11806494
11806496
11806502
11806554
11807776
11808140
11808142
11808992
11809021
11809066
11809349
11810701
11810703
11810704
11810706
11810707
11810708
11810709
11810711
11810712
11810713
11810718
11810721
11810722
11810723
11810728
11810729
11810730
11810731
11810732
11810734
11810736
11810737
11810739
11810740
11810741
11810750
11810751
11810752
11810754
11810758
11810759
11810760
11815497
11817126
11819160
11819656
11819684
11823716
11823733
11825388
11826001
11826276
11826409
11826767
11830188
11831876
11832014
11832016
11832019
11832288
11833097
11833836
11833843
11833864
11833963
11834230
11834232
11834245
11834253
11834255
11834256
11836372
11836758
11836779
11837067
11837772
11844369
11844375
11844749
11844886
11845095
11845144
11845244
11846312
11846882
11847738
11848414
11849663
11850879
11851290
11851293
11857515
11857562
11858230
11864620
11864732
11864755
11864885
11864891
11864892
11864895
11864896
11864897
11864973
11865335
11867635
11873442
11875809
11875827
11877815
11878067
11878071
11878072
11878074
11878183
11879024
11879025
11880198
11881253
11884342
11884952
11885096
11885097
11885100
11891742
11891950
11892507
11892508
11892754
11892786
11892803
11892884
11892906
11893105
11897045
11898258
11900087
11900088
11900566
11902169
11907439
11907663
11908447
11908500
11916009
11917609
11919785
11920020
11920115
11920837
11921165
11922636
11922741
11922754
11924893
11925121
11926227
11926366
11927999
11928719
11928743
11928752
11936865
11938854
11938860
11938908
11939035
11939036
11939037
11939039
11939040
11939041
11939047
11939060
11939114
11939115
11939116
11939117
11939118
11939142
11939277
11939288
11939290
11939291
11939293
11939299
11939305
11939310
11939320
11939323
11939328
11939335
11939339
11939353
11939354
11939367
11939370
11939378
11939387
11939403
11939415
11939436
11939441
11939446
11939447
11939449
11939450
11939456
11939459
11939460
11939463
11939469
11939470
11940993
11942576
11942579
11943019
11943399
11943808
11944563
11945850
11946990
11947054
11947617
11948303
11948723
11949288
11949294
11952488
11952517
11955362
11955390
11955391
11955405
11955836
11956990
11957748
11957754
11957764
11957766
11957768
11957774
11959450
11959644
11959648
11959653
11960122
11961722
11963627
11964546
11964805
11964809
11966594
11966697
11967227
11967228
11967229
11967231
11967259
11967268
11967278
11967453
11967575
11967578
11967911
11968132
11968654
11970050
11972147
11973193
11973248
11973259
11973262
11973275
11973278
11973495
11974816
11974832
11974835
11974836
11974837
11974839
11974840
11974841
11974844
11974846
11974847
11974848
11974849
11974853
11974854
11974855
11974858
11974859
11974860
11974861
11974865
11974866
11974867
11974868
11974872
11974873
11974875
11974880
11974883
11974929
11980898
11982752
11982761
11982776
11983084
11983213
11984096
11984788
11986036
11986358
11986359
11986751
11986758
11986760
11986761
11987254
11987289
11990235
11990256
11990261
11992020
11993581
11998472
11998833
12000139
12000207
12001257
12002490
12005322
12006115
12007799
12008143
12008200
12008828
12011301
12011302
12011303
12011307
12011425
12012348
12012349
12012350
12013137
12013302
12014951
12015117
12015655
12015725
12017193
12017496
12017688
12018148
12024373
12024449
12026120
12027784
12027787
12027788
12027794
12027797
12032642
12032950
12033548
12033562
12033568
12033633
12033636
12033783
12033811
12033873
12033878
12033881
12033959
12035257
12035337
12035368
12035602
12035603
12035618
12035619
12038451
12043667
12043669
12044085
12044086
12044308
12045298
12045306
12048296
12049328
12050448
12051504
12053306
12053396
12053413
12056812
12059663
12061267
12063319
12064822
12065323
12065362
12065413
12068020
12068816
12069129
12069217
12069247
12069257
12069259
12069268
12069290
12069294
12069295
12069296
12069852
12069860
12069872
12069876
12069877
12069883
12070031
12070032
12070957
12071167
12074961
12077885
12078189
12083882
12084287
12084449
12086305
12086334
12086824
12088637
12088674
12088680
12088752
12088778
12091591
12095162
12102932
12103272
12103362
12104084
12104101
12106812
12110647
12111335
12114778
12118022
12118023
12118030
12118866
12121754
12121839
12122716
12123729
12123743
12124852
12125212
12126659
12126660
12126719
12126720
12126748
12126749
12126752
12126757
12126758
12127157
12128166
12128174
12135431
12135555
12135574
12135826
12136323
12136956
12138522
12144669
12145168
12145386
12145755
12145804
12145806
12145807
12145808
12145813
12145916
12146053
12146683
12148587
12149743
12150220
12150222
12150896
12151241
12151462
12152405
12152417
12153464
12153465
12154350
12163057
12172083
12173394
12173653
12173654
12177217
12183115
12183427
12183587
12183588
12183780
12184696
12190452
12190703
12192348
12193351
12194502
12195532
12195826
12196010
12196114
12199306
12199332
12199414
12199777
12199975
12201059
12202991
12203054
12203088
12203253
12203296
12203436
12203575
12203578
12203581
12203589
12203631
12203632
12203634
12203637
12203648
12203667
12204993
12207013
12207170
12209395
12209396
12209401
12209403
12209414
12209420
12209424
12209425
12209438
12209439
12209450
12209451
12209452
12209463
12209483
12209488
12209491
12209498
12209509
12209510
12209543
12209544
12209545
12209547
12209558
12209568
12209575
12209584
12209604
12209621
12209622
12209624
12209625
12209632
12209633
12209634
12209642
12209692
12209698
12209725
12209730
12209757
12209759
12209768
12209790
12209821
12210879
12216845
12217161
12217491
12217502
12218649
12219247
12222151
12223348
12223879
12223945
12224250
12225376
12225493
12226519
12226614
12231335
12232775
12232959
12233109
12233152
12233200
12233209
12233249
12233357
12236194
12237644
12245614
12249141
12253587
12253701
12261291
12263532
12263639
12265447
12267237
12267280
12267339
12268137
12269527
12270493
12271393
12271469
12273365
12273374
12273408
12273472
12273627
12273633
12274203
12275470
12275472
12275535
12275536
12277505
12277506
12277876
12277924
12278527
12280089
12280137
12280565
12280567
12280626
12281346
12283000
12285817
12285861
12285874
12290333
12290487
12291321
12294372
12294481
12295137
12296771
12303882
12314932
12314965
12319705
12319710
12319711
12319712
12321152
12322107
12324185
12325038
12325393
12326407
12326420
12326510
12326516
12326533
12326619
12326823
12329442
12330852
12331887
12332033
12332106
12332111
12332130
12332722
12332811
12332930
12333783
12334393
12334670
12334720
12334721
12334729
12334742
12334798
12335044
12335045
12335050
12335052
12335061
12335959
12336073
12339142
12341264
12341461
12341533
12343633
12343756
12344388
12344406
12344697
12347725
12348200
12348282
12348429
12348605
12348737
12349245
12349319
12349467
12350177
12350967
12350977
12351119
12352204
12352677
12359453
12359457
12359461
12359477
12359523
12360059
12363136
12363291
12363341
12363343
12365377
12365492
12367795
12369390
12372026
12372027
12375314
12376569
12377019
12377177
12379787
12379813
12379967
12379972
12379973
12380071
12380073
12380450
12381010
12383195
12384502
12386092
12388118
12389052
12389396
12389478
12389614
12389704
12389920
12389961
12389964
12392873
12393145
12393245
12393434
12395328
12395577
12395578
12395579
12395580
12395583
12396123
12396618
12396678
12396735
12396736
12396737
12396770
12396771
12396774
12397246
12397247
12397248
12397252
12398204
12398282
12398294
12398381
12399507
12400424
12400690
12400847
12405101
12405702
12406331
12407429
12408817
12409253
12409254
12410315
12413305
12414234
12414248
12414251
12414264
12414272
12416045
12416261
12417969
12420073
12421213
12421684
12421761
12421842
12424621
12425653
12425742
12425930
12425971
12425994
12425995
12425997
12425998
12426013
12426016
12426064
12426067
12426068
12427511
12429248
12430007
12432158
12432234
12433658
12434386
12435416
12435418
12435437
12435450
12435731
12435830
12435834
12435838
12435998
12436408
12436562
12437776
12441410
12441437
12443912
12443914
12443962
12445077
12445079
12446960
12450639
12451312
12451336
12451428
12451493
12451494
12452276
12453706
12453707
12454997
12454999
12455011
12455276
12455291
12455292
12455294
12455314
12455334
12458111
12459696
12461421
12461768
12462223
12462534
12462688
12463184
12463336
12463347
12464975
12466126
12466132
12466167
12466646
12466714
12466728
12466738
12466739
12466745
12466816
12466837
12466864
12469037
12469365
12473777
12474709
12474754
12474771
12476498
12476586
12476947
12477131
12477488
12477929
12478048
12480319
12480321
12481070
12481768
12481852
12481855
12482005
12482040
12482077
12482400
12483992
12488501
12488516
12489072
12491770
12495320
12495377
12496189
12497753
12497754
12498465
12498475
12498735
12498736
12499405
12499406
12500185
12503150
12503167
12504101
12504118
12504453
12506029
12507457
12507628
12510783
12512582
12513010
12513025
12513359
12514421
12514553
12514586
12514614
12514633
12514701
12514703
12514710
12514732
12514737
12514753
12514768
12514785
12514837
12514842
12514848
12514850
12514856
12514858
12514861
12514866
12514868
12514869
12514874
12514875
12514886
12514887
12514888
12514897
12514901
12514902
12514918
12514939
12514962
12514974
12514981
12515088
12515091
12515111
12515130
12515137
12515140
12515144
12515145
12515146
12515149
12515155
12515172
12515191
12515224
12515259
12515479
12521058
12521071
12521106
12521698
12521701
12522935
12523183
12523191
12530642
12530730
12532762
12532765
12533207
12533208
12533209
12533213
12533221
12533226
12533639
12533649
12533780
12533784
12533794
12533795
12533802
12533811
12533872
12533894
12535042
12536651
12541030
12541370
12541671
12543861
12546328
12546335
12546818
12547820
12547872
12547880
12547883
12547910
12547960
12547996
12548071
12548072
12548074
12548283
12548306
12548456
12549652
12549670
12549739
12550253
12551640
12552340
12552365
12552991
12553094
12553162
12553532
12553539
12556243
12556823
12557334
12557496
12557498
12557499
12557501
12557502
12557509
12559882
12560631
12562462
12565057
12566652
12568365
12568646
12568905
12568933
12568940
12569048
12569500
12570271
12573119
12573132
12573244
12573365
12573369
12573370
12573380
12573388
12573398
12574420
12574802
12575109
12578124
12578325
12578332
12578366
12578671
12579245
12579247
12579690
12580019
12581928
12582046
12582104
12582802
12583140
12584673
12585468
12585470
12586225
12586323
12586768
12592905
12592921
12593084
12593231
12593287
12593288
12598943
12599141
12600892
12607221
12609262
12610875
12613299
12613438
12616091
12616742
12619042
12619105
12619216
12619259
12619323
12619331
12619339
12619343
12619355
12619370
12619375
12619381
12619386
12619472
12619569
12619782
12619887
12619895
12619935
12619947
12619950
12620842
12621175
12623619
12626491
12628295
12628743
12631125
12632855
12637642
12638147
12638154
12640143
12642198
12645100
12645103
12645552
12645658
12646571
12647692
12648211
12649079
12653102
12653208
12656406
12656843
12656977
12657147
12657155
12657165
12657167
12663996
12663997
12663998
12664003
12664004
12664019
12664033
12664035
12664685
12664692
12664725
12664805
12664862
12665315
12665316
12665346
12665352
12665602
12666974
12668786
12668960
12669083
12669097
12669105
12669108
12669112
12669208
12669225
12669534
12669555
12669682
12669688
12669732
12669863
12670078
12670182
12670225
12670252
12670268
12670301
12670664
12670680
12672258
12672259
12672834
12672838
12672845
12672850
12673499
12675453
12675512
12675770
12675782
12675885
12679844
12679848
12679870
12680092
12682359
12683679
12683680
12689626
12689732
12690946
12691043
12692406
12694564
12695060
12695061
12695509
12696308
12698609
12698722
12698787
12700243
12700247
12702280
12702296
12704358
12706448
12707302
12707700
12708495
12708496
12708521
12711076
12711077
12711082
12711267
12711923
12712490
12712734
12715266
12715268
12715269
12715272
12715276
12715281
12715283
12715284
12715285
12715287
12715288
12715304
12715305
12715318
12715319
12715320
12715324
12715325
12715328
12715330
12715335
12715342
12715349
12715350
12715353
12715355
12715364
12715365
12715366
12715371
12715373
12715374
12715376
12715377
12715381
12715382
12717234
12720405
12721685
12728823
12731792
12731793
12732995
12733256
12733557
12733789
12733819
12734027
12734254
12734269
12734287
12734535
12734562
12735714
12735895
12738895
12741559
12741567
12741568
12741586
12741631
12741636
12741691
12741735
12741834
12741854
12741920
12742169
12742346
12742477
12742483
12742498
12742912
12742968
12743005
12743014
12743021
12743094
12743095
12743096
12743097
12743148
12743247
12743248
12743249
12743263
12743283
12743295
12743300
12743306
12743308
12743309
12743311
12743457
12743474
12743532
12743644
12743695
12745101
12747287
12752784
12752786
12752800
12752824
12752832
12753227
12753294
12753744
12761486
12761540
12769709
12772404
12773607
12774499
12774536
12774561
12774562
12774566
12774582
12774583
12777519
12780903
12780915
12784302
12784382
12784568
12784674
12784709
12785785
12785890
12787412
12787609
12787848
12789917
12790386
12790586
12791163
12791997
12792094
12792145
12792230
12792409
12792421
12801587
12817408
12817410
12817411
12817418
12817419
12817420
12817421
12817422
12817423
12817426
12817430
12817431
12817435
12817440
12817441
12817445
12817446
12817447
12817448
12817449
12817451
12817452
12817453
12817456
12817459
12817462
12817465
12817466
12817470
12817474
12817475
12817477
12817478
12817480
12817482
12817483
12817484
12817485
12817486
12817487
12817507
12817508
12817510
12817511
12817512
12817515
12817518
12817519
12817521
12817523
12817525
12817527
12817528
12817529
12817530
12817533
12817541
12817545
12817546
12817547
12817549
12817554
12817565
12817566
12817567
12817569
12817571
12817572
12827292
12827306
12829339
12829340
12829342
12829343
12829344
12829349
12829351
12829353
12829355
12829356
12829359
12829360
12829361
12829364
12829365
12829366
12829367
12829371
12829372
12829375
12829376
12829380
12829381
12829382
12829390
12829391
12829398
12829400
12829401
12829402
12829403
12829405
12829407
12829408
12829411
12829414
12829415
12829416
12829419
12829424
12829436
12829437
12829445
12829448
12829457
12829462
12829463
12829470
12829471
12829473
12829478
12829481
12829482
12829485
12829488
12829489
12829490
12829496
12829497
12829504
12829505
12829512
12829520
12829522
12829526
12829534
12829536
12829546
12829552
12829557
12829558
12829560
12829563
12829564
12829567
12829568
12829570
12829586
12829595
12829596
12829597
12829599
12829601
12829603
12829605
12829606
12829609
12829610
12829614
12829615
12829616
12829617
12829618
12829619
12829620
12829623
12829629
12829631
12829638
12829639
12829642
12829645
12829687
12829688
12829689
12829696
12829698
12829701
12829704
12829705
12829706
12829708
12829709
12829710
12829711
12829713
12829718
12829719
12829722
12829723
12829725
12829729
12829730
12829731
12829735
12829746
12829749
12829769
12829770
12829774
12829781
12829782
12829783
12829784
12829792
12829793
12829794
12829795
12829796
12829803
12829804
12829805
12831733
12838773
12843856
12844760
12845674
12847011
12860083
12864051
12864394
12866904
12866905
12866906
12866907
12868077
12871453
12871483
12871605
12871645
12871763
12871782
12871790
12871819
12871826
12872739
12877968
12882475
12884668
12887533
12889979
12893876
12895095
12895469
12897284
12897528
12897554
12897556
12897618
12899080
12899305
12899447
12899576
12899587
12900129
12900885
12901747
12901753
12901947
12902354
12904466
12905351
12905666
12905813
12905917
12909380
12913854
12913918
12915197
12916127
12919949
12920033
12922385
12923057
12923081
12923278
12923342
12923589
12923704
12923860
12923896
12925603
12925827
12925902
12926496
12926497
12928821
12929522
12930760
12933562
12939682
12953722
12955920
12956506
12956589
12956694
12956726
12956769
12956792
12956818
12957153
12957683
12957684
12957962
12958012
12958139
12958216
12958217
12958587
12958643
12958722
12960193
12961477
12961641
12961647
12962629
12962763
12963718
12963719
12964734
12968326
12968914
12969886
12974064
12975263
12975264
12975265
12975266
12975274
12975741
12976272
12976324
12977240
12982437
12984234
12984745
12985030
12989831
12990783
12991640
12992173
12992236
12992245
12992829
12992940
12993106
12993168
12995323
12995755
13003082
13003116
13003211
13004338
13006368
13006488
13011493
13011796
13011919
13012148
13012207
13013186
13013206
13013207
13013208
13013209
13013213
13013216
13017613
13019921
13019963
13019965
13019998
13027262
13033787
13033789
13034529
13036291
13039234
13039235
13041581
13044186
13047535
13047717
13048104
13048299
13048341
13049377
13050124
13050499
13051976
13051981
13051983
13056736
13058234
13058383
13058386
13058472
13058534
13059436
13059462
13059478
13059546
13059547
13059633
13059687
13059694
13059701
13059747
13059930
13059957
13060031
13060056
13060057
13060059
13060060
13060061
13060062
13060063
13060134
13060154
13060155
13060162
13060163
13060164
13060482
13060681
13060734
13061811
13063820
13063857
13064290
13064354
13064364
13064365
13064369
13064381
13064384
13064385
13064386
13064388
13064393
13064400
13064429
13064460
13064516
13066061
13066062
13066065
13066066
13066067
13066068
13066070
13066071
13066072
13066076
13066077
13066078
13070195
13070526
13070987
13071192
13071288
13071361
13071380
13071398
13071700
13071701
13071826
13073131
13073176
13074829
13075034
13075139
13077308
13078860
13079190
13079341
13079351
13079461
13079811
13079845
13079851
13079882
13080407
13080436
13088613
13091706
13092307
13092483
13092902
13093028
13093153
13093713
13093975
13093977
13094006
13094055
13094652
13095120
13097201
13099074
13099088
13100620
13104653
13106988
13111316
13112029
13112030
13112031
13112035
13112036
13112047
13112048
13112052
13112053
13112054
13112060
13112296
13112402
13112403
13112411
13112849
13112911
13112969
13113123
13115275
13116238
13117981
13118629
13120981
13121187
13121852
13122449
13122450
13122864
13123527
13123538
13124663
13125143
13125478
13125479
13129479
13134187
13136567
13137559
13137756
13139487
13139488
13139490
13139551
13139716
13140294
13140833
13145745
13145755
13145833
13146074
13146181
13146479
13146595
13146599
13146603
13146616
13146617
13146631
13146634
13146636
13146648
13146680
13146687
13146701
13146714
13146715
13146763
13146764
13146774
13146778
13146780
13146791
13146792
13146857
13147718
13148275
13148279
13148289
13149223
13149245
13149325
13149467
13149818
13149862
13149881
13149897
13149943
13149944
13150222
13150223
13150224
13150910
13150965
13151177
13151872
13152094
13152224
13152377
13152827
13152884
13152937
13153562
13153563
13153565
13153589
13153595
13153596
13153600
13153602
13153608
13153615
13153616
13153621
13153795
13154372
13154374
13155197
13155219
13156752
13156753
13157811
13158432
13160192
13161402
13161974
13163811
13163963
13164115
13164815
13167127
13167135
13167572
13167580
13169118
13169322
13169326
13169428
13170181
13170182
13170279
13170408
13170583
13170825
13170923
13170941
13170942
13170959
13170980
13171335
13171342
13171343
13174623
13182288
13184630
13185250
13185294
13185473
13186222
13187465
13188775
13189280
13189281
13192082
13192902
13192937
13195094
13196400
13196412
13196484
13199251
13199257
13199327
13199328
13199454
13199587
13200203
13200204
13202347
13202375
13207439
13210651
13210729
13212265
13213300
13213306
13213331
13213451
13213576
13213944
13215681
13216484
13216870
13216930
13217257
13217260
13217267
13217273
13217276
13217278
13217282
13217286
13217287
13217292
13217296
13217297
13217305
13217310
13217315
13217319
13217320
13220460
13220735
13220796
13221725
13221752
13223875
13224491
13224492
13224518
13224553
13227767
13228283
13228285
13230285
13230572
13232598
13236150
13236963
13238560
13240387
13240529
13240543
13240544
13240546
13240547
13240548
13240549
13240551
13240559
13240562
13240567
13240568
13240570
13240571
13240574
13240577
13240584
13240586
13240587
13240590
13240594
13240646
13240686
13240687
13240691
13240699
13240700
13241865
13242366
13242444
13242565
13242924
13245367
13245758
13246536
13248991
13249480
13249591
13250835
13251979
13252357
13252394
13252699
13256918
13258486
13259234
13259401
13259751
13260881
13260883
13260957
13261990
13262126
13262145
13263547
13264167
13264721
13266503
13267859
13268674
13269259
13269479
13269777
13270712
13270781
13271869
13271888
13273296
13273693
13277371
13277374
13277376
13277462
13277463
13280654
13280771
13280893
13281835
13281838
13281844
13281956
13284216
13284642
13284652
13284672
13287136
13287272
13290158
13290172
13294370
13295393
13297788
13300394
13300425
13300444
13300517
13300518
13300520
13300521
13300524
13300525
13300526
13300528
13300529
13300535
13300588
13301390
13301516
13304268
13304977
13305049
13305051
13305061
13306277
13306684
13307738
13308379
13310043
13310147
13310379
13310395
13310424
13310438
13310466
13311924
13313447
13313448
13313449
13318047
13318294
13318831
13318833
13318928
13321870
13322963
13323033
13324398
13326033
13326091
13327896
13328368
13328968
13330947
13330981
13331226
13333231
13336614
13336616
13337166
13337596
13337961
13337967
13337986
13338004
13338005
13338013
13338017
13338018
13338024
13338025
13338044
13338205
13338264
13339912
13343069
13343070
13343071
13343077
13343078
13343080
13343083
13343338
13343562
13343563
13343695
13343749
13343751
13343944
13343945
13344727
13345623
13347302
13347568
13351489
13352306
13354043
13358181
13359733
13361922
13363171
13363321
13363326
13363617
13364888
13364889
13364890
13364902
13364906
13364926
13364976
13364977
13364978
13365009
13367418
13367602
13369101
13369173
13371168
13371285
13371419
13371773
13371799
13372532
13379996
13379997
13379998
13382904
13384297
13384298
13384301
13384302
13384305
13386017
13386019
13386020
13386021
13386022
13388222
13389284
13389286
13389315
13389362
13390896
13391059
13391884
13391940
13392394
13394313
13394374
13394707
13395056
13395433
13395801
13396125
13396293
13396391
13396647
13397304
13397616
13399712
13399793
13399901
13401497
13401736
13401762
13403452
13403494
13403497
13403499
13403502
13403513
13403525
13403528
13403531
13403534
13403538
13403545
13403548
13403550
13403551
13403552
13403553
13403559
13404541
13405124
13407752
13407753
13407754
13408002
13408610
13408617
13410937
13411494
13412175
13412178
13413576
13413648
13415477
13416898
13417310
13417619
13417628
13419325
13422070
13423882
13425128
13425134
13427259
13427261
13428014
13428410
13429832
13430726
13430728
13432270
13433732
13433766
13433907
13433934
13434863
13434913
13435048
13435050
13435051
13435901
13435941
13435951
13436066
13436966
13437479
13437682
13442148
13442157
13442169
13442175
13442176
13442237
13442272
13442273
13442280
13442287
13442291
13442358
13443084
13443096
13443149
13443434
13443435
13443436
13443450
13443482
13443836
13445040
13445594
13445846
13445857
13445881
13446051
13446824
13446867
13449864
13449930
13449934
13449946
13449949
13449951
13450571
13450777
13450894
13451090
13451475
13451899
13452305
13453291
13453293
13453294
13453502
13454681
13454761
13458972
13458987
13459065
13459970
13462608
13462649
13463850
13464384
13464465
13464502
13464511
13466182
13466187
13466727
13470982
13474069
13477186
13477383
13478680
13479476
13479648
13479998
13480136
13480221
13480494
13480512
13481063
13481109
13481149
13481326
13481722
13482032
13482459
13482486
13482714
13482835
13483073
13483338
13484524
13484533
13484605
13484783
13484796
13485421
13485587
13485732
13485790
13486036
13486411
13490466
13490717
13492363
13493741
13494233
13494234
13494235
13494236
13496551
13497493
13498561
13499842
13501113
13501471
13501798
13501873
13504364
13504384
13504734
13505142
13505143
13505148
13505161
13505347
13505433
13506314
13509105
13509175
13510675
13510899
13512691
13517681
13517992
13518456
13519380
13520342
13520426
13520431
13520432
13520439
13520441
13520476
13524329
13524564
13524658
13524659
13524748
13525195
13525311
13525331
13525641
13525900
13526247
13526330
13526400
13527464
13527560
13528615
13529047
13529049
13532489
13533385
13533386
13533387
13533629
13534179
13534494
13535510
13536066
13536229
13536306
13536391
13536392
13536402
13536403
13539639
13539682
13539910
13539964
13540083
13542769
13542969
13542971
13543214
13544036
13544556
13544560
13544617
13544622
13544939
13544940
13544943
13545735
13545736
13547477
13547479
13547481
13547482
13548164
13548375
13548407
13548494
13548757
13548768
13550997
13551001
13553998
13557006
13557025
13557113
13557132
13557288
13557339
13557448
13558212
13558250
13558748
13558753
13558756
13558758
13558765
13559503
13559930
13560284
13564911
13570012
13570021
13572893
13572911
13572912
13572918
13574219
13574621
13574634
13574635
13574636
13577093
13577094
13581215
13583953
13584294
13584494
13584860
13586174
13586354
13586363
13590443
13591727
13596400
13596576
13598433
13598444
13601047
13602162
13603324
13606531
13607077
13608894
13609042
13609059
13611686
13611689
13611690
13611694
13611695
13612828
13615006
13615327
13616376
13617018
13618089
13618117
13618123
13620137
13622136
13624137
13624377
13624381
13626163
13627295
13628260
13629674
13630841
13630863
13630949
13630952
13630954
13630955
13630957
13630962
13630966
13630967
13630972
13630989
13630990
13630992
13630993
13630994
13630996
13630997
13630999
13631000
13631001
13631003
13631004
13631006
13631009
13631010
13631017
13631019
13631021
13631022
13631037
13631040
13631046
13631051
13631149
13631159
13631176
13631295
13631299
13631309
13631310
13631311
13631471
13631497
13631502
13631503
13631507
13631508
13631509
13631510
13631514
13631556
13631574
13631576
13631579
13631584
13631604
13631652
13631654
13631672
13631919
13633133
13633402
13633418
13634089
13634206
13636814
13636868
13638502
13645888
13646377
13653293
13654965
13657941
13657949
13658322
13658733
13661996
13664138
13670832
13670992
13671114
13671189
13674077
13675673
13675674
13675675
13675936
13676110
13676629
13676786
13677623
13677916
13678268
13678301
13678695
13679392
13681138
13682210
13682429
13683686
13683688
13684324
13688196
13689009
13690190
13690409
13690428
13690477
13690614
13691248
13694563
13695256
13695565
13695956
13695958
13696663
13697912
13698033
13699053
13702576
13704424
13705590
13710166
13716238
13716619
13716789
13716820
13717268
13717269
13718459
13718460
13719400
13720444
13721219
13721883
13721898
13723201
13724131
13724623
13724627
13726240
13726658
13726668
13726843
13726888
13726901
13726904
13727909
13727922
13727929
13728879
13730041
13730614
13731656
13732504
13734051
13734264
13734268
13735210
13736211
13736870
13736921
13739295
13740186
13740607
13741439
13741448
13746221
13747602
13748682
13750042
13750043
13751939
13753060
13753183
13755910
13756288
13756336
13759119
13760247
13760564
13760666
13761010
13761263
13762098
13762706
13764067
13764412
13765011
13765214
13765234
13765386
13765391
13765598
13765652
13765772
13765779
13765780
13765781
13765783
13765788
13765790
13765795
13765796
13765800
13765817
13765876
13765883
13767096
13767675
13768183
13768686
13771451
13773626
13773644
13773653
13774235
13774237
13774808
13775373
13778654
13778660
13779397
13781077
13781751
13781758
13781759
13781770
13781772
13781778
13781898
13782103
13783557
13783951
13783963
13783965
13784038
13784465
13789105
13789547
13789606
13789811
13789892
13789920
13789922
13790120
13791000
13791349
13794705
13794725
13795211
13799057
13800841
13801157
13801165
13801167
13802814
13802991
13803807
13804067
13804070
13804074
13804076
13804077
13804434
13804575
13804608
13804617
13805026
13806071
13806798
13806800
13807247
13807248
13807249
13807250
13807254
13807258
13808846
13808850
13808852
13808855
13808976
13809041
13809114
13815834
13818259
13818280
13818560
13818581
13818597
13818630
13818633
13818679
13818719
13818867
13818882
13818896
13818936
13818948
13819010
13819019
13819021
13819023
13819032
13819034
13819049
13819052
13819063
13819066
13819080
13819082
13819094
13819100
13819102
13819113
13819116
13819138
13819183
13819210
13819211
13819212
13819215
13819217
13819220
13819222
13819223
13819253
13819254
13819258
13819262
13819266
13819275
13819276
13819277
13819278
13819283
13819284
13819285
13819286
13819295
13819300
13819302
13819322
13819326
13819334
13819335
13819352
13819370
13819403
13819422
13819457
13819459
13819471
13819480
13819485
13819487
13819494
13819496
13819499
13819500
13819505
13819507
13819513
13819520
13819521
13819530
13819532
13819533
13819537
13819545
13819546
13819550
13819554
13819555
13819556
13819562
13819566
13819567
13819571
13819577
13819578
13819583
13819600
13819603
13819606
13819615
13819629
13819630
13819633
13819640
13819672
13819717
13819738
13819747
13819757
13819765
13819774
13819782
13819786
13819802
13819842
13820258
13820360
13825125
13825315
13827208
13828383
13828387
13828423
13829652
13829663
13830393
13830394
13832126
13832313
13832369
13832417
13837489
13839903
13839904
13839906
13839909
13840530
13840532
13840533
13840536
13840545
13840912
13842049
13842050
13843208
13843503
13843504
13844480
13845016
13845115
13845179
13846180
13850947
13851527
13851657
13851817
13851861
13851863
13852309
13854075
13854234
13854237
13854627
13854683
13854689
13854868
13859583
13859584
13859860
13859867
13860065
13860978
13861102
13861361
13861998
13862019
13862039
13862043
13862052
13862192
13862193
13865043
13865438
13867095
13869318
13869325
13871245
13872344
13872369
13872527
13872671
13872900
13872910
13872917
13873016
13873358
13873449
13873576
13873584
13873610
13873723
13873975
13874262
13874279
13874412
13874457
13874555
13874593
13874634
13874903
13874995
13875002
13875004
13875029
13875030
13875038
13875049
13875070
13875078
13875079
13875085
13875086
13875092
13875756
13878019
13890501
13891158
13896426
13896846
13897958
13898863
13900233
13901657
13904731
13904748
13904996
13906775
13906922
13907610
13908579
13908779
13909708
13911862
13912629
13914826
13916243
13917630
13918628
13920866
13924243
13924675
13925255
13925328
13928073
13928193
13928213
13928219
13929579
13931259
13932830
13933301
13934763
13934765
13934778
13934945
13934982
13935506
13936951
13938124
13938937
13941170
13942294
13942317
13942413
13947468
13950597
13950682
13950732
13952211
